Q9I324	Q9UNT4
Q9I324	Q9NTK8
Q9I324	Q2M3B4
Q9I324	Q99075
Q9I324	Q8N5A4
Q9I324	Q5T3P9
Q9I324	Q9UD95
Q9I324	Q9NRF7
Q9I324	Q9HD25
Q9I324	P39019
Q9I324	Q99731
Q9I324	Q6IBN3
Q9I324	Q9Y5U3
Q9I324	O00626
Q9I324	Q9NUW3
Q9I324	O14562
Q9I324	Q9NZK2
Q9I324	Q96A97
Q9I324	Q9UKL8
Q9I324	Q8WW75
Q9I324	Q9UHA0
Q9I324	Q9BUD7
Q9I324	Q92840
Q9I324	Q6IAU6
Q9I324	Q9UC24
Q9I324	Q9UD85
Q9I324	Q7Z746
Q9I324	Q9UPS1
Q9I324	Q9UJM3
Q9I324	Q93068
Q9I324	Q53ZV4
Q9I324	Q9NWD2
Q9I324	Q9UHK9
Q9I324	Q9UQ18
Q9I324	Q9H682
Q9I324	Q9UHD1
Q9I324	Q96P20
Q9I324	Q9BU31
Q9I324	Q92524
Q9I324	Q569J6
Q9I324	Q96MX6
Q9I324	Q96I68
Q9I324	Q9UMM7
Q9I324	Q6GS87
Q9I324	Q9UNL1
Q9I324	Q9H3V5
Q9I324	Q9H060
Q9I324	Q5VTW4
Q9I324	Q56A88
Q9I324	Q9UNJ1
Q9I324	Q99664
Q9I324	Q6NZ77
Q9I324	Q8IVA6
Q9I324	A0A3B3ISY8
Q9I324	Q9NP28
Q9I324	Q9UM14
Q9I324	Q9UPH4
Q9I324	Q9UCW4
Q9I324	Q9BTD4
Q9I324	Q9BR78
Q9I324	E9PI54
Q9I324	Q9BZY3
Q9I324	Q86W08
Q9I324	Q9HAP4
Q9I324	P43405
Q9I324	Q9UC99
Q9I324	Q6LDS9
Q9I324	Q9UDI2
Q9I324	Q17RZ2
Q9I324	Q9UK67
Q9I324	Q8NHW4
Q9I324	Q6WWJ7
Q9I324	Q9UDF3
Q9I324	Q9Y659
Q9I324	Q6IBM4
Q9I324	O15145
Q9I324	Q9HC29
Q9I324	Q96J69
Q9I324	Q9UJB1
Q9I324	Q00007
Q9I324	R4I4T5
Q9I324	Q96E97
Q9I324	A0A087X089
Q9I324	Q9H1Z5
Q9I324	Q9Y4G5
Q9I324	Q6LD15
Q9I324	Q9UCS0
