Q9I324	Q8N5C5	0.000
Q9I324	Q5T963	0.000
Q9I324	Q9UQR3	0.000
Q9I324	Q9UNT4	1.000
Q9I324	Q9UQF0	0.000
Q9I324	Q5JYJ8	0.000
Q9I324	Q9UQ13	0.000
Q9I324	Q9NTK8	1.000
Q9I324	Q53XZ1	0.000
Q9I324	Q24JU2	0.000
Q9I324	O75689	0.000
Q9I324	Q9BVQ5	0.000
Q9I324	Q96SI8	0.000
Q9I324	Q99842	0.000
Q9I324	P29460	0.000
Q9I324	Q9UJY3	0.000
Q9I324	Q9P092	0.000
Q9I324	Q96I12	0.000
Q9I324	Q9UKP4	0.000
Q9I324	Q9P2T7	0.000
Q9I324	Q9NRH9	0.000
Q9I324	Q2M3B4	1.000
Q9I324	Q9H8Y2	0.000
Q9I324	Q9UKX7	0.000
Q9I324	Q9XRX2	0.000
Q9I324	Q8NG40	0.000
Q9I324	Q99075	1.000
Q9I324	Q8N5A4	1.000
Q9I324	Q59FY0	0.000
Q9I324	Q9NR61	0.000
Q9I324	P21854	0.000
Q9I324	Q45F09	0.000
Q9I324	Q86X73	0.000
Q9I324	Q93004	0.000
Q9I324	Q9UMR1	0.000
Q9I324	Q96K94	0.000
Q9I324	Q13485	0.000
Q9I324	Q9NU86	0.000
Q9I324	Q9H9Y6	0.000
Q9I324	Q9NT04	0.000
Q9I324	Q9UIF2	0.000
Q9I324	Q96DK5	0.000
Q9I324	Q6ISB5	0.000
Q9I324	Q9UDA8	0.000
Q9I324	Q53XP7	0.000
Q9I324	Q9P2P2	0.000
Q9I324	Q5T3P9	1.000
Q9I324	Q13347	0.000
Q9I324	Q9ULW1	0.000
Q9I324	Q9XS10	0.000
Q9I324	Q9Y3M2	0.000
Q9I324	Q6FGF5	0.000
Q9I324	Q9UMA3	0.000
Q9I324	Q9H5V3	0.000
Q9I324	Q9BXR6	0.000
Q9I324	Q15282	0.000
Q9I324	Q8N191	0.000
Q9I324	Q9Y218	0.000
Q9I324	Q9C005	0.000
Q9I324	Q9UC57	0.000
Q9I324	Q9UD95	1.000
Q9I324	Q96FB0	0.000
Q9I324	Q96H59	0.000
Q9I324	Q9H0S0	0.000
Q9I324	Q9Y6B6	0.000
Q9I324	Q96HD7	0.000
Q9I324	Q96H62	0.000
Q9I324	Q5PSV3	0.000
Q9I324	Q6FG61	0.000
Q9I324	Q9GZP0	0.000
Q9I324	Q9UJM4	0.000
Q9I324	H3BQD8	0.000
Q9I324	Q9HAK8	0.000
Q9I324	Q5U098	0.000
Q9I324	O95657	0.000
Q9I324	Q9BWL1	0.000
Q9I324	Q9UQ90	0.000
Q9I324	Q99683	0.000
Q9I324	Q9NRF7	1.000
Q9I324	Q96BD9	0.000
Q9I324	P22301	0.000
Q9I324	Q4ZGJ6	0.000
Q9I324	Q6PJZ7	0.000
Q9I324	Q9XRZ2	0.000
Q9I324	Q9HD25	1.000
Q9I324	Q9BU64	0.000
Q9I324	Q9NYB8	0.000
Q9I324	Q99767	0.000
Q9I324	Q9BWE5	0.000
Q9I324	Q6FI99	0.000
Q9I324	Q9UJW4	0.000
Q9I324	Q9NST7	0.000
Q9I324	Q96DH1	0.000
Q9I324	Q9UJX6	0.000
Q9I324	Q96D10	0.000
Q9I324	Q96NS4	0.000
Q9I324	Q9UL53	0.000
Q9I324	Q7Z5G6	0.000
Q9I324	Q7M4M5	0.000
Q9I324	Q8IXL4	0.000
Q9I324	Q9BR62	0.000
Q9I324	Q9UCU1	0.000
Q9I324	Q9NZX9	0.000
Q9I324	A6NFM0	0.000
Q9I324	Q9UMJ5	0.000
Q9I324	Q9BV24	0.000
Q9I324	Q9H6T3	0.000
Q9I324	Q9H1K4	0.000
Q9I324	Q9UKD2	0.000
Q9I324	P39019	1.000
Q9I324	Q9P2F2	0.000
Q9I324	Q96IP8	0.000
Q9I324	Q92633	0.000
Q9I324	Q9H070	0.000
Q9I324	Q8IYD6	0.000
Q9I324	Q9DAE4	0.000
Q9I324	Q99608	0.000
Q9I324	Q9BTL5	0.000
Q9I324	Q969R3	0.000
Q9I324	Q6GRF8	0.000
Q9I324	Q9UJ69	0.000
Q9I324	Q9UKV0	0.000
Q9I324	Q9UBU8	0.000
Q9I324	P05386	0.000
Q9I324	Q9Y5V2	0.000
Q9I324	P16333	0.000
Q9I324	Q8IXU7	0.000
Q9I324	Q9UDK0	0.000
Q9I324	Q9ULS8	0.000
Q9I324	Q9NZA8	0.000
Q9I324	Q9Y5L1	0.000
Q9I324	Q6FHC2	0.000
Q9I324	P78560	0.000
Q9I324	Q93096	0.000
Q9I324	Q86WH0	0.000
Q9I324	Q9H549	0.000
Q9I324	Q6FHX3	0.000
Q9I324	Q52LT4	0.000
Q9I324	Q5W0H3	0.000
Q9I324	P04271	0.000
Q9I324	Q14D91	0.000
Q9I324	Q9ULE9	0.000
Q9I324	Q99731	1.000
Q9I324	Q9UE83	0.000
Q9I324	Q587I7	0.000
Q9I324	Q16027	0.000
Q9I324	Q9UFX3	0.000
Q9I324	Q29640	0.000
Q9I324	V9GYT4	0.000
Q9I324	Q8TE57	0.000
Q9I324	Q8TAJ6	0.000
Q9I324	Q9UQM2	0.000
Q9I324	Q2HIZ6	0.000
Q9I324	Q8TBL9	0.000
Q9I324	Q8WZB4	0.000
Q9I324	Q9UC41	0.000
Q9I324	Q8WW64	0.000
Q9I324	Q15778	0.000
Q9I324	Q08752	0.000
Q9I324	Q96HD3	0.000
Q9I324	Q5TZU9	0.000
Q9I324	Q15831	0.000
Q9I324	Q8N5L4	0.000
Q9I324	Q96NT2	0.000
Q9I324	Q16841	0.000
Q9I324	Q9UDJ6	0.000
Q9I324	Q9NYA8	0.000
Q9I324	Q16644	0.000
Q9I324	Q9UC32	0.000
Q9I324	Q5EE02	0.000
Q9I324	Q6IPH1	0.000
Q9I324	Q6IAT3	0.000
Q9I324	Q9UJX2	0.000
Q9I324	Q86UF1	0.000
Q9I324	Q9UQU7	0.000
Q9I324	Q9Y6X0	0.000
Q9I324	Q9UG19	0.000
Q9I324	Q9Y386	0.000
Q9I324	Q9Y279	0.000
Q9I324	Q53YV0	0.000
Q9I324	Q502Z6	0.000
Q9I324	Q5T1U0	0.000
Q9I324	Q8N1A4	0.000
Q9I324	Q9UC69	0.000
Q9I324	Q9BVT3	0.000
Q9I324	Q53TU5	0.000
Q9I324	Q8NI95	0.000
Q9I324	Q9Y399	0.000
Q9I324	Q9CUV7	0.000
Q9I324	Q96KQ6	0.000
Q9I324	Q9UND5	0.000
Q9I324	Q9BWN6	0.000
Q9I324	Q9UKZ3	0.000
Q9I324	Q9H2F2	0.000
Q9I324	Q9UQN5	0.000
Q9I324	Q6IBN3	1.000
Q9I324	Q8IWZ1	0.000
Q9I324	Q9JLY1	0.000
Q9I324	Q9Y3B3	0.000
Q9I324	Q9NV63	0.000
Q9I324	Q9Y4X2	0.000
Q9I324	Q9UCG6	0.000
Q9I324	Q9UCS7	0.000
Q9I324	Q15819	0.000
Q9I324	Q9Y5U3	1.000
Q9I324	O95631	0.000
Q9I324	Q96IA3	0.000
Q9I324	Q6QEF7	0.000
Q9I324	Q9UDA7	0.000
Q9I324	Q8NHB2	0.000
Q9I324	Q5W131	0.000
Q9I324	Q9BY44	0.000
Q9I324	Q9BWA3	0.000
Q9I324	Q9UPF6	0.000
Q9I324	Q96D14	0.000
Q9I324	Q9UN32	0.000
Q9I324	Q16197	0.000
Q9I324	Q9UN56	0.000
Q9I324	Q9UM82	0.000
Q9I324	Q9Y2P3	0.000
Q9I324	Q9UQB8	0.000
Q9I324	O00626	1.000
Q9I324	Q8TE56	0.000
Q9I324	Q5JV56	0.000
Q9I324	Q52LW0	0.000
Q9I324	Q9Y254	0.000
Q9I324	Q6NZI3	0.000
Q9I324	Q9UHJ2	0.000
Q9I324	Q2M1Z4	0.000
Q9I324	Q9H965	0.000
Q9I324	Q96MG9	0.000
Q9I324	Q5TCM3	0.000
Q9I324	Q9Y243	0.000
Q9I324	Q96D85	0.000
Q9I324	Q86Y61	0.000
Q9I324	Q9UCI9	0.000
Q9I324	Q8IXI4	0.000
Q9I324	Q9UD93	0.000
Q9I324	Q92534	0.000
Q9I324	Q9NQT2	0.000
Q9I324	P62249	0.000
Q9I324	Q6IBN5	0.000
Q9I324	Q13652	0.000
Q9I324	Q9BWQ9	0.000
Q9I324	Q9HCP1	0.000
Q9I324	Q969R0	0.000
Q9I324	Q96BJ7	0.000
Q9I324	Q8IYI6	0.000
Q9I324	Q9UPY6	0.000
Q9I324	Q8TDX0	0.000
Q9I324	Q99880	0.000
Q9I324	Q9NWB7	0.000
Q9I324	Q9NUW3	1.000
Q9I324	Q9UPX1	0.000
Q9I324	P52566	0.000
Q9I324	Q13809	0.000
Q9I324	Q9BVY6	0.000
Q9I324	Q6NX41	0.000
Q9I324	Q8IW22	0.000
Q9I324	Q9NXK2	0.000
Q9I324	Q9BYU0	0.000
Q9I324	Q92569	0.000
Q9I324	Q9UKU7	0.000
Q9I324	Q9H0U1	0.000
Q9I324	Q9Y361	0.000
Q9I324	Q9UBF8	0.000
Q9I324	P31323	0.000
Q9I324	Q9UH35	0.000
Q9I324	Q5TC33	0.000
Q9I324	Q00534	0.000
Q9I324	Q99556	0.000
Q9I324	P15169	0.000
Q9I324	Q9BYF6	0.000
Q9I324	Q12954	0.000
Q9I324	Q8WTZ6	0.000
Q9I324	Q86YJ2	0.000
Q9I324	Q14CP2	0.000
Q9I324	Q2V508	0.000
Q9I324	Q96P32	0.000
Q9I324	Q6P9A9	0.000
Q9I324	Q8N102	0.000
Q9I324	Q9UNS2	0.000
Q9I324	Q9H4A2	0.000
Q9I324	Q9UPV4	0.000
Q9I324	Q9NS62	0.000
Q9I324	Q16499	0.000
Q9I324	Q9HAV7	0.000
Q9I324	Q9Y4Q8	0.000
Q9I324	Q8N2S1	0.000
Q9I324	Q6SSE9	0.000
Q9I324	Q6ICE0	0.000
Q9I324	Q9UMV0	0.000
Q9I324	Q9UM54	0.000
Q9I324	Q96JE7	0.000
Q9I324	O14562	1.000
Q9I324	Q96F49	0.000
Q9I324	Q9BUK8	0.000
Q9I324	Q9BWF5	0.000
Q9I324	Q9H6V1	0.000
Q9I324	Q8TC35	0.000
Q9I324	Q9BVZ0	0.000
Q9I324	Q1KLZ6	0.000
Q9I324	Q92663	0.000
Q9I324	E9PR06	0.000
Q9I324	Q96J51	0.000
Q9I324	Q17R67	0.000
Q9I324	Q96JT8	0.000
Q9I324	Q9NTZ3	0.000
Q9I324	Q53XN9	0.000
Q9I324	Q9BWN0	0.000
Q9I324	Q9H2V4	0.000
Q9I324	Q8NI05	0.000
Q9I324	Q5VX94	0.000
Q9I324	P98172	0.000
Q9I324	Q96QJ5	0.000
Q9I324	Q96DI4	0.000
Q9I324	Q9UQ70	0.000
Q9I324	Q9P060	0.000
Q9I324	Q9BVU8	0.000
Q9I324	P61247	0.000
Q9I324	Q9UH94	0.000
Q9I324	Q58F96	0.000
Q9I324	P60568	0.000
Q9I324	Q6FI44	0.000
Q9I324	Q9UDI3	0.000
Q9I324	Q96KQ3	0.000
Q9I324	Q6LES0	0.000
Q9I324	Q9UQD6	0.000
Q9I324	Q8TDK9	0.000
Q9I324	Q9UHK0	0.000
Q9I324	Q9UMZ5	0.000
Q9I324	Q5VVL8	0.000
Q9I324	Q9UDQ2	0.000
Q9I324	Q5TDQ8	0.000
Q9I324	Q9Y4H7	0.000
Q9I324	Q7Z3W3	0.000
Q9I324	Q9P2H4	0.000
Q9I324	Q9NYF9	0.000
Q9I324	Q9UNV8	0.000
Q9I324	Q9BVE5	0.000
Q9I324	Q9P056	0.000
Q9I324	Q6ZVN7	0.000
Q9I324	Q8TD95	0.000
Q9I324	Q9UD42	0.000
Q9I324	Q99728	0.000
Q9I324	P62273	0.000
Q9I324	Q8IV34	0.000
Q9I324	Q9UCS6	0.000
Q9I324	Q8WWS8	0.000
Q9I324	Q9NUC9	0.000
Q9I324	Q17RN1	0.000
Q9I324	Q96B73	0.000
Q9I324	Q9BTI2	0.000
Q9I324	Q9NSL8	0.000
Q9I324	Q96EM2	0.000
Q9I324	Q9Y697	0.000
Q9I324	Q96A08	0.000
Q9I324	Q9Y270	0.000
Q9I324	Q9UIU7	0.000
Q9I324	Q96DA1	0.000
Q9I324	Q9NUI0	0.000
Q9I324	Q6N0A4	0.000
Q9I324	Q9HBC0	0.000
Q9I324	Q9P010	0.000
Q9I324	Q53Y96	0.000
Q9I324	P07766	0.000
Q9I324	Q96N99	0.000
Q9I324	Q5T9V9	0.000
Q9I324	Q6ICP8	0.000
Q9I324	Q75N87	0.000
Q9I324	Q14191	0.000
Q9I324	Q5JSM2	0.000
Q9I324	O43915	0.000
Q9I324	Q9NPK2	0.000
Q9I324	Q9H3R6	0.000
Q9I324	Q9UHD9	0.000
Q9I324	Q86XH0	0.000
Q9I324	Q9BWZ9	0.000
Q9I324	Q9NSP1	0.000
Q9I324	Q9GZV4	0.000
Q9I324	Q9NZK2	1.000
Q9I324	Q86TL9	0.000
Q9I324	Q9H9I7	0.000
Q9I324	Q9UIX1	0.000
Q9I324	Q96J22	0.000
Q9I324	Q96HJ0	0.000
Q9I324	Q8TE59	0.000
Q9I324	Q9UN05	0.000
Q9I324	Q5VWN2	0.000
Q9I324	Q6PK23	0.000
Q9I324	Q9UQS4	0.000
Q9I324	Q96A97	1.000
Q9I324	Q9H140	0.000
Q9I324	Q9Y572	0.000
Q9I324	Q9Y2Z9	0.000
Q9I324	Q07889	0.000
Q9I324	Q9Y3A8	0.000
Q9I324	P21810	0.000
Q9I324	Q9BXY3	0.000
Q9I324	Q58J86	0.000
Q9I324	Q9NZC0	0.000
Q9I324	Q8IZL4	0.000
Q9I324	Q308M2	0.000
Q9I324	Q9UN29	0.000
Q9I324	Q15311	0.000
Q9I324	Q9UKL8	1.000
Q9I324	P09919	0.000
Q9I324	Q9NUU9	0.000
Q9I324	P02771	0.000
Q9I324	Q86TH1	0.000
Q9I324	Q9UQ28	0.000
Q9I324	Q9UCX5	0.000
Q9I324	Q53Y61	0.000
Q9I324	Q15370	0.000
Q9I324	Q6LEF0	0.000
Q9I324	Q9UQM0	0.000
Q9I324	Q9H001	0.000
Q9I324	Q8N1C0	0.000
Q9I324	Q8WW75	1.000
Q9I324	P78366	0.000
Q9I324	Q9BV69	0.000
Q9I324	P56282	0.000
Q9I324	Q9UH50	0.000
Q9I324	C9J0E9	0.000
Q9I324	Q5BJI0	0.000
Q9I324	Q9BZ92	0.000
Q9I324	Q9Y669	0.000
Q9I324	Q5JSL6	0.000
Q9I324	Q9HBD3	0.000
Q9I324	Q53TS4	0.000
Q9I324	Q59E99	0.000
Q9I324	Q9UKP5	0.000
Q9I324	Q15286	0.000
Q9I324	Q9H1D9	0.000
Q9I324	Q16876	0.000
Q9I324	Q9C0I4	0.000
Q9I324	Q96PQ2	0.000
Q9I324	Q9UCR6	0.000
Q9I324	Q96BA0	0.000
Q9I324	Q969J9	0.000
Q9I324	Q9NZ06	0.000
Q9I324	O43150	0.000
Q9I324	A0A087X1N7	0.000
Q9I324	Q16215	0.000
Q9I324	Q9UDE0	0.000
Q9I324	Q9Y6N6	0.000
Q9I324	Q9UPS6	0.000
Q9I324	Q9BYF4	0.000
Q9I324	Q92885	0.000
Q9I324	Q6IB00	0.000
Q9I324	P49915	0.000
Q9I324	Q9Y6W5	0.000
Q9I324	Q7Z2I6	0.000
Q9I324	Q8WTS4	0.000
Q9I324	Q2XNF2	0.000
Q9I324	Q9UIP5	0.000
Q9I324	Q4VXG8	0.000
Q9I324	Q9BZR6	0.000
Q9I324	Q14332	0.000
Q9I324	Q9UMX2	0.000
Q9I324	Q9UCF3	0.000
Q9I324	Q5T1S7	0.000
Q9I324	Q3MJE7	0.000
Q9I324	Q6LES6	0.000
Q9I324	Q9NRB7	0.000
Q9I324	Q969S4	0.000
Q9I324	Q14935	0.000
Q9I324	Q9Y535	0.000
Q9I324	O76020	0.000
Q9I324	Q9UDC1	0.000
Q9I324	Q9TQD3	0.000
Q9I324	Q6P2G4	0.000
Q9I324	Q96AC5	0.000
Q9I324	Q9UKG8	0.000
Q9I324	Q8J012	0.000
Q9I324	Q9UBV8	0.000
Q9I324	Q9UHA0	1.000
Q9I324	Q9H4M5	0.000
Q9I324	Q9H5D2	0.000
Q9I324	Q96NT4	0.000
Q9I324	Q8NFJ0	0.000
Q9I324	Q9BWA7	0.000
Q9I324	Q6IBZ5	0.000
Q9I324	Q96GB9	0.000
Q9I324	Q9UPT2	0.000
Q9I324	Q9UL18	0.000
Q9I324	Q8IUR0	0.000
Q9I324	Q96F35	0.000
Q9I324	Q86Y48	0.000
Q9I324	Q96CF5	0.000
Q9I324	Q32ML7	0.000
Q9I324	Q9H1E9	0.000
Q9I324	Q5FC12	0.000
Q9I324	Q8VC50	0.000
Q9I324	Q9UGF1	0.000
Q9I324	Q9BU06	0.000
Q9I324	Q9BT92	0.000
Q9I324	Q9Y589	0.000
Q9I324	Q9UQH5	0.000
Q9I324	Q5K546	0.000
Q9I324	Q9NR31	0.000
Q9I324	Q86VW7	0.000
Q9I324	O75015	0.000
Q9I324	P12643	0.000
Q9I324	Q562F4	0.000
Q9I324	Q9BUD7	1.000
Q9I324	Q9H5G6	0.000
Q9I324	P63173	0.000
Q9I324	Q99627	0.000
Q9I324	Q86V33	0.000
Q9I324	Q9BTE1	0.000
Q9I324	Q9UCN7	0.000
Q9I324	Q9NQ14	0.000
Q9I324	Q92840	1.000
Q9I324	Q6SLK1	0.000
Q9I324	P05156	0.000
Q9I324	Q9UNY7	0.000
Q9I324	Q9UGM8	0.000
Q9I324	Q92560	0.000
Q9I324	Q9NNX6	0.000
Q9I324	Q7Z5N2	0.000
Q9I324	Q9BQ42	0.000
Q9I324	Q9NVQ6	0.000
Q9I324	Q53XM0	0.000
Q9I324	Q96J55	0.000
Q9I324	Q96PR5	0.000
Q9I324	Q9H1D7	0.000
Q9I324	P53365	0.000
Q9I324	Q13761	0.000
Q9I324	Q9BUC2	0.000
Q9I324	Q8IXZ5	0.000
Q9I324	Q9NZ44	0.000
Q9I324	P02790	0.000
Q9I324	Q5T9U6	0.000
Q9I324	Q9UE79	0.000
Q9I324	Q9UME5	0.000
Q9I324	Q6IPY2	0.000
Q9I324	Q9BW68	0.000
Q9I324	Q37526	0.000
Q9I324	Q96GI8	0.000
Q9I324	Q9UNN0	0.000
Q9I324	Q9UCG4	0.000
Q9I324	Q9H8I3	0.000
Q9I324	Q504W0	0.000
Q9I324	Q9BY23	0.000
Q9I324	Q585T8	0.000
Q9I324	Q8IUE5	0.000
Q9I324	Q9UND6	0.000
Q9I324	Q8TBP8	0.000
Q9I324	Q9NTB3	0.000
Q9I324	Q9TP70	0.000
Q9I324	Q9NZN9	0.000
Q9I324	Q9NYX8	0.000
Q9I324	Q96P39	0.000
Q9I324	Q9UCL4	0.000
Q9I324	Q99433	0.000
Q9I324	Q96BE6	0.000
Q9I324	Q99646	0.000
Q9I324	Q9BYF2	0.000
Q9I324	Q5U0M8	0.000
Q9I324	Q8IZF9	0.000
Q9I324	Q9Y698	0.000
Q9I324	Q9BW45	0.000
Q9I324	P04196	0.000
Q9I324	Q13564	0.000
Q9I324	Q9UC78	0.000
Q9I324	P06899	0.000
Q9I324	Q5R2W0	0.000
Q9I324	Q9H3F4	0.000
Q9I324	Q9UJY6	0.000
Q9I324	Q9NZE4	0.000
Q9I324	Q9Y4U9	0.000
Q9I324	Q9H2Y1	0.000
Q9I324	Q9HBS6	0.000
Q9I324	Q9BQI5	0.000
Q9I324	Q5VW06	0.000
Q9I324	Q9UM57	0.000
Q9I324	Q9UM06	0.000
Q9I324	Q9UNP3	0.000
Q9I324	Q9UM26	0.000
Q9I324	Q6FHS6	0.000
Q9I324	Q14D44	0.000
Q9I324	Q53SL0	0.000
Q9I324	Q9BXK4	0.000
Q9I324	Q96H05	0.000
Q9I324	Q86SS8	0.000
Q9I324	Q6IAU6	1.000
Q9I324	Q9Y5T4	0.000
Q9I324	Q5THX9	0.000
Q9I324	Q8WVJ5	0.000
Q9I324	Q9BSB1	0.000
Q9I324	Q5SQ07	0.000
Q9I324	Q96GG1	0.000
Q9I324	Q9Y2A5	0.000
Q9I324	Q92831	0.000
Q9I324	Q8IZW2	0.000
Q9I324	Q9UDG1	0.000
Q9I324	Q96E67	0.000
Q9I324	Q8NHZ8	0.000
Q9I324	Q15405	0.000
Q9I324	Q9Y2S0	0.000
Q9I324	Q92759	0.000
Q9I324	X5D9C8	0.000
Q9I324	Q13637	0.000
Q9I324	Q9H023	0.000
Q9I324	Q9ULF6	0.000
Q9I324	Q9BYM9	0.000
Q9I324	Q9Y6N5	0.000
Q9I324	Q9Y2U7	0.000
Q9I324	Q5T5N2	0.000
Q9I324	Q9H1K3	0.000
Q9I324	Q9UNU3	0.000
Q9I324	Q6MZL5	0.000
Q9I324	Q9UEU1	0.000
Q9I324	P26006	0.000
Q9I324	Q9UPF9	0.000
Q9I324	Q9BRD5	0.000
Q9I324	Q9P2S4	0.000
Q9I324	Q9H5V4	0.000
Q9I324	Q8IWF1	0.000
Q9I324	Q6LDP5	0.000
Q9I324	Q9NRY4	0.000
Q9I324	Q9H8D0	0.000
Q9I324	Q9UC24	1.000
Q9I324	Q9HCX9	0.000
Q9I324	Q9UEU8	0.000
Q9I324	Q9UCU4	0.000
Q9I324	Q9UD85	1.000
Q9I324	Q7Z746	1.000
Q9I324	Q6FG45	0.000
Q9I324	Q9NQT8	0.000
Q9I324	Q9UMK2	0.000
Q9I324	Q9C0H9	0.000
Q9I324	P61163	0.000
Q9I324	R4GN19	0.000
Q9I324	Q02750	0.000
Q9I324	Q6DHZ3	0.000
Q9I324	Q96FP6	0.000
Q9I324	Q53EQ8	0.000
Q9I324	Q3B726	0.000
Q9I324	Q9UPU4	0.000
Q9I324	Q16574	0.000
Q9I324	P46109	0.000
Q9I324	Q92580	0.000
Q9I324	Q9UPS1	1.000
Q9I324	Q8IVG8	0.000
Q9I324	Q53S28	0.000
Q9I324	Q9UQ92	0.000
Q9I324	Q9UDJ4	0.000
Q9I324	Q96E13	0.000
Q9I324	Q8N422	0.000
Q9I324	Q53XJ4	0.000
Q9I324	Q9UF80	0.000
Q9I324	Q9Y2M8	0.000
Q9I324	Q9UIQ3	0.000
Q9I324	Q9H4G0	0.000
Q9I324	Q96E96	0.000
Q9I324	Q9UGM4	0.000
Q9I324	Q09472	0.000
Q9I324	Q9UQR8	0.000
Q9I324	Q5DTB0	0.000
Q9I324	Q92997	0.000
Q9I324	Q6IRL7	0.000
Q9I324	P25391	0.000
Q9I324	P49005	0.000
Q9I324	Q92870	0.000
Q9I324	Q6Y288	0.000
Q9I324	Q8IV83	0.000
Q9I324	Q9UJM3	1.000
Q9I324	Q5TCL6	0.000
Q9I324	A0A0G2JPW3	0.000
Q9I324	Q9UM01	0.000
Q9I324	Q9NSL1	0.000
Q9I324	T2F9S8	0.000
Q9I324	Q9Y6J0	0.000
Q9I324	Q53XM1	0.000
Q9I324	Q8IW95	0.000
Q9I324	Q6FHW1	0.000
Q9I324	Q9Y3D7	0.000
Q9I324	Q9UMG5	0.000
Q9I324	Q2VPI7	0.000
Q9I324	Q8NDU5	0.000
Q9I324	Q86XV9	0.000
Q9I324	Q9ULB0	0.000
Q9I324	Q99474	0.000
Q9I324	Q6ZT57	0.000
Q9I324	Q5JNW4	0.000
Q9I324	O60359	0.000
Q9I324	P07358	0.000
Q9I324	Q6IAS5	0.000
Q9I324	Q5D0D6	0.000
Q9I324	Q99460	0.000
Q9I324	Q96QG0	0.000
Q9I324	Q86XD7	0.000
Q9I324	Q6IBD1	0.000
Q9I324	Q92536	0.000
Q9I324	Q9UQI0	0.000
Q9I324	Q96PX3	0.000
Q9I324	Q9NYA6	0.000
Q9I324	Q9UPT5	0.000
Q9I324	Q9UEN7	0.000
Q9I324	Q9Y5K5	0.000
Q9I324	Q9BSC8	0.000
Q9I324	O95190	0.000
Q9I324	Q9UKX5	0.000
Q9I324	Q8NFI6	0.000
Q9I324	Q6PA00	0.000
Q9I324	Q99746	0.000
Q9I324	Q9UDL5	0.000
Q9I324	Q9BPU8	0.000
Q9I324	Q8WXS8	0.000
Q9I324	Q93068	1.000
Q9I324	Q9UK02	0.000
Q9I324	Q86XR7	0.000
Q9I324	Q53ZV4	1.000
Q9I324	Q9HAZ1	0.000
Q9I324	Q71UP4	0.000
Q9I324	Q9C069	0.000
Q9I324	Q9UNQ5	0.000
Q9I324	Q8N592	0.000
Q9I324	Q9NRG4	0.000
Q9I324	Q5TCA8	0.000
Q9I324	P18084	0.000
Q9I324	Q9C0E6	0.000
Q9I324	Q9BW99	0.000
Q9I324	Q9NW59	0.000
Q9I324	Q9UP19	0.000
Q9I324	Q9NWD2	1.000
Q9I324	Q9UGQ4	0.000
Q9I324	Q9NS79	0.000
Q9I324	Q0VGB6	0.000
Q9I324	Q9BU83	0.000
Q9I324	Q9UQJ4	0.000
Q9I324	Q9BR64	0.000
Q9I324	P78335	0.000
Q9I324	Q96EC8	0.000
Q9I324	P13866	0.000
Q9I324	Q9UJ93	0.000
Q9I324	Q9UPG5	0.000
Q9I324	Q3LHW8	0.000
Q9I324	Q9UHP8	0.000
Q9I324	Q8N1F7	0.000
Q9I324	Q8IWX7	0.000
Q9I324	Q5VWC9	0.000
Q9I324	Q92783	0.000
Q9I324	Q8NIA1	0.000
Q9I324	Q9UPH9	0.000
Q9I324	Q9UP17	0.000
Q9I324	O14757	0.000
Q9I324	Q9BVN0	0.000
Q9I324	Q9UIL0	0.000
Q9I324	Q99558	0.000
Q9I324	Q6I9U7	0.000
Q9I324	Q9UDJ2	0.000
Q9I324	Q8TF74	0.000
Q9I324	Q9H1F7	0.000
Q9I324	Q99418	0.000
Q9I324	Q9NQM6	0.000
Q9I324	Q9UQB3	0.000
Q9I324	Q9BQ32	0.000
Q9I324	Q9BSH7	0.000
Q9I324	Q8IWI7	0.000
Q9I324	Q96I38	0.000
Q9I324	Q9BTD9	0.000
Q9I324	Q9NUZ2	0.000
Q9I324	Q6IBF7	0.000
Q9I324	Q68D14	0.000
Q9I324	Q9H787	0.000
Q9I324	O00762	0.000
Q9I324	Q9UHK9	1.000
Q9I324	Q9NSE9	0.000
Q9I324	Q9BVP5	0.000
Q9I324	Q96E63	0.000
Q9I324	Q96GA7	0.000
Q9I324	Q9NQ86	0.000
Q9I324	Q8N9B5	0.000
Q9I324	Q6I9S4	0.000
Q9I324	Q9UKM3	0.000
Q9I324	Q6PJE1	0.000
Q9I324	Q8WV88	0.000
Q9I324	Q9H1Y4	0.000
Q9I324	Q96RH1	0.000
Q9I324	Q9UDC7	0.000
Q9I324	A0A1W2PQS6	0.000
Q9I324	Q9BRV9	0.000
Q9I324	Q96KX2	0.000
Q9I324	Q4VAV9	0.000
Q9I324	Q9UNC9	0.000
Q9I324	Q9H644	0.000
Q9I324	Q9HBK4	0.000
Q9I324	Q9P2T5	0.000
Q9I324	H3BLT4	0.000
Q9I324	Q9UNP1	0.000
Q9I324	Q9H4B4	0.000
Q9I324	Q9Y510	0.000
Q9I324	Q7Z3Y2	0.000
Q9I324	Q8IY86	0.000
Q9I324	Q9H7X7	0.000
Q9I324	Q6LCP6	0.000
Q9I324	Q96B26	0.000
Q9I324	Q8N1C5	0.000
Q9I324	Q9UEJ4	0.000
Q9I324	Q52NZ1	0.000
Q9I324	Q14340	0.000
Q9I324	Q9UH59	0.000
Q9I324	Q86XU4	0.000
Q9I324	Q3T1A4	0.000
Q9I324	Q15121	0.000
Q9I324	Q9NYT8	0.000
Q9I324	Q9H2E5	0.000
Q9I324	Q9UQ18	1.000
Q9I324	Q9NZJ0	0.000
Q9I324	Q71V76	0.000
Q9I324	Q9UPF2	0.000
Q9I324	Q9BSU7	0.000
Q9I324	Q8IUS3	0.000
Q9I324	Q7Z301	0.000
Q9I324	Q96II4	0.000
Q9I324	Q9P2Y8	0.000
Q9I324	Q6FGY6	0.000
Q9I324	Q9HD66	0.000
Q9I324	Q9BWR0	0.000
Q9I324	P28482	0.000
Q9I324	Q7Z569	0.000
Q9I324	Q9Y5S8	0.000
Q9I324	Q9UHG6	0.000
Q9I324	Q9HCD4	0.000
Q9I324	Q6IBM5	0.000
Q9I324	Q9BW17	0.000
Q9I324	P15172	0.000
Q9I324	Q9UHX7	0.000
Q9I324	V9GY54	0.000
Q9I324	Q53X65	0.000
Q9I324	Q92572	0.000
Q9I324	Q99762	0.000
Q9I324	P84077	0.000
Q9I324	Q5HY69	0.000
Q9I324	Q9UFP3	0.000
Q9I324	Q9BRB5	0.000
Q9I324	Q4ZG17	0.000
Q9I324	Q9Y3N1	0.000
Q9I324	Q9UN83	0.000
Q9I324	Q8IX07	0.000
Q9I324	Q9UKQ4	0.000
Q9I324	Q9HBR6	0.000
Q9I324	Q9H901	0.000
Q9I324	Q7Z5Z3	0.000
Q9I324	P00995	0.000
Q9I324	Q8IYI7	0.000
Q9I324	Q9UQ81	0.000
Q9I324	Q9UPZ2	0.000
Q9I324	Q9UPX8	0.000
Q9I324	Q86TF2	0.000
Q9I324	Q9BUR0	0.000
Q9I324	Q9UMN0	0.000
Q9I324	Q13950	0.000
Q9I324	Q9BU00	0.000
Q9I324	Q96MH1	0.000
Q9I324	Q9ULS1	0.000
Q9I324	Q9BQA4	0.000
Q9I324	Q9ULI7	0.000
Q9I324	Q96TF9	0.000
Q9I324	P19387	0.000
Q9I324	Q9NWD1	0.000
Q9I324	Q9Y4L9	0.000
Q9I324	Q9H682	1.000
Q9I324	Q9Y3F4	0.000
Q9I324	Q9UK80	0.000
Q9I324	Q9UDF4	0.000
Q9I324	Q6YNC1	0.000
Q9I324	Q9Y3A7	0.000
Q9I324	Q8WWI9	0.000
Q9I324	Q9Y4Q1	0.000
Q9I324	Q9UH41	0.000
Q9I324	Q5JQT5	0.000
Q9I324	Q6GTN4	0.000
Q9I324	Q9NZN5	0.000
Q9I324	Q9UEV0	0.000
Q9I324	Q9UFU8	0.000
Q9I324	Q8TE60	0.000
Q9I324	Q9Y6V7	0.000
Q9I324	Q16472	0.000
Q9I324	Q9NQU5	0.000
Q9I324	Q9Y221	0.000
Q9I324	Q9UH31	0.000
Q9I324	Q9UFF4	0.000
Q9I324	Q8N173	0.000
Q9I324	Q96L21	0.000
Q9I324	Q9UM55	0.000
Q9I324	P22083	0.000
Q9I324	Q96RQ9	0.000
Q9I324	Q9NP85	0.000
Q9I324	Q9UPK7	0.000
Q9I324	Q8N719	0.000
Q9I324	Q9UHD1	1.000
Q9I324	Q9HBX5	0.000
Q9I324	Q9UDJ7	0.000
Q9I324	Q13534	0.000
Q9I324	Q5VYL5	0.000
Q9I324	Q9P2W2	0.000
Q9I324	O15212	0.000
Q9I324	Q53XV2	0.000
Q9I324	P62910	0.000
Q9I324	B4E1Z4	0.000
Q9I324	Q96J60	0.000
Q9I324	P35638	0.000
Q9I324	Q7Z743	0.000
Q9I324	P62316	0.000
Q9I324	Q6PID4	0.000
Q9I324	P52564	0.000
Q9I324	Q9BTB4	0.000
Q9I324	Q92774	0.000
Q9I324	Q9UFP7	0.000
Q9I324	P40429	0.000
Q9I324	Q8TDN9	0.000
Q9I324	Q9H188	0.000
Q9I324	Q68DZ3	0.000
Q9I324	Q9Y6B3	0.000
Q9I324	Q9UIH1	0.000
Q9I324	Q9NQQ4	0.000
Q9I324	Q9UP73	0.000
Q9I324	Q9NXF7	0.000
Q9I324	Q96HK1	0.000
Q9I324	Q8WV25	0.000
Q9I324	P32969	0.000
Q9I324	Q9H130	0.000
Q9I324	Q96IN5	0.000
Q9I324	Q16699	0.000
Q9I324	Q99956	0.000
Q9I324	Q9UIQ7	0.000
Q9I324	O43396	0.000
Q9I324	Q96D86	0.000
Q9I324	Q8N5E5	0.000
Q9I324	Q9BZC6	0.000
Q9I324	Q4VXC2	0.000
Q9I324	Q8IWU9	0.000
Q9I324	Q5M7Z1	0.000
Q9I324	Q8NIA4	0.000
Q9I324	Q86X74	0.000
Q9I324	P56159	0.000
Q9I324	Q9P2C2	0.000
Q9I324	Q9UNE7	0.000
Q9I324	Q9Y4E4	0.000
Q9I324	Q9UC56	0.000
Q9I324	Q9H4L0	0.000
Q9I324	Q96P20	1.000
Q9I324	Q9BZB9	0.000
Q9I324	Q5H9B3	0.000
Q9I324	Q9UQC2	0.000
Q9I324	Q9UE65	0.000
Q9I324	Q99669	0.000
Q9I324	Q9UFI4	0.000
Q9I324	Q9H2F1	0.000
Q9I324	Q63059	0.000
Q9I324	Q9BU31	1.000
Q9I324	Q9UPC0	0.000
Q9I324	Q9UDA4	0.000
Q9I324	Q92524	1.000
Q9I324	Q5U065	0.000
Q9I324	Q96PY5	0.000
Q9I324	Q9H472	0.000
Q9I324	Q96GT0	0.000
Q9I324	Q498Y0	0.000
Q9I324	Q9NS48	0.000
Q9I324	Q9NVT4	0.000
Q9I324	Q9UJT9	0.000
Q9I324	Q9BW83	0.000
Q9I324	Q86VD2	0.000
Q9I324	P01024	0.000
Q9I324	Q8WUB1	0.000
Q9I324	Q969L6	0.000
Q9I324	Q9H171	0.000
Q9I324	Q8WXQ7	0.000
Q9I324	Q8TD70	0.000
Q9I324	Q9UP79	0.000
Q9I324	Q9NTQ0	0.000
Q9I324	Q9H3M5	0.000
Q9I324	Q9UEQ6	0.000
Q9I324	Q9Y5K6	0.000
Q9I324	Q5U0G3	0.000
Q9I324	Q6ICQ7	0.000
Q9I324	Q9UCV9	0.000
Q9I324	Q569J6	1.000
Q9I324	Q9GZS1	0.000
Q9I324	Q96QJ0	0.000
Q9I324	Q5SXM3	0.000
Q9I324	Q8WWQ6	0.000
Q9I324	Q9H6T1	0.000
Q9I324	Q9Y3W6	0.000
Q9I324	Q1RLL9	0.000
Q9I324	Q96B74	0.000
Q9I324	Q93079	0.000
Q9I324	Q96J19	0.000
Q9I324	Q9Y6M4	0.000
Q9I324	Q9UJ36	0.000
Q9I324	Q4G0A9	0.000
Q9I324	Q9Y3W0	0.000
Q9I324	Q12982	0.000
Q9I324	Q9ULP9	0.000
Q9I324	Q9UKN2	0.000
Q9I324	Q96AF6	0.000
Q9I324	Q9BWB6	0.000
Q9I324	Q9Y366	0.000
Q9I324	Q5VYR8	0.000
Q9I324	Q96QJ3	0.000
Q9I324	Q8TBD1	0.000
Q9I324	Q9UPF5	0.000
Q9I324	Q9BWQ0	0.000
Q9I324	Q9UNA8	0.000
Q9I324	Q96EG8	0.000
Q9I324	Q9NQD0	0.000
Q9I324	Q9Y5L9	0.000
Q9I324	Q9Y4V2	0.000
Q9I324	Q9UJ16	0.000
Q9I324	Q9UMD2	0.000
Q9I324	Q6ICT7	0.000
Q9I324	Q8N3M1	0.000
Q9I324	Q2M249	0.000
Q9I324	Q9Y6K9	0.000
Q9I324	Q4VBQ0	0.000
Q9I324	Q9UQF2	0.000
Q9I324	Q15173	0.000
Q9I324	Q9Y5Y7	0.000
Q9I324	Q9UIS5	0.000
Q9I324	Q9P2Y6	0.000
Q9I324	Q7KYV3	0.000
Q9I324	Q9UJR2	0.000
Q9I324	Q99952	0.000
Q9I324	Q969W6	0.000
Q9I324	Q5T648	0.000
Q9I324	Q9H1P1	0.000
Q9I324	P31946	0.000
Q9I324	Q9UMF5	0.000
Q9I324	Q53QM2	0.000
Q9I324	Q52LZ6	0.000
Q9I324	Q96AU2	0.000
Q9I324	Q96MX6	1.000
Q9I324	Q9Y331	0.000
Q9I324	Q9UKV8	0.000
Q9I324	Q61516	0.000
Q9I324	Q9NRF9	0.000
Q9I324	Q5TZP9	0.000
Q9I324	Q96JB0	0.000
Q9I324	P11233	0.000
Q9I324	Q75MC9	0.000
Q9I324	Q6IBU8	0.000
Q9I324	Q92769	0.000
Q9I324	Q9UE81	0.000
Q9I324	Q00535	0.000
Q9I324	Q9BUG1	0.000
Q9I324	Q9UMT8	0.000
Q9I324	Q9UKH1	0.000
Q9I324	Q9BR95	0.000
Q9I324	Q6P1N3	0.000
Q9I324	Q9Y6L9	0.000
Q9I324	Q9BT99	0.000
Q9I324	Q96I68	1.000
Q9I324	P47755	0.000
Q9I324	Q96MN3	0.000
Q9I324	Q9Y4P5	0.000
Q9I324	Q96AF7	0.000
Q9I324	Q96A60	0.000
Q9I324	P51668	0.000
Q9I324	Q7LE07	0.000
Q9I324	Q96B99	0.000
Q9I324	Q9NR36	0.000
Q9I324	Q9NWE7	0.000
Q9I324	Q9C0G3	0.000
Q9I324	P36507	0.000
Q9I324	Q9Y674	0.000
Q9I324	Q8IZX3	0.000
Q9I324	Q14638	0.000
Q9I324	Q9UBC8	0.000
Q9I324	Q92868	0.000
Q9I324	Q8N4D9	0.000
Q9I324	Q6IB60	0.000
Q9I324	O43739	0.000
Q9I324	P46776	0.000
Q9I324	Q9Y2A7	0.000
Q9I324	Q9BSH6	0.000
Q9I324	Q8TCY3	0.000
Q9I324	Q8N578	0.000
Q9I324	Q5T0F5	0.000
Q9I324	Q8TCL5	0.000
Q9I324	Q9UPH0	0.000
Q9I324	Q9HD16	0.000
Q9I324	Q9Y495	0.000
Q9I324	O14966	0.000
Q9I324	Q9UJM7	0.000
Q9I324	Q9BUB1	0.000
Q9I324	Q9NWN0	0.000
Q9I324	Q9BZL7	0.000
Q9I324	Q99967	0.000
Q9I324	Q9Y5R0	0.000
Q9I324	Q9P1L8	0.000
Q9I324	Q99968	0.000
Q9I324	Q9BZW1	0.000
Q9I324	Q8NI00	0.000
Q9I324	P52435	0.000
Q9I324	Q5TZX1	0.000
Q9I324	P62195	0.000
Q9I324	Q9UF23	0.000
Q9I324	Q9BQF0	0.000
Q9I324	Q9H4Z5	0.000
Q9I324	Q9UMM7	1.000
Q9I324	Q9BX29	0.000
Q9I324	Q8IZL7	0.000
Q9I324	Q9UQ58	0.000
Q9I324	Q9UMF9	0.000
Q9I324	Q99756	0.000
Q9I324	Q6IBM9	0.000
Q9I324	Q3MIW3	0.000
Q9I324	Q6GS87	1.000
Q9I324	Q96DE5	0.000
Q9I324	Q9BQ09	0.000
Q9I324	Q9P1D4	0.000
Q9I324	Q92678	0.000
Q9I324	Q96CW1	0.000
Q9I324	Q6NUP8	0.000
Q9I324	Q12959	0.000
Q9I324	Q9UNL1	1.000
Q9I324	Q9NYB9	0.000
Q9I324	Q9BQ44	0.000
Q9I324	Q8IY10	0.000
Q9I324	Q9UJ17	0.000
Q9I324	Q53XR9	0.000
Q9I324	Q96IM1	0.000
Q9I324	P62834	0.000
Q9I324	Q969D8	0.000
Q9I324	Q9UDC2	0.000
Q9I324	Q9Y2L1	0.000
Q9I324	Q6FHK5	0.000
Q9I324	Q96HG5	0.000
Q9I324	Q96DH0	0.000
Q9I324	Q9UC36	0.000
Q9I324	Q5JPS6	0.000
Q9I324	Q15809	0.000
Q9I324	P43234	0.000
Q9I324	Q9UEQ0	0.000
Q9I324	Q8J013	0.000
Q9I324	Q96DW5	0.000
Q9I324	Q9H3V5	1.000
Q9I324	Q9UCA4	0.000
Q9I324	Q96N96	0.000
Q9I324	Q0VG87	0.000
Q9I324	Q6FGI8	0.000
Q9I324	Q9UC20	0.000
Q9I324	Q3KPF2	0.000
Q9I324	Q92875	0.000
Q9I324	Q9UEW1	0.000
Q9I324	Q92768	0.000
Q9I324	Q9Y4K4	0.000
Q9I324	Q9D0G2	0.000
Q9I324	Q9H2B9	0.000
Q9I324	Q96E22	0.000
Q9I324	Q92515	0.000
Q9I324	Q96EA8	0.000
Q9I324	Q6ZP89	0.000
Q9I324	Q7Z6E4	0.000
Q9I324	Q53XT4	0.000
Q9I324	Q9UDH8	0.000
Q9I324	Q9UN99	0.000
Q9I324	Q6GTT3	0.000
Q9I324	Q5VSI0	0.000
Q9I324	Q96KI9	0.000
Q9I324	Q2I102	0.000
Q9I324	O75297	0.000
Q9I324	Q5VYE7	0.000
Q9I324	Q9Y290	0.000
Q9I324	Q66K89	0.000
Q9I324	Q6DK23	0.000
Q9I324	P27918	0.000
Q9I324	Q9H060	1.000
Q9I324	Q4W5C3	0.000
Q9I324	Q9Y2C9	0.000
Q9I324	Q99858	0.000
Q9I324	Q9NQK5	0.000
Q9I324	Q2M1L9	0.000
Q9I324	Q9UII1	0.000
Q9I324	Q9NRG0	0.000
Q9I324	Q8TAK9	0.000
Q9I324	Q9UJV2	0.000
Q9I324	Q8WW97	0.000
Q9I324	P07947	0.000
Q9I324	Q13904	0.000
Q9I324	Q9HB61	0.000
Q9I324	F6S8H2	0.000
Q9I324	Q9CY33	0.000
Q9I324	Q9UNN8	0.000
Q9I324	P35368	0.000
Q9I324	Q8WWN8	0.000
Q9I324	Q9UCJ8	0.000
Q9I324	Q96DG9	0.000
Q9I324	Q9UL46	0.000
Q9I324	Q9ULH1	0.000
Q9I324	Q92621	0.000
Q9I324	Q9NSA7	0.000
Q9I324	Q9NY59	0.000
Q9I324	Q92650	0.000
Q9I324	Q9BUM7	0.000
Q9I324	Q8NI07	0.000
Q9I324	Q9HCE5	0.000
Q9I324	H9KV45	0.000
Q9I324	Q71U36	0.000
Q9I324	Q8N1A5	0.000
Q9I324	Q5T7M0	0.000
Q9I324	Q9UD72	0.000
Q9I324	Q9BVW2	0.000
Q9I324	Q5VTW4	1.000
Q9I324	Q9P2P8	0.000
Q9I324	B8ZZV2	0.000
Q9I324	Q9UEX3	0.000
Q9I324	Q9H4W8	0.000
Q9I324	Q9UFB8	0.000
Q9I324	Q9H5L7	0.000
Q9I324	Q9UKC4	0.000
Q9I324	Q99606	0.000
Q9I324	Q96PN5	0.000
Q9I324	Q6P5S1	0.000
Q9I324	Q9Y6E5	0.000
Q9I324	Q9UG30	0.000
Q9I324	Q6P053	0.000
Q9I324	Q92976	0.000
Q9I324	Q9H8H6	0.000
Q9I324	Q96B09	0.000
Q9I324	Q9UGW9	0.000
Q9I324	Q9UEP9	0.000
Q9I324	Q9UN57	0.000
Q9I324	Q8TE58	0.000
Q9I324	Q96QZ1	0.000
Q9I324	Q9P1X9	0.000
Q9I324	Q9Y6R8	0.000
Q9I324	Q5VZ23	0.000
Q9I324	Q32ML5	0.000
Q9I324	Q5U0A3	0.000
Q9I324	Q8NHS2	0.000
Q9I324	Q9BZK6	0.000
Q9I324	Q6FGY7	0.000
Q9I324	Q6IRY4	0.000
Q9I324	Q9P276	0.000
Q9I324	P13671	0.000
Q9I324	Q9NSP4	0.000
Q9I324	O95837	0.000
Q9I324	Q9BXM7	0.000
Q9I324	Q8TD38	0.000
Q9I324	Q9Y6R5	0.000
Q9I324	Q92533	0.000
Q9I324	Q86UK1	0.000
Q9I324	Q9NZ70	0.000
Q9I324	Q96H99	0.000
Q9I324	Q9Y3T2	0.000
Q9I324	Q9Y564	0.000
Q9I324	Q93009	0.000
Q9I324	O00629	0.000
Q9I324	Q96HB7	0.000
Q9I324	Q96EM8	0.000
Q9I324	Q9Y5Z3	0.000
Q9I324	Q9BZX1	0.000
Q9I324	Q9UCE2	0.000
Q9I324	Q1RMY8	0.000
Q9I324	Q9UMY0	0.000
Q9I324	Q99836	0.000
Q9I324	Q8N753	0.000
Q9I324	Q9UCX7	0.000
Q9I324	Q59FH7	0.000
Q9I324	Q8NHL6	0.000
Q9I324	Q9NWZ8	0.000
Q9I324	Q9UKK8	0.000
Q9I324	Q9BVE0	0.000
Q9I324	Q9UPL0	0.000
Q9I324	Q8N5D7	0.000
Q9I324	Q56A88	1.000
Q9I324	Q5TZS0	0.000
Q9I324	Q9NXY5	0.000
Q9I324	Q9Y253	0.000
Q9I324	Q9Y6F5	0.000
Q9I324	Q13233	0.000
Q9I324	P21730	0.000
Q9I324	Q9BZN5	0.000
Q9I324	Q2M1U3	0.000
Q9I324	Q9UNS3	0.000
Q9I324	Q8TAT3	0.000
Q9I324	Q96E72	0.000
Q9I324	Q8TDJ1	0.000
Q9I324	Q9BX67	0.000
Q9I324	Q13804	0.000
Q9I324	Q9Y296	0.000
Q9I324	Q9UIC3	0.000
Q9I324	Q9Y5X1	0.000
Q9I324	Q99966	0.000
Q9I324	P0CW22	0.000
Q9I324	O60831	0.000
Q9I324	Q5SR04	0.000
Q9I324	Q9Y492	0.000
Q9I324	Q8IWK8	0.000
Q9I324	Q9H660	0.000
Q9I324	Q5W007	0.000
Q9I324	Q9NWS0	0.000
Q9I324	Q8IUZ9	0.000
Q9I324	P63220	0.000
Q9I324	Q6UXB4	0.000
Q9I324	S4R3J4	0.000
Q9I324	Q9BPV3	0.000
Q9I324	Q9HCT2	0.000
Q9I324	Q9BRR9	0.000
Q9I324	Q5SXU8	0.000
Q9I324	Q9UNJ1	1.000
Q9I324	Q9UQD1	0.000
Q9I324	Q9BVD0	0.000
Q9I324	Q9NR33	0.000
Q9I324	Q6FHD7	0.000
Q9I324	Q9UC02	0.000
Q9I324	Q9P0M5	0.000
Q9I324	Q9UPN7	0.000
Q9I324	Q5TC39	0.000
Q9I324	P18146	0.000
Q9I324	P12235	0.000
Q9I324	Q96J12	0.000
Q9I324	Q96HA5	0.000
Q9I324	Q9UDE5	0.000
Q9I324	Q9UIM3	0.000
Q9I324	Q9Y2Z0	0.000
Q9I324	Q96E27	0.000
Q9I324	Q6FHY1	0.000
Q9I324	Q9UNB3	0.000
Q9I324	Q96G29	0.000
Q9I324	Q96J45	0.000
Q9I324	Q96DA6	0.000
Q9I324	Q9UBL3	0.000
Q9I324	Q75MM2	0.000
Q9I324	Q99814	0.000
Q9I324	Q9BRP7	0.000
Q9I324	Q9UCQ3	0.000
Q9I324	Q99664	1.000
Q9I324	Q9BZD4	0.000
Q9I324	Q9BZ04	0.000
Q9I324	Q86VI3	0.000
Q9I324	Q3KQR8	0.000
Q9I324	Q6LEA7	0.000
Q9I324	Q6IBE9	0.000
Q9I324	Q6IB57	0.000
Q9I324	Q9P126	0.000
Q9I324	Q6IBH9	0.000
Q9I324	Q93042	0.000
Q9I324	Q6IBS3	0.000
Q9I324	Q8N332	0.000
Q9I324	Q16321	0.000
Q9I324	Q6FG87	0.000
Q9I324	Q9UPL9	0.000
Q9I324	Q2PP16	0.000
Q9I324	Q7RU02	0.000
Q9I324	Q96MY9	0.000
Q9I324	Q9BS04	0.000
Q9I324	Q9UKA9	0.000
Q9I324	Q6NZ77	1.000
Q9I324	Q9UQ96	0.000
Q9I324	Q5T1C5	0.000
Q9I324	Q5U0S4	0.000
Q9I324	Q5FVF0	0.000
Q9I324	Q8NE16	0.000
Q9I324	Q9NYB3	0.000
Q9I324	Q9BS80	0.000
Q9I324	Q8WVV7	0.000
Q9I324	Q9UNJ9	0.000
Q9I324	Q8IW24	0.000
Q9I324	Q6IRY0	0.000
Q9I324	Q9BX92	0.000
Q9I324	Q9BWR5	0.000
Q9I324	Q53EP3	0.000
Q9I324	Q9NPJ1	0.000
Q9I324	Q06413	0.000
Q9I324	Q9UDH0	0.000
Q9I324	Q9UKX2	0.000
Q9I324	R4GND2	0.000
Q9I324	Q9UQL6	0.000
Q9I324	Q53HK3	0.000
Q9I324	Q9Y2Z3	0.000
Q9I324	Q9UQK7	0.000
Q9I324	Q9NVA5	0.000
Q9I324	Q93076	0.000
Q9I324	P62851	0.000
Q9I324	Q9H0F6	0.000
Q9I324	Q14CX2	0.000
Q9I324	Q14UF6	0.000
Q9I324	Q8NEN1	0.000
Q9I324	Q9P082	0.000
Q9I324	Q9UDR7	0.000
Q9I324	Q9UPK1	0.000
Q9I324	Q9Y579	0.000
Q9I324	Q5RKV6	0.000
Q9I324	Q8N6Z7	0.000
Q9I324	Q99832	0.000
Q9I324	Q9UJ41	0.000
Q9I324	Q9Y239	0.000
Q9I324	Q9NPM3	0.000
Q9I324	Q6P2P6	0.000
Q9I324	P12004	0.000
Q9I324	Q9Y6A8	0.000
Q9I324	Q9UI88	0.000
Q9I324	Q7Z721	0.000
Q9I324	Q9UDI1	0.000
Q9I324	Q9UP97	0.000
Q9I324	Q8N922	0.000
Q9I324	Q96DP5	0.000
Q9I324	Q9Y6B7	0.000
Q9I324	Q8IWT4	0.000
Q9I324	Q96GA0	0.000
Q9I324	P51687	0.000
Q9I324	Q9UCE4	0.000
Q9I324	Q9Y6F4	0.000
Q9I324	Q92733	0.000
Q9I324	Q96KS8	0.000
Q9I324	Q92467	0.000
Q9I324	Q9BS49	0.000
Q9I324	Q96J62	0.000
Q9I324	Q9UG86	0.000
Q9I324	Q9H811	0.000
Q9I324	Q8IVT5	0.000
Q9I324	Q9P2U2	0.000
Q9I324	Q8N5C8	0.000
Q9I324	Q9BUQ0	0.000
Q9I324	Q9H3P3	0.000
Q9I324	Q5U035	0.000
Q9I324	Q9UBB1	0.000
Q9I324	Q96FX4	0.000
Q9I324	Q6FH47	0.000
Q9I324	Q9UK94	0.000
Q9I324	P24588	0.000
Q9I324	Q9UBP9	0.000
Q9I324	Q9NXG1	0.000
Q9I324	Q6PD62	0.000
Q9I324	O15066	0.000
Q9I324	Q9P2N8	0.000
Q9I324	Q9Y2X7	0.000
Q9I324	P35858	0.000
Q9I324	Q9BQQ3	0.000
Q9I324	Q86UK6	0.000
Q9I324	Q9UBE8	0.000
Q9I324	Q8WV41	0.000
Q9I324	Q9BST0	0.000
Q9I324	Q9H9Q2	0.000
Q9I324	Q9UCE9	0.000
Q9I324	Q07960	0.000
Q9I324	Q8TBH2	0.000
Q9I324	Q14CQ9	0.000
Q9I324	Q9UCG7	0.000
Q9I324	Q6FGN3	0.000
Q9I324	Q9H991	0.000
Q9I324	Q6FGE9	0.000
Q9I324	Q6NW05	0.000
Q9I324	Q8IVC5	0.000
Q9I324	Q8IVA6	1.000
Q9I324	P48643	0.000
Q9I324	Q9UE88	0.000
Q9I324	Q9UKE5	0.000
Q9I324	Q9UEC9	0.000
Q9I324	Q96C49	0.000
Q9I324	Q9BWK7	0.000
Q9I324	Q9NZQ7	0.000
Q9I324	Q9UII8	0.000
Q9I324	Q9UPL8	0.000
Q9I324	Q9NZF2	0.000
Q9I324	Q5TA35	0.000
Q9I324	Q9UBY5	0.000
Q9I324	Q17RZ6	0.000
Q9I324	Q96ES4	0.000
Q9I324	Q92596	0.000
Q9I324	Q9BUN4	0.000
Q9I324	Q5VUF1	0.000
Q9I324	Q9UD40	0.000
Q9I324	Q96F91	0.000
Q9I324	Q96GF2	0.000
Q9I324	Q9C0A5	0.000
Q9I324	Q13524	0.000
Q9I324	Q92794	0.000
Q9I324	Q5SR49	0.000
Q9I324	A0A3B3ISY8	1.000
Q9I324	Q9NP28	1.000
Q9I324	Q04917	0.000
Q9I324	P20749	0.000
Q9I324	Q9BTK9	0.000
Q9I324	Q9P0H1	0.000
Q9I324	Q96N00	0.000
Q9I324	Q2L882	0.000
Q9I324	Q9BUG7	0.000
Q9I324	Q9UCG3	0.000
Q9I324	Q8IYZ5	0.000
Q9I324	Q96CX7	0.000
Q9I324	Q9BZL0	0.000
Q9I324	Q96D07	0.000
Q9I324	P16581	0.000
Q9I324	Q9UDG2	0.000
Q9I324	Q5SR48	0.000
Q9I324	Q9UM14	1.000
Q9I324	Q9UCV7	0.000
Q9I324	Q9UHH7	0.000
Q9I324	Q96KP2	0.000
Q9I324	P50591	0.000
Q9I324	Q53EK9	0.000
Q9I324	Q9UQH2	0.000
Q9I324	Q9NUY3	0.000
Q9I324	P82251	0.000
Q9I324	Q92601	0.000
Q9I324	Q9BQL0	0.000
Q9I324	Q9UE78	0.000
Q9I324	Q8TCV6	0.000
Q9I324	Q9UFL5	0.000
Q9I324	Q6FGB5	0.000
Q9I324	Q9H908	0.000
Q9I324	Q8WYA8	0.000
Q9I324	Q96HC5	0.000
Q9I324	Q59ES9	0.000
Q9I324	Q86VB3	0.000
Q9I324	Q5T054	0.000
Q9I324	Q9UIU2	0.000
Q9I324	Q05CA4	0.000
Q9I324	Q9BVC7	0.000
Q9I324	Q52M96	0.000
Q9I324	Q9BZZ4	0.000
Q9I324	Q27I61	0.000
Q9I324	Q9NSV4	0.000
Q9I324	Q5VYE8	0.000
Q9I324	Q52LZ2	0.000
Q9I324	O95396	0.000
Q9I324	Q8NBG5	0.000
Q9I324	Q9H3N0	0.000
Q9I324	Q9Y2L5	0.000
Q9I324	Q9H905	0.000
Q9I324	Q99497	0.000
Q9I324	Q96C16	0.000
Q9I324	H0YDY4	0.000
Q9I324	Q71UI9	0.000
Q9I324	Q9UCE0	0.000
Q9I324	Q9UQE1	0.000
Q9I324	Q9H0I1	0.000
Q9I324	Q9UEW9	0.000
Q9I324	Q9UFK3	0.000
Q9I324	P14784	0.000
Q9I324	Q9BTN5	0.000
Q9I324	Q96FJ2	0.000
Q9I324	P49427	0.000
Q9I324	Q9UPH4	1.000
Q9I324	Q99672	0.000
Q9I324	Q9UER7	0.000
Q9I324	Q9Y269	0.000
Q9I324	Q8WU70	0.000
Q9I324	Q9UDU9	0.000
Q9I324	Q8IVP2	0.000
Q9I324	Q9UPI9	0.000
Q9I324	Q969Z9	0.000
Q9I324	Q14499	0.000
Q9I324	Q9UCW4	1.000
Q9I324	Q9P102	0.000
Q9I324	Q9NZ42	0.000
Q9I324	Q92525	0.000
Q9I324	Q4VBP8	0.000
Q9I324	Q9BTD4	1.000
Q9I324	Q9NVZ7	0.000
Q9I324	Q9BR78	1.000
Q9I324	Q5JS30	0.000
Q9I324	Q9UIF0	0.000
Q9I324	Q8IY91	0.000
Q9I324	Q16103	0.000
Q9I324	Q9P2L0	0.000
Q9I324	Q8NHX1	0.000
Q9I324	Q8TAZ1	0.000
Q9I324	Q9H8G7	0.000
Q9I324	Q9UBN7	0.000
Q9I324	Q13393	0.000
Q9I324	Q99524	0.000
Q9I324	Q96RE4	0.000
Q9I324	Q14620	0.000
Q9I324	Q9UN03	0.000
Q9I324	Q9H840	0.000
Q9I324	Q9HA89	0.000
Q9I324	Q0VGC7	0.000
Q9I324	J3QS46	0.000
Q9I324	Q9UJX3	0.000
Q9I324	Q9UIQ4	0.000
Q9I324	O43617	0.000
Q9I324	Q6ISC3	0.000
Q9I324	Q9BQ17	0.000
Q9I324	Q6UW88	0.000
Q9I324	Q96C51	0.000
Q9I324	Q9NXI8	0.000
Q9I324	Q9UJB3	0.000
Q9I324	Q9BSQ0	0.000
Q9I324	Q5FWF0	0.000
Q9I324	Q9UHW4	0.000
Q9I324	V5R6A3	0.000
Q9I324	Q6ICN3	0.000
Q9I324	P62857	0.000
Q9I324	Q9NW28	0.000
Q9I324	Q53TN1	0.000
Q9I324	P10147	0.000
Q9I324	E9PI54	1.000
Q9I324	Q9UNG5	0.000
Q9I324	Q9BYV0	0.000
Q9I324	Q9BUB5	0.000
Q9I324	P05121	0.000
Q9I324	Q9UPP0	0.000
Q9I324	Q93035	0.000
Q9I324	Q96Q20	0.000
Q9I324	Q9BXR1	0.000
Q9I324	O14514	0.000
Q9I324	Q92542	0.000
Q9I324	Q8IVG0	0.000
Q9I324	Q9UPF7	0.000
Q9I324	Q9UQC0	0.000
Q9I324	Q96BN0	0.000
Q9I324	P24386	0.000
Q9I324	Q6Q317	0.000
Q9I324	Q9Y220	0.000
Q9I324	Q9Y6Y9	0.000
Q9I324	Q4TTG0	0.000
Q9I324	Q99444	0.000
Q9I324	Q9NR28	0.000
Q9I324	Q9NTK6	0.000
Q9I324	Q9P2Z3	0.000
Q9I324	Q9UQ61	0.000
Q9I324	P56199	0.000
Q9I324	Q9BW54	0.000
Q9I324	P49356	0.000
Q9I324	Q9UPW4	0.000
Q9I324	Q9Y234	0.000
Q9I324	Q5T8M9	0.000
Q9I324	Q9ULX4	0.000
Q9I324	Q9ULP1	0.000
Q9I324	Q9UQ54	0.000
Q9I324	Q9UL23	0.000
Q9I324	Q53XY5	0.000
Q9I324	Q9NRI5	0.000
Q9I324	Q9UCA2	0.000
Q9I324	Q9UDL6	0.000
Q9I324	Q9NZ24	0.000
Q9I324	P36873	0.000
Q9I324	Q5SRH4	0.000
Q9I324	Q8IYW3	0.000
Q9I324	Q9H961	0.000
Q9I324	Q86VU3	0.000
Q9I324	Q71UM0	0.000
Q9I324	Q9H3P2	0.000
Q9I324	Q8TAA3	0.000
Q9I324	Q9UEF4	0.000
Q9I324	Q92767	0.000
Q9I324	Q7KYU9	0.000
Q9I324	Q9BUS6	0.000
Q9I324	Q9UDW9	0.000
Q9I324	Q96PR7	0.000
Q9I324	Q96DH3	0.000
Q9I324	Q86YK6	0.000
Q9I324	Q9Y6J5	0.000
Q9I324	Q5JSL1	0.000
Q9I324	Q96B50	0.000
Q9I324	Q92901	0.000
Q9I324	Q9Y6I3	0.000
Q9I324	Q9BZY3	1.000
Q9I324	Q9UE68	0.000
Q9I324	Q9BPX0	0.000
Q9I324	Q9BSQ5	0.000
Q9I324	Q96J16	0.000
Q9I324	Q6UWF0	0.000
Q9I324	Q8WVP0	0.000
Q9I324	Q9P283	0.000
Q9I324	Q99688	0.000
Q9I324	Q8TB19	0.000
Q9I324	Q6UW79	0.000
Q9I324	Q96HF9	0.000
Q9I324	Q9UFU3	0.000
Q9I324	Q9NVS5	0.000
Q9I324	Q9Y6L8	0.000
Q9I324	Q96PD3	0.000
Q9I324	Q9UD21	0.000
Q9I324	P51124	0.000
Q9I324	P25963	0.000
Q9I324	Q53QM0	0.000
Q9I324	O95453	0.000
Q9I324	Q8WU82	0.000
Q9I324	Q9H5G1	0.000
Q9I324	Q96NZ6	0.000
Q9I324	Q9H5A8	0.000
Q9I324	Q53SU2	0.000
Q9I324	Q2NKM6	0.000
Q9I324	Q00005	0.000
Q9I324	Q9UE72	0.000
Q9I324	P08156	0.000
Q9I324	Q7Z3U4	0.000
Q9I324	Q99879	0.000
Q9I324	Q9UF58	0.000
Q9I324	Q13576	0.000
Q9I324	Q92558	0.000
Q9I324	Q969T5	0.000
Q9I324	P02708	0.000
Q9I324	Q6P4I0	0.000
Q9I324	Q6FH69	0.000
Q9I324	Q7Z4L6	0.000
Q9I324	Q9NPL3	0.000
Q9I324	P24941	0.000
Q9I324	Q5JP00	0.000
Q9I324	Q9UM56	0.000
Q9I324	Q5TGM6	0.000
Q9I324	Q6ZS74	0.000
Q9I324	Q8TDA5	0.000
Q9I324	Q8TCW5	0.000
Q9I324	Q8IUY9	0.000
Q9I324	O95450	0.000
Q9I324	Q9UJ39	0.000
Q9I324	Q9BQA2	0.000
Q9I324	Q6NWN6	0.000
Q9I324	Q8WZ63	0.000
Q9I324	Q5T8U4	0.000
Q9I324	O60921	0.000
Q9I324	Q9UNA4	0.000
Q9I324	Q6FGZ2	0.000
Q9I324	Q9H7K7	0.000
Q9I324	O43513	0.000
Q9I324	Q9UGP9	0.000
Q9I324	Q9BVN7	0.000
Q9I324	Q86W08	1.000
Q9I324	Q9BRV4	0.000
Q9I324	Q8NFG5	0.000
Q9I324	Q6NXQ1	0.000
Q9I324	Q9NVC4	0.000
Q9I324	Q9UEH7	0.000
Q9I324	Q9BZB6	0.000
Q9I324	Q9Y4J2	0.000
Q9I324	Q9Y4S7	0.000
Q9I324	Q6IBD4	0.000
Q9I324	Q53XK2	0.000
Q9I324	O14511	0.000
Q9I324	Q9BSP8	0.000
Q9I324	Q8WYK4	0.000
Q9I324	Q9Y6F0	0.000
Q9I324	Q6IPU0	0.000
Q9I324	Q9NSR6	0.000
Q9I324	Q9NUC4	0.000
Q9I324	Q96F51	0.000
Q9I324	O14687	0.000
Q9I324	Q9UMZ4	0.000
Q9I324	Q9H4E2	0.000
Q9I324	Q8NHV8	0.000
Q9I324	Q9UDL4	0.000
Q9I324	P26038	0.000
Q9I324	Q5T059	0.000
Q9I324	Q15596	0.000
Q9I324	Q9Y677	0.000
Q9I324	Q9Y6W6	0.000
Q9I324	Q9UCC0	0.000
Q9I324	Q8NF13	0.000
Q9I324	Q6IQ15	0.000
Q9I324	Q92574	0.000
Q9I324	Q92918	0.000
Q9I324	Q14185	0.000
Q9I324	Q15679	0.000
Q9I324	Q99741	0.000
Q9I324	Q96FV4	0.000
Q9I324	Q6GU45	0.000
Q9I324	Q9NT88	0.000
Q9I324	Q9HAP4	1.000
Q9I324	Q9UHZ8	0.000
Q9I324	Q00722	0.000
Q9I324	Q6FGX6	0.000
Q9I324	Q9NYR0	0.000
Q9I324	Q96H98	0.000
Q9I324	Q86XE6	0.000
Q9I324	Q9NXT4	0.000
Q9I324	P78339	0.000
Q9I324	Q9H8E4	0.000
Q9I324	Q8IVF9	0.000
Q9I324	Q9BR72	0.000
Q9I324	Q14026	0.000
Q9I324	Q9P079	0.000
Q9I324	Q9UMA7	0.000
Q9I324	Q9UNW5	0.000
Q9I324	Q6LBJ6	0.000
Q9I324	Q9UKQ5	0.000
Q9I324	Q9Y5J2	0.000
Q9I324	Q8NF52	0.000
Q9I324	Q9Y490	0.000
Q9I324	Q8N3Z2	0.000
Q9I324	Q9UG63	0.000
Q9I324	Q9UG52	0.000
Q9I324	Q53Y89	0.000
Q9I324	Q8NC92	0.000
Q9I324	Q14259	0.000
Q9I324	Q9P1U0	0.000
Q9I324	Q96J64	0.000
Q9I324	O60469	0.000
Q9I324	Q96AK7	0.000
Q9I324	Q8WYM6	0.000
Q9I324	Q99638	0.000
Q9I324	Q9UBN1	0.000
Q9I324	Q96D87	0.000
Q9I324	Q92466	0.000
Q9I324	P30086	0.000
Q9I324	Q8N679	0.000
Q9I324	Q9UN34	0.000
Q9I324	Q9UQV9	0.000
Q9I324	Q9UJY0	0.000
Q9I324	Q86X55	0.000
Q9I324	Q9H0W6	0.000
Q9I324	Q5VW80	0.000
Q9I324	Q9UHW5	0.000
Q9I324	Q6IPY3	0.000
Q9I324	Q8WWN9	0.000
Q9I324	Q8NG63	0.000
Q9I324	Q5D0C4	0.000
Q9I324	Q9BQE7	0.000
Q9I324	Q9BZP9	0.000
Q9I324	Q86WH4	0.000
Q9I324	Q92532	0.000
Q9I324	Q9NZX3	0.000
Q9I324	Q9Y445	0.000
Q9I324	Q38M82	0.000
Q9I324	Q9NUY4	0.000
Q9I324	Q86WX8	0.000
Q9I324	Q9Y3A0	0.000
Q9I324	Q15701	0.000
Q9I324	Q8NDZ7	0.000
Q9I324	Q9NS91	0.000
Q9I324	B9A064	0.000
Q9I324	Q8MGQ8	0.000
Q9I324	Q9BUM5	0.000
Q9I324	Q14595	0.000
Q9I324	Q9NSJ4	0.000
Q9I324	Q9Y2D3	0.000
Q9I324	Q9BTT1	0.000
Q9I324	Q9Y2L3	0.000
Q9I324	Q92820	0.000
Q9I324	Q9H8T1	0.000
Q9I324	Q9BW29	0.000
Q9I324	Q9UIW5	0.000
Q9I324	Q9UG90	0.000
Q9I324	F8W876	0.000
Q9I324	Q9NZ32	0.000
Q9I324	Q14178	0.000
Q9I324	Q9UE19	0.000
Q9I324	Q9UQH6	0.000
Q9I324	Q9ULC2	0.000
Q9I324	Q9UP46	0.000
Q9I324	Q9UDA5	0.000
Q9I324	Q29RG0	0.000
Q9I324	Q9UFU0	0.000
Q9I324	Q6IPF8	0.000
Q9I324	Q96QM6	0.000
Q9I324	Q9NPJ7	0.000
Q9I324	Q96AH8	0.000
Q9I324	Q8WUM6	0.000
Q9I324	Q9BYG4	0.000
Q9I324	Q6LDY0	0.000
Q9I324	Q6GTX8	0.000
Q9I324	Q9Y6S2	0.000
Q9I324	Q15816	0.000
Q9I324	O14543	0.000
Q9I324	Q8WV28	0.000
Q9I324	P43405	1.000
Q9I324	Q8WU19	0.000
Q9I324	Q5M8S9	0.000
Q9I324	Q8NHL5	0.000
Q9I324	Q9BVY5	0.000
Q9I324	A0A0A0MRK5	0.000
Q9I324	Q5I0G0	0.000
Q9I324	Q9H1P2	0.000
Q9I324	Q99523	0.000
Q9I324	Q5EEX2	0.000
Q9I324	Q9UNU0	0.000
Q9I324	Q9UCJ4	0.000
Q9I324	Q96CX0	0.000
Q9I324	Q9Y2X3	0.000
Q9I324	Q92856	0.000
Q9I324	Q9Y352	0.000
Q9I324	Q9H3P0	0.000
Q9I324	Q9Y2T8	0.000
Q9I324	Q9P2N4	0.000
Q9I324	Q9UF38	0.000
Q9I324	P29965	0.000
Q9I324	Q9UKW0	0.000
Q9I324	Q8NG46	0.000
Q9I324	Q9NRR6	0.000
Q9I324	Q9Y297	0.000
Q9I324	Q99878	0.000
Q9I324	Q96ED0	0.000
Q9I324	Q9UPB0	0.000
Q9I324	Q9NT58	0.000
Q9I324	Q9NPD3	0.000
Q9I324	O60851	0.000
Q9I324	Q99639	0.000
Q9I324	Q9UCT6	0.000
Q9I324	O95818	0.000
Q9I324	Q8NB68	0.000
Q9I324	Q9NQD6	0.000
Q9I324	Q9H4T5	0.000
Q9I324	Q9Y3B2	0.000
Q9I324	P02748	0.000
Q9I324	P17947	0.000
Q9I324	Q9UC99	1.000
Q9I324	Q9BWG3	0.000
Q9I324	Q9UNH4	0.000
Q9I324	Q59GZ4	0.000
Q9I324	Q6LDS9	1.000
Q9I324	Q99877	0.000
Q9I324	Q9UG57	0.000
Q9I324	Q9NQ05	0.000
Q9I324	Q9Y2Y1	0.000
Q9I324	Q9BW47	0.000
Q9I324	Q96C82	0.000
Q9I324	Q9UDI2	1.000
Q9I324	Q6URK5	0.000
Q9I324	Q9H4U5	0.000
Q9I324	Q9NRQ1	0.000
Q9I324	Q8WZ89	0.000
Q9I324	Q8WUZ7	0.000
Q9I324	Q17RZ2	1.000
Q9I324	Q96LT7	0.000
Q9I324	Q9BWY3	0.000
Q9I324	Q59EW4	0.000
Q9I324	Q9UK67	1.000
Q9I324	Q8NHW4	1.000
Q9I324	Q0VG08	0.000
Q9I324	Q9BPX5	0.000
Q9I324	Q9Y6E0	0.000
Q9I324	P41182	0.000
Q9I324	Q8N193	0.000
Q9I324	Q7Z5B9	0.000
Q9I324	P25685	0.000
Q9I324	Q9H6N1	0.000
Q9I324	Q9UD54	0.000
Q9I324	Q5T0U8	0.000
Q9I324	Q9UQM1	0.000
Q9I324	Q9NZ12	0.000
Q9I324	Q8TAC2	0.000
Q9I324	Q9UD26	0.000
Q9I324	Q9UP48	0.000
Q9I324	Q96GH3	0.000
Q9I324	Q9BUZ2	0.000
Q9I324	Q9NR70	0.000
Q9I324	Q9P2G8	0.000
Q9I324	Q503B4	0.000
Q9I324	P20132	0.000
Q9I324	Q9P2P3	0.000
Q9I324	Q6PK67	0.000
Q9I324	Q9UCZ8	0.000
Q9I324	Q99615	0.000
Q9I324	Q86XG6	0.000
Q9I324	Q52LW4	0.000
Q9I324	Q53X14	0.000
Q9I324	Q9Y3R6	0.000
Q9I324	Q9NQD9	0.000
Q9I324	Q8NE13	0.000
Q9I324	Q2M1S3	0.000
Q9I324	Q96RW5	0.000
Q9I324	Q9UDH7	0.000
Q9I324	Q9UFQ1	0.000
Q9I324	Q7M4R4	0.000
Q9I324	Q92876	0.000
Q9I324	Q3MIB1	0.000
Q9I324	Q6FG96	0.000
Q9I324	Q8TAY2	0.000
Q9I324	Q9NP05	0.000
Q9I324	Q9UPT6	0.000
Q9I324	Q9UMU2	0.000
Q9I324	Q8TF30	0.000
Q9I324	P08138	0.000
Q9I324	Q9UNT7	0.000
Q9I324	Q9UIT9	0.000
Q9I324	Q9UGQ1	0.000
Q9I324	Q9UFH4	0.000
Q9I324	Q9Y2A6	0.000
Q9I324	Q9ULJ5	0.000
Q9I324	Q9UHH9	0.000
Q9I324	Q9Y2K2	0.000
Q9I324	Q86XF8	0.000
Q9I324	Q96TG0	0.000
Q9I324	Q9UHL1	0.000
Q9I324	Q8TC19	0.000
Q9I324	Q53FB8	0.000
Q9I324	Q9UEU9	0.000
Q9I324	Q9H6W0	0.000
Q9I324	Q9UD88	0.000
Q9I324	Q9NQG5	0.000
Q9I324	Q9UM50	0.000
Q9I324	Q6IB86	0.000
Q9I324	Q3KPG8	0.000
Q9I324	Q9UPB1	0.000
Q9I324	Q9H9U1	0.000
Q9I324	Q9UJV6	0.000
Q9I324	Q9UQV2	0.000
Q9I324	Q96BV4	0.000
Q9I324	Q86UQ7	0.000
Q9I324	P46934	0.000
Q9I324	Q5T4L6	0.000
Q9I324	Q76M58	0.000
Q9I324	Q9BTS8	0.000
Q9I324	Q9UGA4	0.000
Q9I324	Q9BVK4	0.000
Q9I324	Q9Y317	0.000
Q9I324	Q6P1W2	0.000
Q9I324	Q9UMV4	0.000
Q9I324	Q6ZN33	0.000
Q9I324	Q5U0R4	0.000
Q9I324	Q15040	0.000
Q9I324	Q2V575	0.000
Q9I324	Q52LC9	0.000
Q9I324	Q9P0J8	0.000
Q9I324	Q5W116	0.000
Q9I324	Q09GT4	0.000
Q9I324	Q7Z698	0.000
Q9I324	Q9NQ58	0.000
Q9I324	Q8IXL2	0.000
Q9I324	Q9UCD5	0.000
Q9I324	Q96IN1	0.000
Q9I324	Q92491	0.000
Q9I324	Q5BKT2	0.000
Q9I324	Q9H554	0.000
Q9I324	Q8IUI1	0.000
Q9I324	Q6WWJ7	1.000
Q9I324	Q6PG42	0.000
Q9I324	Q9Y5Z9	0.000
Q9I324	Q9UQM6	0.000
Q9I324	Q6FHD5	0.000
Q9I324	Q86XR0	0.000
Q9I324	Q96HR2	0.000
Q9I324	O75396	0.000
Q9I324	P18849	0.000
Q9I324	Q9UPE3	0.000
Q9I324	Q9UNF9	0.000
Q9I324	Q99660	0.000
Q9I324	Q9BXZ8	0.000
Q9I324	Q5TZY3	0.000
Q9I324	Q9UDK2	0.000
Q9I324	Q96RP6	0.000
Q9I324	Q9ULG4	0.000
Q9I324	Q86YI1	0.000
Q9I324	Q6IAY3	0.000
Q9I324	P26715	0.000
Q9I324	P46940	0.000
Q9I324	P06493	0.000
Q9I324	Q53ES8	0.000
Q9I324	Q9UCW1	0.000
Q9I324	Q96T75	0.000
Q9I324	Q9UDF3	1.000
Q9I324	Q9UCM9	0.000
Q9I324	Q9NZC7	0.000
Q9I324	Q92479	0.000
Q9I324	Q9GKR4	0.000
Q9I324	Q9HBW0	0.000
Q9I324	Q6IB08	0.000
Q9I324	U3KQL5	0.000
Q9I324	Q6PKG5	0.000
Q9I324	Q59H33	0.000
Q9I324	Q9UPP8	0.000
Q9I324	Q9UIU9	0.000
Q9I324	P62318	0.000
Q9I324	Q8WW06	0.000
Q9I324	Q9UFT9	0.000
Q9I324	P27824	0.000
Q9I324	Q9UKN9	0.000
Q9I324	Q8IYN8	0.000
Q9I324	Q9UKB6	0.000
Q9I324	Q9BTC1	0.000
Q9I324	Q9NYV6	0.000
Q9I324	P80075	0.000
Q9I324	Q9UIV3	0.000
Q9I324	Q9UM80	0.000
Q9I324	Q14283	0.000
Q9I324	P09601	0.000
Q9I324	Q96CH0	0.000
Q9I324	Q9BXY9	0.000
Q9I324	Q16566	0.000
Q9I324	Q99835	0.000
Q9I324	Q53X75	0.000
Q9I324	Q9UC55	0.000
Q9I324	Q9UEB9	0.000
Q9I324	Q567S7	0.000
Q9I324	Q9BTK8	0.000
Q9I324	Q5TII6	0.000
Q9I324	Q8N1A1	0.000
Q9I324	Q9BQE8	0.000
Q9I324	Q86VC0	0.000
Q9I324	Q549Z0	0.000
Q9I324	Q6P5S5	0.000
Q9I324	Q53Y81	0.000
Q9I324	Q53RR6	0.000
Q9I324	Q9Y659	1.000
Q9I324	Q8N256	0.000
Q9I324	Q96RI0	0.000
Q9I324	Q9C0K3	0.000
Q9I324	Q96H17	0.000
Q9I324	P51965	0.000
Q9I324	Q6LER8	0.000
Q9I324	Q9Y2X1	0.000
Q9I324	O60884	0.000
Q9I324	Q9NRD3	0.000
Q9I324	Q6PDA9	0.000
Q9I324	Q9BUQ8	0.000
Q9I324	Q9UPZ6	0.000
Q9I324	Q6IBM4	1.000
Q9I324	Q9UJL3	0.000
Q9I324	Q9UJL1	0.000
Q9I324	Q9UMZ6	0.000
Q9I324	Q9UNL4	0.000
Q9I324	O00399	0.000
Q9I324	Q45F99	0.000
Q9I324	Q9BUU6	0.000
Q9I324	Q9UHD2	0.000
Q9I324	Q9BXP7	0.000
Q9I324	Q9P279	0.000
Q9I324	Q9NW54	0.000
Q9I324	Q9H5P6	0.000
Q9I324	Q8IZ71	0.000
Q9I324	X5D9B4	0.000
Q9I324	Q9UJ43	0.000
Q9I324	Q53HH9	0.000
Q9I324	Q9Y5V3	0.000
Q9I324	Q4KN36	0.000
Q9I324	Q99407	0.000
Q9I324	Q9H1A8	0.000
Q9I324	Q53Y80	0.000
Q9I324	Q9Y2V7	0.000
Q9I324	P07478	0.000
Q9I324	Q9Y6X2	0.000
Q9I324	Q9GZZ9	0.000
Q9I324	Q13107	0.000
Q9I324	Q9NY42	0.000
Q9I324	Q9C092	0.000
Q9I324	Q96GB8	0.000
Q9I324	Q53YA2	0.000
Q9I324	Q9UL22	0.000
Q9I324	P04083	0.000
Q9I324	Q9BVL2	0.000
Q9I324	Q96BV9	0.000
Q9I324	Q04912	0.000
Q9I324	Q8NEN8	0.000
Q9I324	Q9UCA1	0.000
Q9I324	Q9UJZ0	0.000
Q9I324	X6R433	0.000
Q9I324	Q14600	0.000
Q9I324	Q9HCU0	0.000
Q9I324	Q6IBR4	0.000
Q9I324	Q7L5N1	0.000
Q9I324	P59510	0.000
Q9I324	Q5T1G3	0.000
Q9I324	Q9H9B1	0.000
Q9I324	Q6FHV0	0.000
Q9I324	Q15860	0.000
Q9I324	Q8WYM1	0.000
Q9I324	Q7Z3D1	0.000
Q9I324	Q4JHT4	0.000
Q9I324	O15145	1.000
Q9I324	Q29R80	0.000
Q9I324	Q9UNY8	0.000
Q9I324	Q96L32	0.000
Q9I324	Q96HP1	0.000
Q9I324	Q86W79	0.000
Q9I324	Q5IFM8	0.000
Q9I324	Q99759	0.000
Q9I324	Q96J47	0.000
Q9I324	Q9BS41	0.000
Q9I324	Q8IVD1	0.000
Q9I324	Q6FGZ6	0.000
Q9I324	Q9HC29	1.000
Q9I324	Q9HCB6	0.000
Q9I324	Q9NSZ3	0.000
Q9I324	P07948	0.000
Q9I324	Q706C1	0.000
Q9I324	Q52M77	0.000
Q9I324	Q96G93	0.000
Q9I324	Q9Y5N9	0.000
Q9I324	Q9NQ11	0.000
Q9I324	Q6P2M6	0.000
Q9I324	Q9UMK3	0.000
Q9I324	Q6IB15	0.000
Q9I324	Q53FT5	0.000
Q9I324	Q6FHV5	0.000
Q9I324	Q6I9U0	0.000
Q9I324	Q6IS14	0.000
Q9I324	Q9NYE6	0.000
Q9I324	Q9Y4B6	0.000
Q9I324	Q9Y4K3	0.000
Q9I324	Q96J69	1.000
Q9I324	Q53ER6	0.000
Q9I324	Q9UPY5	0.000
Q9I324	Q9UJB1	1.000
Q9I324	Q96TE5	0.000
Q9I324	Q9UFS6	0.000
Q9I324	Q9H7P2	0.000
Q9I324	Q9BS70	0.000
Q9I324	Q68GC0	0.000
Q9I324	Q9H8S0	0.000
Q9I324	Q96RL2	0.000
Q9I324	Q9UF77	0.000
Q9I324	Q9P124	0.000
Q9I324	Q96J48	0.000
Q9I324	Q9UJX5	0.000
Q9I324	Q9BV05	0.000
Q9I324	Q9UCI0	0.000
Q9I324	Q3KNQ9	0.000
Q9I324	Q9Y684	0.000
Q9I324	Q9BV98	0.000
Q9I324	Q9HCX2	0.000
Q9I324	Q9BUG3	0.000
Q9I324	Q9UKS8	0.000
Q9I324	Q9UED9	0.000
Q9I324	Q8NDC7	0.000
Q9I324	Q9NWD5	0.000
Q9I324	Q96F48	0.000
Q9I324	Q96BY3	0.000
Q9I324	Q9H1Z1	0.000
Q9I324	Q8N6J0	0.000
Q9I324	Q00007	1.000
Q9I324	Q5U026	0.000
Q9I324	Q9NS82	0.000
Q9I324	Q8WTZ2	0.000
Q9I324	Q9UPA4	0.000
Q9I324	Q96GP7	0.000
Q9I324	Q8WUB0	0.000
Q9I324	Q96S46	0.000
Q9I324	Q9NQE6	0.000
Q9I324	Q6UWL3	0.000
Q9I324	Q9Y4Y0	0.000
Q9I324	Q9NXS4	0.000
Q9I324	Q9P2A9	0.000
Q9I324	Q8TBI9	0.000
Q9I324	Q9UFD0	0.000
Q9I324	Q9NRY3	0.000
Q9I324	Q9HAP7	0.000
Q9I324	Q9H370	0.000
Q9I324	Q9P230	0.000
Q9I324	Q93022	0.000
Q9I324	Q6B007	0.000
Q9I324	Q9H0U4	0.000
Q9I324	Q9UDK3	0.000
Q9I324	Q9NUP9	0.000
Q9I324	Q8WW07	0.000
Q9I324	Q96PM2	0.000
Q9I324	P35568	0.000
Q9I324	Q7M4P1	0.000
Q9I324	O60500	0.000
Q9I324	Q6IPY4	0.000
Q9I324	Q5JTE3	0.000
Q9I324	Q9NRE6	0.000
Q9I324	Q96EA0	0.000
Q9I324	Q9UQI9	0.000
Q9I324	Q9Y6G9	0.000
Q9I324	P22459	0.000
Q9I324	Q8N4G0	0.000
Q9I324	Q8IZK9	0.000
Q9I324	Q9H4E7	0.000
Q9I324	Q9BRA6	0.000
Q9I324	Q9Y6V4	0.000
Q9I324	P06734	0.000
Q9I324	Q9BWA8	0.000
Q9I324	Q9Y6T3	0.000
Q9I324	Q9HB32	0.000
Q9I324	Q99760	0.000
Q9I324	Q7Z2Y5	0.000
Q9I324	H0Y8J7	0.000
Q9I324	Q8TC14	0.000
Q9I324	Q6ZYL4	0.000
Q9I324	Q8N5V4	0.000
Q9I324	Q86XE8	0.000
Q9I324	Q9UJX4	0.000
Q9I324	Q9Y5J8	0.000
Q9I324	Q5U0N2	0.000
Q9I324	Q9H7S0	0.000
Q9I324	Q96AZ3	0.000
Q9I324	Q96JK2	0.000
Q9I324	P26651	0.000
Q9I324	Q96IG6	0.000
Q9I324	Q9UGI0	0.000
Q9I324	Q9Y2D1	0.000
Q9I324	Q9H9S0	0.000
Q9I324	Q9Y4I3	0.000
Q9I324	Q86XD3	0.000
Q9I324	Q9BQ21	0.000
Q9I324	Q567Q6	0.000
Q9I324	Q96CY8	0.000
Q9I324	Q9BTY1	0.000
Q9I324	Q99806	0.000
Q9I324	Q9NY44	0.000
Q9I324	Q14520	0.000
Q9I324	Q92934	0.000
Q9I324	Q5HYA0	0.000
Q9I324	Q9UEI7	0.000
Q9I324	Q9UL47	0.000
Q9I324	Q9Y5X3	0.000
Q9I324	Q9UM99	0.000
Q9I324	Q9NX09	0.000
Q9I324	Q9NR42	0.000
Q9I324	Q9Y4Y7	0.000
Q9I324	Q96IZ1	0.000
Q9I324	P40197	0.000
Q9I324	Q6FHA2	0.000
Q9I324	Q6ICU4	0.000
Q9I324	P67775	0.000
Q9I324	Q9Y5X8	0.000
Q9I324	Q9HA07	0.000
Q9I324	Q9UKS3	0.000
Q9I324	P21371	0.000
Q9I324	P16591	0.000
Q9I324	Q6P1L7	0.000
Q9I324	Q99804	0.000
Q9I324	Q92793	0.000
Q9I324	Q3MJ87	0.000
Q9I324	Q02543	0.000
Q9I324	Q9UMD9	0.000
Q9I324	Q9UJW0	0.000
Q9I324	Q8TAX4	0.000
Q9I324	Q15576	0.000
Q9I324	Q9P0I1	0.000
Q9I324	Q96PR8	0.000
Q9I324	Q9UDC6	0.000
Q9I324	Q86WQ5	0.000
Q9I324	Q9UK55	0.000
Q9I324	Q9UCH2	0.000
Q9I324	Q6PIE6	0.000
Q9I324	R4I4T5	1.000
Q9I324	Q9JLX1	0.000
Q9I324	Q9H240	0.000
Q9I324	Q9H324	0.000
Q9I324	Q9Y6Q0	0.000
Q9I324	Q9UN02	0.000
Q9I324	Q6NW19	0.000
Q9I324	Q9NZ22	0.000
Q9I324	Q9UED7	0.000
Q9I324	Q6P278	0.000
Q9I324	Q9UDU6	0.000
Q9I324	Q8NBR3	0.000
Q9I324	Q9BW98	0.000
Q9I324	Q99649	0.000
Q9I324	Q7M4L5	0.000
Q9I324	Q96E97	1.000
Q9I324	Q9XRX6	0.000
Q9I324	Q9Y6U3	0.000
Q9I324	Q8IZL5	0.000
Q9I324	Q9UBZ9	0.000
Q9I324	Q92636	0.000
Q9I324	Q9BW61	0.000
Q9I324	A0A087X089	1.000
Q9I324	Q9ULY8	0.000
Q9I324	Q9Y265	0.000
Q9I324	Q9BXB3	0.000
Q9I324	Q9BTS3	0.000
Q9I324	Q9H1Z5	1.000
Q9I324	Q9UME3	0.000
Q9I324	O75327	0.000
Q9I324	Q13414	0.000
Q9I324	Q9NVR8	0.000
Q9I324	Q9P2X1	0.000
Q9I324	Q9UQE9	0.000
Q9I324	Q9NS92	0.000
Q9I324	Q9Y4G5	1.000
Q9I324	Q9UCZ5	0.000
Q9I324	Q9UP74	0.000
Q9I324	Q9H6U8	0.000
Q9I324	Q6IAS3	0.000
Q9I324	Q9Y2G5	0.000
Q9I324	Q9UIS7	0.000
Q9I324	Q9P234	0.000
Q9I324	Q9BQ56	0.000
Q9I324	Q9NZ83	0.000
Q9I324	Q9UQ41	0.000
Q9I324	Q6IBE1	0.000
Q9I324	F5H5P2	0.000
Q9I324	Q6NSK6	0.000
Q9I324	Q8IZ61	0.000
Q9I324	Q9Y5I8	0.000
Q9I324	P01762	0.000
Q9I324	Q9BUK9	0.000
Q9I324	P22681	0.000
Q9I324	Q8N5Y0	0.000
Q9I324	Q9UQ55	0.000
Q9I324	O00487	0.000
Q9I324	Q7Z484	0.000
Q9I324	Q8N513	0.000
Q9I324	Q9NYE7	0.000
Q9I324	Q96FI6	0.000
Q9I324	Q4VAK2	0.000
Q9I324	Q96CL1	0.000
Q9I324	Q92747	0.000
Q9I324	Q9H391	0.000
Q9I324	Q9UP80	0.000
Q9I324	Q9Y588	0.000
Q9I324	P62314	0.000
Q9I324	P26012	0.000
Q9I324	P04234	0.000
Q9I324	Q6IB18	0.000
Q9I324	Q93077	0.000
Q9I324	Q9HCZ7	0.000
Q9I324	Q9BQC5	0.000
Q9I324	Q6LDT9	0.000
Q9I324	Q53QM4	0.000
Q9I324	Q9BUT4	0.000
Q9I324	Q9UIJ0	0.000
Q9I324	Q96E62	0.000
Q9I324	Q6PB27	0.000
Q9I324	Q99883	0.000
Q9I324	A5LHX3	0.000
Q9I324	Q5HYA4	0.000
Q9I324	Q9UBS6	0.000
Q9I324	Q49AP1	0.000
Q9I324	Q8N7J7	0.000
Q9I324	Q6ZNX1	0.000
Q9I324	Q9Y5T5	0.000
Q9I324	Q9Y4L3	0.000
Q9I324	Q5T654	0.000
Q9I324	Q9UCC6	0.000
Q9I324	Q9UJN9	0.000
Q9I324	Q9BU45	0.000
Q9I324	Q9Y3U8	0.000
Q9I324	Q9BV51	0.000
Q9I324	Q8IX89	0.000
Q9I324	Q14258	0.000
Q9I324	Q17RT7	0.000
Q9I324	Q8IVR6	0.000
Q9I324	Q6PIJ0	0.000
Q9I324	Q96AT7	0.000
Q9I324	Q9UNA0	0.000
Q9I324	Q9Y2G2	0.000
Q9I324	Q9Y5K2	0.000
Q9I324	Q99723	0.000
Q9I324	Q9H3I2	0.000
Q9I324	Q96GG7	0.000
Q9I324	Q9XS12	0.000
Q9I324	Q8N721	0.000
Q9I324	Q32N00	0.000
Q9I324	Q9NQS1	0.000
Q9I324	Q9Y5Q1	0.000
Q9I324	X5D2V5	0.000
Q9I324	Q96NE6	0.000
Q9I324	Q9H3M9	0.000
Q9I324	Q96H96	0.000
Q9I324	Q6LD15	1.000
Q9I324	Q96RJ1	0.000
Q9I324	Q08AS3	0.000
Q9I324	Q53T45	0.000
Q9I324	Q9P1U1	0.000
Q9I324	Q15796	0.000
Q9I324	Q6FHD2	0.000
Q9I324	Q9Y395	0.000
Q9I324	Q8WLP6	0.000
Q9I324	P25105	0.000
Q9I324	Q9P152	0.000
Q9I324	Q9HCX0	0.000
Q9I324	Q9UCS0	1.000
Q9I324	Q8WTQ7	0.000
Q9I324	Q9UJ40	0.000
Q9I324	Q8NDP8	0.000
Q9I324	O94826	0.000
Q9I324	Q99743	0.000
Q9I324	Q92489	0.000
Q9I324	Q9Y287	0.000
Q9I324	Q9UQB7	0.000
Q9I324	Q9UQR1	0.000
Q9I324	Q86VH9	0.000
Q9I324	Q9UCT8	0.000
Q9I324	Q53XV4	0.000
Q9I324	Q9Y4Q2	0.000
Q9I324	P58876	0.000
Q9I324	P78315	0.000
Q9I324	Q9Y6Q9	0.000
Q9I324	Q9NNZ9	0.000
Q9I324	Q9UDG5	0.000
Q9I324	Q9Y5R8	0.000
Q9I324	Q9UQD8	0.000
Q9I324	Q96BX6	0.000
Q9I324	Q8NCX9	0.000
Q9I324	Q2M205	0.000
Q9I324	P49674	0.000
Q9I324	Q2MJR1	0.000
Q9I324	Q9UNV3	0.000
Q9I324	Q9UKV5	0.000
Q9I324	Q5TZC0	0.000
Q9I324	Q9TNN9	0.000
Q9I324	Q9UNM5	0.000
Q9I324	Q9NQT4	0.000
Q9I324	P43146	0.000
Q9I324	Q8TBK4	0.000
Q9I324	Q9UDI8	0.000
