P46414		9067571
Q62311	P21675	7667268
P17095	P17947	7594592
P46414	P43063	9067571
P03995	P04273	1974464
P10417	P04925	8738158
P39429	P19438	9129204
P70380	P01579	8999548
P70380	P29466	8999548
P42574	P70380	8999548
P14859	Q64693	8530384
P09086	Q64693	8530384
P06899	Q62311	8598932
Q16695	Q62311	8598932
Q16594	Q62311	7667268
Q62311	Q16514	7667268
Q62311	P20226	7667268
Q62311	P29083	7667268
P08752	Q08462	9252377
P29387	P26769	7761832
Q08639	P30274	rtd:1830372
Q62225	P14753	7796808
Q13671	P42655	9144171
Q61036	P60953-2	9033409
P09759	Q60631	8798570
Q60760	P09759	8798570
Q60898	Q03145	7543898
P70304	Q03145	7982920
Q15628	P39429	8565075
P39429	P20333	8069916
P01830	P70304	7915927
P39429	P39429	8702708
P39429	P39428	8702708
Q13546	P39429	8702708
P30681	P09086	7720710
P14859	P30681	7720710
P30681	Q03052	7720710
Q61337		9324938 17941720
P35279	Q61598	7782346
Q61598	P20339	7782346
Q61598	P62820	7782346
Q61598	P61019	7782346
P20338	Q61598	7782346
Q6PAL8	P35279	7782346
Q62145	P20339	7782346
Q62083	P20444	7844141
P10085	P15923	8383120
P41136	P15923	8383120
P11420	Q64279	7791788
P15056	P31938	8668348
P04049	P02340	7784054
Q01094	Q08639	8405995
P30561	P53762	7488247
Q62145	P35279	7782346
P15056	Q63932	8668348
Q62311	P35269	7667268
Q62225	P26954	7796808
Q08639	P06400	rtd:1830372 1830372
P15924	P20152	9261168
Q62120	P04049	8876196
P20152	P20152	8576158
P39688	Q03137	8622893
Q9DH70	P02340	9043710
P31001	P15924	9261168
Q64507	P15924	9261168
P20152	P05783	8576158
P30561	P11499	8828811
P36898	P27037	8612709
P42230	P19756	8702683
Q00422	Q00420	9461436
Q80US8	P26309	9461437
Q62120		9111009
Q62120	P42227	8923468
Q62120	P42232	8923468
P01111	Q62120	8876196
Q63953	Q62120	7499845
P10912	Q62120	7956946
Q62120	P19941	7956946
Q62120	P16882	7896787
Q62120	P14753	7896787
Q62120	P40189	7896787
P45984	P42227	7568080
P17275	P42227	7568080
P42227	Q61727	8910398
Q03405	P39688	9417082
Q62120	P98083	7535773
P98083	P16310	7535773
P62993	P98083	8491186 7535773 8051109
P29387	P63211	8636150
P29387	P63212	8636150
P63212	P62881	8636150
P29387	P63214	8636150
P63214	P62881	8636150
Q6FHM2	P50153	8636150
P16520	P50153	8636150
P50153	P29387	8636150
P62881	P50153	8636150
P63217	P29387	8636150
P63217	P62881	8636150
P29387	P30671	8636150
P62881	P30671	8636150
Q01705	P31266	8749394 17210915 18832173
P31266	P07207	8749394
Q01705	P28159	8749394
P01108	P28574	1840505
P21279	P28647	7622506
P21278	P28647	7622506
P00523	Q05860	8969217
Q05860	Q05876	8969217
Q69138	P31266	8955054
P31266	Q69139	8955054
P03203	P31266	8955054
Q61730	P51617	9426216
P11345	Q61576	9438387
P42227	P16882	8923468
P30285	P25322	1423597 12588994 10348346 17940036 16864783
P16882	P42230	8702683
P62881	P63211	8636150
Q9D646	P15924	7525601
P17535	P42227	7568080
P50153	P62873	8636150
P42232	P16882	8923468
P01101	P05627	1631061
P19793	Q60641	7760852
P19793	Q60644	7760852
P53349	P47809	7997270
	P47809	7997270
P63085	P04627	7997270
P50540	Q62141	7889570
P50538	Q60520	7889570
Q62141	P50538	7889570
P05627	P05627	1631061
P05627	Q9QUT9	1631061
P05627	Q06507	1631061
P05627	P58771	1631061
P58774	P05627	1631061
P56581	P01101	1631061
P01101	Q06507	1631061
P06537	P05627	2169352
P01101	P06537	2169352
P05627	P13346	2498083
P09450	P13346	2498083
P09450	P01101	2498083
P25916	Q64028	9571155
P30658	P25916	9571155
P25916	P25916	9571155
Q64028	Q64028	9571155
P30658	P30658	9571155
P26039	P02568	9159132 10581178
P60010	P26039	9159132
P20334	P41274	8405064
O09030	P16382	9013879
P28867	P42228	10446219
Q60520	P50540	7889570
P56581	P05627	1631061
P16110		10745073
P23708	P63140	8754798
P23708	Q62725	8754798
Q09014	P97369	8679714
Q60749	P39688	7799925
Q60631	Q60749	7799925
P10686	Q60749	7799925
P10417	Q60739	7834747
P15209	P20181	8621424
P21237	P15209	1375038
Q01279	P01132	8702666
P42703	P09056	7738033
P42703	Q60753	7738033
O70458	P53347	9920829
P53347	Q00560	9920829
P12025	Q03348	10212223
Q13873	P36898	10712517
P36894	P36898	10712517
P22004	P36898	10504300
P37172	P22004	10504300
P36895	P22004	10504300
P22004	P27040	10504300
Q00560	P47873	10026196
P36898	P43026	8702914
P27038	P08476	7890768 10652306
Q9WUT7	O35903	10229797
P47873	Q64385	10026196
P05111	P27038	7890768
P12644	P36895	7673243
O35903	P51686	10498628
P07155	P04150	9671457
O35516	Q09163	10958687
O70460		10706668
O35903		10706668
	P51670	10706668
P36898	P36898	10712517
P23204	Q13772	10347167
P03372	P45481	8799122
Q61026	P03372	11117532
P03372	P30681	9671457
P06401	P07155	9671457
P06401	P30681	9671457
P10275		10669760
	P03372	10669760
P10828		10669760
Q15596	P45481	9430642
P38398	Q61026	11085509
O35516		10958687
O35516		10958687
Q99665	P43432	9498755
Q61851	P37237	10574949
P16092	P54130	10574949
P00493	P00493	11591653
P21803	O15520	11121055
P14653	P41778	10052460
P01900	P01887	9729040
P09920	Q99062	1701053
P01887	P01899	9892618
P04150	P30681	9671457
P03372	P07155	9671457
Q61851	P54130	10574949
P46092	Q9Z1X0	10725697
P46406	P54254	8872471
P63248	P05132	8443157 26833386
P01887	P11609	9219685
P06343	P01910	10583947
P01901	P01887	10023770
Q04207	P25799	19887633 9450761 20740013 21220295
P43488	P47741	9030600
	P36941	9739048
P36898	P18075	9261125
P46061	P63279	11853669
P19878	P97369	9490029
Q93068	P46061	9019411
P97377	P25322	10348346
P39689	P30280	10348346
P51945	Q91XK7	12167164
Q64364	P51945	12167164
Q64364	Q91XK7	12167164
Q64364	O08918	12167164
O08918	Q91XK7	12167164
Q60996	P51945	12167164
Q60996	O08918	12167164
P23804	P29037	9388200
P02340	P23804	18359851 9653180 21857681 18695251 19556538
P02340	Q12888	8016121
Q9DBW5	Q64163	9878064
Q9DBW5	Q9DBW5	9878064
P25801	Q13363	11751867
P25322	P08109	12588994
P39689	P08109	12588994
P08109	P30285	12588994
Q64364	P02340	9653180
P40855	Q64364	11259404 12154087
P25322	P39689	12588994 10348346
P23804	P20226	9388200
P23804	P13393	9388200
P23804	Q64364	10713175 9653180 9529248
Q64364	P04637	9529248
O35618	P04637	8895579
Q9NXV6	Q64364	12154087 12581788
P25322	Q64261	10348346
P97377	P39689	10348346
P39689	P30285	10348346
Q64261	P39689	10348346
Q9EPB4	Q9EPB4	11139337
P63279	O09053	10806190
O09053	Q93068	10806190
O88700	P63279	10806190
Q61686	P46013	11793364
P46013	P23198	11793364
O88838	Q96IZ0	16369487
Q96IZ0	Q9D5L7	16369487
Q8R5B6	Q96IZ0	16369487
O88838	P08581	16369487
Q9WUL7	O75695	18376416 16472755
O08808	O08808	16472745
P62990	P42567	16462748
Q9UKV5	P60605	19223579 16407162 16462746
Q02763	O08538	16732286
O14745	P26043	16615918
P26043	Q15599	16615918
P35330	P26043	16615918
P26043	P13597	16615918
P26043	P29533	16615918
P26043	P15379	16615918
P61092	Q27934	16615911
Q99LI8	Q99LI8	16615908
Q99LI8	P60879	16615908
Q5EBH1	P01112	16698549
P62834	Q5EBH1	16698549
P43488	P43488	16905106
P43488	P23510	16905106
Q00560	O35718	16905102
Q8CIX8	Q8CIX8	17161372
Q80YV3	Q8R4I1	16494529
Q80YV3	Q9JHD2	16494529
Q8R4I1	Q8BU36	16494529
Q99MI6	P10417	16509771
Q8BWF2	P10417	16509771
	Q99MI6	16509771
	Q8BWF2	16509771
Q99MI6	Q07812	16509771
Q8BWF2	Q07812	16509771
Q07812		16509771
Q16611	Q99MI6	16509771
Q8BWF2	Q16611	16509771
Q92934	Q99MI6	16509771
Q8BWF2	Q92934	16509771
Q99MI6	O43521	16509771
O43521	Q8BWF2	16509771
P23242	P52795	16968134
Q6B955	Q3Y6S0	17048991
	O54918	17177603
Q99KQ4	Q99KQ4	16783373 16783377
Q62245	P62993	16906159
Q91XD6	P62990	17057714
Q8R1S4	Q8R1S4	17292833
P68135	Q8R1S4	17292833
P43686	Q9Z2X2	17292836
P06400	Q9Z2X2	17292836
O88907	Q505F1	17187077
Q505F1	P63280	17187077
P63166	Q505F1	17187077 18682553
Q505F1	Q60953	17187077
Q505F1	Q8CBD1	17187077 18682553
Q505F1	Q9JHD1	18682553 17187077
Q8C863		17437719
Q8C863		17437719
Q61033	Q61033	17562312
P25391	Q61033	17562312
O88703	O88703	17562314
Q60838	Q60838	17529994
O56327	Q76MZ3	17608567
Q8R4I1	Q8VE65	16494529
Q9JHD2	Q8R4I1	16494529
P52800	P52795	16968134
P23242	P52800	16968134
P15209	P49615	17341134
P49615	P61809	17341134
P15209	P61809	17341134
Q3UQN2	Q3UQN2	17540576
Q921E6	Q61188	17937919 20075857
Q8CBW3	Q9Z207	18044991
Q8BH43	Q8CBW3	18044991
Q9ERR1	Q9ERR1	17997972
P63005	Q9ERR1	17997972
Q9GZM8	P63005	17997972
Q07813		17941720
Q99104		17941720
Q8VDD5		17941720
O75716	P32233	18184589
Q5EE38	Q91WC1	17632522
Q3TNS5	Q5EE38	17632522
Q5EE38	Q9NUX5	17632522
Q96AP0	Q91WC1	22101936 17632522
Q3TNS5	Q96AP0	17632522
P26361	P13569-1	17660831
Q9ERG0	P09803	18093941
Q9ERG0	P35222	18093941
P10288	Q9ERG0	18093941
Q60838	Q9Y4D1	18162551
Q7TS55	Q7TS55	18178614 18182486
Q7TS55	O35714	18182486
Q60FQ9	P35235	18192401
P97469	P30561	18223155
Q69ZK9	Q69ZK9	18250328
P24468	P23772	18250317
Q8R418	Q8R418	18268334
P07309		18272491
Q12791	Q6NXK8	18287010
Q02242	Q9NZQ7	18287011
Q3UK10	Q9GKK5	18287022
Q62172	Q06A28	18287053
P62991	Q62172	18287053
P70206		18287072
Q9WUD1	P31750	18292230
P68135	Q91YD9	18462674
Q01853	Q01853	22232657 18462676
Q99ML1	Q07440	18462686
Q91ZE9	Q07440	18462686
Q07440	O08734	18462686
Q07440	P70444	18462686
O88522	P62988	18216269 21455181
P70196	O88522	18216269
O88522	O88522	18216269
O88351	O88522	20404153 18216269 16306937
P35396	Q8CGN4	18337495
P70428	Q3UHN9	18337501
P28563	P70618	18367666
Q9QY24	Q9QY24	18375758
Q9QY24	Q9WUN2	18375758
Q9QY24	P70671	18375758
Q61527	Q62108	18385378
Q9Z1W4	P29122	18378898
Q9Z1W4	P41413-2	18378898
Q9Z1W4	Q62849	18378898
Q9Z1W4	P09958	18378898
P18872	P97428	18434540
Q80Z64	Q8BX22	18436640 19060217
Q80Z64	Q80Z64	18436640
Q99LI5	Q80Z64	18436640
Q9CU65	Q80Z64	18436640
Q61066	Q80Z64	18436640
Q7TSZ8	Q80Z64	18436640
Q80Z64	P20263	18436640
Q60680	O88522	21455181 18216269
P10085	P25976	18445650
P12979	P25976	18445650
Q9Z111	Q9Z111	18445651
Q9DBR7	P0C605	18448676
Q9QUI0	Q8C6B2	18448676 20348415
Q62192	O88188	21857663
Q9ERI2	Q91V27	18940604
Q9R0Q1	Q9ERI2	18940603
P63000	Q61036	9033409
Q8CBW3	Q08509	19564905
Q8IZP0	Q08509	19564905
O88939	O09106	26816381
P70347	Q9WUN2	23746807
P39429	P47741	21282629
P02340	P03070	22056770 21670284
P60953	Q64096	17704816
P26039	P12003	15642262
P22366	Q62406	22011580
P09803	Q02248	21730140
P25446	Q13158	20935634
Q9Z277	Q91ZW3	19470456
P05132	P00514	26278174 21300294
Q62108	P35436	19240213 19243221
O89110	Q61160	26649818 18946037 24557836
Q04207	Q60778	20740013
Q62108	Q01097	19240213 19243221
Q64028	Q9CQJ4	18650381
P25916	Q9CQJ4	18650381
Q61221	P53762	26245371
Q60598	O43516	17606906
Q60610	P63000	17704816
P45481	Q04207	24019758
Q64337	P62991	25686248
P62991	P23804	21730132
Q60803	P62991	23334419
P62991	P70196	26649818 19815506 19091944
P05106	P26039	22210111 21134644
Q5NBX1	Q62418	26334624
Q5NBX1	Q9Z0W5	26334624
P26039	O60331	22210111
Q6AXG8	P97496	19470456
Q9NYJ8	Q62073	19675569
P17427	O08838	24130457
P17427	O08839	24130457
Q60841	P98155	17548821 20223215
P03070	P13405	18812503
P70444	Q16611	26344567
O89100	P40818	19523899
Q13094	O89100	19523899
P60766	O88643	18541910
P41778	P09631	22745600
Q62083	Q61327	17452640
P62991	Q9WVS6	23620051
P35438	Q62108	19240213 19243221
Q60855	P25118	18719121
P22091	O09106	19497860
P39447	P23242	21282606
Q6NZJ6	P63073	23263185
Q60974	O15379	17956988
O08785	Q9WTL8	24737000 18075593 25961797 16777965 16606840 21113167 26323038 26562092
Q91XE4	Q91XE4	20921362
Q9CR95	O08838	24130457
Q60994	Q60994	19011089
Q9CR95	O08839	24130457
Q64729	P98083	26680585
P27512	Q60803	23334419
P45481	P15337	17522630
P70196	Q9QZH6	21525932
Q9JM54	P97287	17389404
Q9QUK6	Q9JHF9	21857663 22532668
Q6NZV4	Q60838	17592114
P35438	P35436	19243221
Q01097	P35438	19243221
P25118	Q61160	26649818
P30285	P46414	19276117
Q9CQR7	P49769	16449386
P39429	P25118	18719121
Q8K214	Q9CQJ4	18650381
P42225	P30561	18607004
P97291	P97291	18682221
	Q5HZG4-1	18682226
P70444		18547146
Q99NF2-1	O88751-1	18303947
Q99NF2-1	P83953	18303947
P36896	P27040	14966532
Q60631	Q91XC0	15630473
Q8VI67	P20823	18458345
P15884	Q8VI67	18458345
Q9R1P4	Q91X58	18467495
P25786	Q9JII7	18467495
O88307	Q9EQH3	18480253
Q9EQH3	Q6PHU5	18480253
Q91YD5	P48026	18480266
Q91X58	P25786	18467495
Q91ZK0	Q91X20	18495928
Q8C2B3-1	Q15139	18509061
P25206	P97310	18524952
P49718	P25206	18524952
Q9CWR0	Q9ES83	18541910
O88643	Q9WVM1	18541910
Q9QUI0	O88643	18541910
Q64281	P29351	18550825
P35235	Q64281	18550825
O08586	P62991	18562292 26280536
P46935	Q61168	18562292
Q9JIH2	P52294	18562297
Q61539	Q16665	18509053
O70343	Q61539	18509053
P62509-1	O70343	18509053
P25206	Q61881	18524952
Q9Z1W9	Q9BYP7-2	18550832
Q3U2S8	Q3U2S8	18583477
P31946	Q3U182	18626018
Q13131	Q3U182	18626018
Q7KZI7	Q3U182	18626018
Q3U182	P27448	18626018
Q9EP73	Q02242	18641123
Q05769	Q9Z0J4	18650379
P62991	Q61483	18676613
P51865	Q64280	14966532
P29452	Q8K3Z0	18511561
Q9WUL5	Q02242	18641123
P51865	O13144	14966532
P51865	Q9W6I6	14966532
P04899	P42866	18599439
Q91ZK0	Q9UBL3	18495928
Q9JIY5	Q99MS3-1	18772386
Q8K4Q0	Q9JLN9	23966835 18664580
Q9ER80	P42866	18836069
Q8C000	Q8C000	17873058
P02340	Q61827	19011633
P97302	Q60974	19011633
Q8BSJ6	Q505F1	18682553
P21784		18025461
P21784		18025461
Q5NCY0		18003914
Q61730	P14719	18003919
P60202-1	P60202-2	17962415
P60201-1	P60202-2	17962415
P63141	Q60598	17959782
P28652	P11798	17913888
P27040	O13144	14966532
P27040	P51865	14966532
P27040	Q91350	14966532
Q9R1P4	Q9JII7	18467495
Q8VIM5	P10085	17940050
P11474	P53762	18509053
Q61539	P53762	18509053
P97481	Q61539	18509053
P53762	P62509-1	18509053
P97481	P62509-1	18509053
Q16665	P62509-1	18509053
P97481	P11474	18509053
Q61234	Q3UH91	18591664
Q6Q477	Q3UH91	18591664
Q3UH91	Q9Z0J4	18591664
Q6Q477	Q75RY0	18591664
Q9R0Q1	Q99P58	18940603
Q9ERI2	Q9BV36	18940603
Q99P58	Q9BV36	18940603
P63011	Q91V27	18940604
Q9ES67	P27601	18940608
Q62420	Q62420	18940612
P62988	Q9ESN6	18687884
P08551	Q9ESN6	18687884
P08551	P62988	18687884
P62991	Q60855	26649818 18719121
Q60855	Q3U0V2	18719121
Q9QUK6	Q3U0V2	18719121
Q03137	Q921Q7	18723684
Q9JIY5	Q99MS3-3	18772386
Q99MS3	Q9JIY5	18772386
Q8VBX6	O35054	18840681
Q9JMF3	Q6A078	17898177
Q08460-5	Q8CAE3	18669652
Q9WV81	P97947	17895379
Q9JLN9	Q6QI06	18664580 22307628
P50404	P50404	19007302
Q61827	P97302	19011633
P02340	P97302	19011633
	P59997	18836456
Q9Z148	O88508	18953337
Q9Z148	O88509	18953337
O88508	Q96KQ7	18953337
O88508	Q9Z148	18953337
Q9Z148	O88509	18953337
Q9WUL7	Q15814	18376416
O75695	Q9D0J4	18376416
O54828	P62881-2	18204463
O35393	Q9IH62	18632560
P09581	P05480	18840695
P32300	Q9ER80	18836069
P62988	P42866	18836069
P62988	P32300	18836069
Q64104	O88895	17873065
P07141	P09581	19017797 22153499
Q64104	Q9Z2V6	17873065
Q8C2B3	Q64104	17873065
Q91YV0	P48987	17878293
Q91YV0	P48985	17878293
P15806-2	P48985	17878293
P97302	O09106	19011633
P49768	P09055	18942891
P70180	P49768	18942891
P70180	Q92542	18942891
Q6A078	P28741	17898177
Q9R0X5	Q6A078	17898177
Q8BVQ5	Q9R1U5	17939993
O14686	Q91ZK0	18495928
Q9QUK6	Q60855	18719121
Q3TRF1	Q6A078	17898177
Q6P1G2		18836456
P08069	P81122	18278056
O54890	P05480	18840695
Q9WTV7	O55203	17848518
P02340	Q60974	19011633
Q9UQL6	Q8VEB1	18711143
O09106	P02340	19011633
P58400	Q99K10	18084303
O88508-1	Q9Z148	18953337
P32300	P42866	18836069
P97302	O54790	19011633
P97302	Q00547	19011633
P05023	Q8BVQ5	17939993
Q9ERI2	Q9HCH5-3	18940603
Q99P58	Q9HCH5-3	18940603
Q91V27	Q99P58	18940604
P09055	Q92542	18942891
Q8BGC0	Q62093	18641664
Q99J95	Q62093	18641664
Q99J83	Q61160	18946037
Q61160	Q8C0J2	18946037
Q60855	Q99J83	18946037
O89110	Q99J83	18946037
Q9D032	O55203	17848518
Q8R4G0-1	Q8C031	17785411
Q8R4F1-2	Q99PH1	17785411
P11835	P24063	17785425
Q08048	P08581	17804794
Q08048	Q08048	17804794
O88572	O94907	17804805
O88572	Q96MU8	17804805
P25916	O88509	17726103
P25916	Q60848	17726103
P23798	Q60848	17726103
Q60848	P30658	17726103
Q62384	P02994	17704259
Q8BGY9	P05067	17709753
P70372	Q9JIF7	17698811
P15208	P49817	17699617
P27782	Q9QZR5	17666529
P42703	P15018	17652170
P03134	P58774	17636126
P03134	P21107	17636126
Q9WVG6	Q9WVG6	17640894
P30658	O88509	17726103
Q9WTL8	P97784	26562092 18075593 25961797 16777965 24737000
O54943	Q9WTL8	16777965
Q92783	Q99LI8	19278655
P23798	O88509	17726103
Q06481	Q8BGY9	17709753
Q62233	P70288	17666527
P97784	O08785	18075593 16777965 25961797
P51693	Q8BGY9	17709753
Q62093	P08775	18641664
Q99J95	P08775	18641664
Q61160	Q60855	26649818 21368763 24557836 18946037
Q8K4B0	Q62233	17666527
Q60737	P03134	17636126
P45481	P04637	21390126 19651603
Q9Z1E3	Q04207	20634424 20740013
Q64729	Q62312	21518866
P27512	P39429	23334419
P62991	P02340	21730132 21857681
P63000	P27870	18488041
Q04207	Q6PGF3	19338389
P17679	O35615	19513100
Q9WU78	Q9WU78	19523902
Q8VDG3	Q8VDG3	19217398
Q6PAL8	P20340	19141279
Q9WU78	Q9H444	19523902
Q8C669	P51617	19081057
Q6PB44	O89100	19523899
Q9H3S7	O89100	19523899
P63166	P23804	19090619
O35157	P11881	16292983
P11881	Q6PIE5	16292983
O35157	Q8VDN2	16292983
Q6PIE5	O35157	16292983
	Q9Z148	18264113
Q9Z148	Q61026	18264113
Q99684	Q9Z148	18264113
O89100	P22681	19523899
O89100	Q9Y5K6	19523899
P50570	O89100	19523899
P97333	P08648	19175293
Q60876	P63073	19209957 18955708
Q8R4I7	Q91XM9	19243221
P70175	Q8R4I7	19243221
Q8R4I7	Q62108	19243221
Q8R4I7	P78352	19243221
Q8R4I7	Q00959	19243221
Q00960	Q8R4I7	19243221
Q8VCD5	Q04207	19338389
Q04207	Q04207	19887633 19338389
O54943	O54943	19402751 24737000
P17679	P13405	19513100
Q08509	P27361	19564905
Q08509	P62484	19564905
Q9ERD7	P47757	19806181
P47754	P47757	19806181
P35436	Q8R4I7	19243221
Q01097	Q8R4I7	19243221
P35439	Q8R4I7	19243221
P35438	Q8R4I7	19243221
Q04863	Q04863	16154093
P56931	P17679	19513100
P56931	P13405	19513100
Q08509	Q8BKX1	19564905
O35625	P62991	18509060
P35222	O88572	18509060
O35625	P35222	18509060
P27671	P01112	19141281 18454158
Q8VDN2	P11881	16292983
P13405	P15976	19513100
P70168	P62826	18845677
P48754	P62991	19088202
P63101		19198587
Q92945	P63101	19198587
Q80W00	Q15554	19287395
P15919	P15919	21149691 19396172
P21784	P15919	21149691 19396172 25707801
Q8CDG1	Q99MV1	19465913
	P16054	19465915
Q9Y4K3	P62991	19465916
P70196	P70196	19465916
Q96QV1	Q62226	19561611
P01111	Q03160	19648926
P70677	P23927	18669646
	P48025	18689684
B2RX14	Q8K3Y3	19713958 23594738
Q8K3Y3	Q45KJ6	19713958
Q8K3Y3	Q9JIK5	19713958
Q8K3Y3	P23249	19713958
Q8K3Y3	Q8VHK9	19713958
P29341	Q8K3Y3	19713958
Q99LF8	Q8K3Y3	19713958
O88477	Q8K3Y3	19713958
Q8K3Y3	P32067	19713958
Q8K3Y3	Q9JKB3	19713958
P62960	Q8K3Y3	19713958
Q9D903	Q8K3Y3	19713958
Q8BKI2	Q9UKV8	19838187
Q9HCJ0	Q8CJG0	19838187
Q14106	Q60809	19838187
P63250	P63250	19915587
Q60974	Q923E4	18829436
	Q9Z0E3	18840680
B6DVZ1	P13405	18812503
P70168	P49790	18845677
P70168	P17955	18845677
P49792	P70168	18845677
Q60960	Q06507	18957537
Q06507	O35345	18957537
Q96A54	Q60994	19011089
Q60994	Q9DCM2	19011089
Q60994	Q9Y2Q3	19011089
O70468	P68135	19011110
Q3ZC07	O70468	19011110
Q61810	P04202	19022904
P04202	P04202	19022904
P04637	Q6P5F9	18952844
P63073	P62754	18955708
Q4FZB7	Q61026	19074285
P62991	P53349	19091944
	O35718	19088199
P28776	O35718	19088199
P28776	P62991	19088199
O35718		19088199
P32883	P04049	19164755
Q07120	Q60821	19164764
P46099	Q16594	19251649
Q8BX22	P20263	19060217
O70174	Q8BLC3	19246390
P23979	P23979	25119048 20023641 26724993
Q8CII8	P33176	19164528
Q8CII8	P37285	19164528
Q8CII8	O88448	19164528
Q8CII8	Q91W40	19164528
Q8CII8	Q9DBS5	19164528
P17679	Q6AXG8	19171905
Q9Z1S8	P25911	19171907
P29351	P25911	19171907
P62991	Q6A009	19196968
Q9WVE0	Q62193	19196992
Q6P1G2		19202064
Q6P1G2		19202064
	Q6PDM2	19218444
Q62093		19218444
Q8BL97		19218444
Q8BLC3	P49582	19246390
P46099	Q8VI33	19251649
Q3U7R1	P14142	19255425
P53350	P70399	20126263
P70302	P70302	20037597
P70302	Q96D31	20037597
P00441	P08228	19171884
Q9WU84	P00441	19171884
P63017	P00441	19171884
P00441	P17156	19171884
P17879	P00441	19171884
Q61699	P00441	19171884
P00441	Q61316	19171884
P20029	P00441	16595634 19171884
P00441	P63037	19171884
P25911	O35305	19171907
Q9QUJ0	O54885	19251634
O54885	Q9R007	19251634
Q9QUJ0	Q9R007	19251634
Q99PF4	Q99PJ1	17805295 19270079 23135401 20498078
Q9ERK7	O70174	19246390
Q3U7R1	P49615	19255425
P46414	P11802	19276117
P24941	P46414	19276117
P41136	P15806	19321746
Q61286	P41136	19321746
	P05129	19351902
P63239	P63239	19376969
Q61411	P04049	19416908
Q9JHG7	Q99MK8	19429709
Q9QXA3	Q14160	19439659
Q6P9Z1	Q9Z277	19470456
Q9Z277	P48281	19470456
Q6AXG8	Q9Z277	19470456
P70326	Q9Z277	19470456
Q9Z277	P42582	19470456
Q9Z277	Q08369	19470456
O60341	P22091	19497860
Q6NS65	Q99JA4	19561298
Q6PDG5	Q6AXG8	19470456
Q8BSQ9	Q6AXG8	19470456
Q9Z277	P17918	19470456
Q91ZW3	P17918	19470456
P97496	Q9Z277	19470456
Q6DIC0	Q9Z277	19470456
Q6ZQ88	P22091	19497860
Q8CFE3	P22091	19497860
O88447	Q8CII8	19164528
	O35326	19218444
Q6AXG8	Q6P9Z1	19470456
P03255	P45481	19651603
Q9Z1S8	P29351	19171907
Q9CWR8		20018712
P20029	D2IYS1	19805157
P17931	Q9WU78	19706535
Q8VC62	Q9Y5I7	19706394
Q8N6F1	Q9Z0S6	19706394
Q8VC62	Q8N6F1	19706394
Q8N6F1	P56857	19706394
Q9Z0S6	P56856	19706394
Q9Z0S6	P56857	19706394
P70206	P70206	19717441
P70208	P70208	19717441
P36037	Q01853	19805280
	Q91Y44	19805290
Q8BGW0	Q60631	19805304
P42208	P42208	19805342
P27782	P30681	19805379
P27782	P35222	19805379
Q61845	Q9DAK2	19805151
P62991	P22723	19815531
P62991	Q62406	19815506
Q8R4K2	P62991	19815506
Q07279	Q9Z148	19822740
P35400	O08599	19822743
O08599	Q68EF4	19822743
O08599	Q68ED2	19822743
O08599	P31423	19822743
P39447	Q61146	19841260
Q8TF76	P84228	19918049
Q6PGM0	Q07279	19822740
Q9Z148	Q6PGM0	19822740
P08775	Q6PGM0	19822740
P08775	Q9Z148	19822740
Q9Z1T1	P28741	19934039
P28741	O54774	19934039
Q91YI4	Q01063	19955404
P20029	P08113	19805157
P42337	P26450	18449193
P39429	P50284	23334419
Q8BTI9	P26450	18449193
P70444	Q07812	26344567
Q61457	P11440	17700700
Q62108	Q9WV31	23424281
Q62315	Q80U70	20075857
Q61188	Q80U70	20075857
Q62315	Q61188	20075857
P04925	P04925	19805070 21441913 21041683
O88485	Q61768	17548833
Q9EPC1	O55222	19829382
O55222	Q9ES46	19829382
P60879	P32851	7768895 19805029
Q9QZL0	Q61160	26649818 24557836 21368763
O35613	P84244	25938714
O35618	P02340	21730132
P23804	O35618	21730132
Q96MT8	A2AUM9	24240477
P63044	O35526	26437117 26280336
O35526	P60879	17283335 24705552
P63044	P60879	17283335 24705552
Q8BKH7	Q6QI06	22307628
O35082	P11362	19966287 17086194
O35082	Q61851	19966287
Q03142	O35082	19966287
O35082	Q9GZV9	19966287 17086194
P16092	O35082	19966287
Q07279	P62991	19966288
P56402	Q6TEQ7	19966308
Q7YQC6	P56402	19966308
P62988	P60605	19223579 17310145
P04925		20133875
Q921C5	P20340	20386726
Q921C5	Q12840	20386726
Q6PHU5	P97438	20405001
Q03164	Q9WTL8	21113167
O08785	Q03164	21113167
Q8C6B2	P61586	20348415
P63044	P32851	19805029
Q61743	B2RUS7	19805355
Q61743	Q8C8R3	19805355
Q8C8R3	B2RUS7	19805355
Q5S007	Q9WUD1	19196961
Q5S006	Q9WUD1	19196961
Q62120	Q9JHI9	19234114
O60674	Q9JHI9	19234114
Q9JHI9	Q9JHI9	19234114
P03182	O08734	19293378
Q8BP92	Q7TNL3	20080709
Q9BXL7	P70218	19706536
P11881	P10415	19706527
P11881		19706527
Q61851	Q9GZV9	19966287
Q9GZV9	P16092	19966287
Q9GZV9	Q03142	19966287
P70671	P70671	19805092 19890330
P04426	Q6DID7	19841259
Q03526	P08487	19955438
Q6DID7	P17553	19841259
O54918	P03182	19293378
Q921C5	P49792	20386726
Q6DID7	P22725	19841259
Q921C5	O43896	20386726
P15116	P15116	21300292 20190754 21572446
P68135	P62962	21980262
Q60841	Q14114	17548821 20223215
Q924X6	P02749	20223219
Q02248	Q60722	21103407
O54826	Q60722	21103407
O54826	Q02248	21103407
Q86Y01	Q9DCH4	21124883
Q14152	Q9DCH4	21124883
P62991	Q01705	21124883 25344755
P62991	Q91ZP6	21124883
Q9QZ85	Q9QZ85	21203588
A1E140	Q9QZ85	21203588
O88895	P48437	21203589
Q9CXF7	Q60722	21103407
Q86SQ0	Q921C5	20386726
O00159	Q921C5	20386726
Q921C5	P35579	20386726
P46060	Q921C5	20386726
Q921C5	O60333	20386726
Q921C5	O75122	20386726
O60447	Q921C5	20386726
Q921C5	Q8N1F7	20386726
Q5SW79	Q921C5	20386726
P70351	Q92833	20075857
Q61188	Q92833	20075857
Q92833	Q80U70	20075857
P55200	O08785	21113167
Q921E6	Q92833	20075857
P63085	Q62622	7939721
Q64364	Q00987	10713175 10348346 9529248 11259404
P09803	P09803	21300292 21572446 20190755 20190754
Q3KNZ1	Q3KNZ1	20190754
Q8VDK4	Q8VDK4	20190755
Q924A0	Q60722	21103407
Q80TP3	Q60722	21103407
P83510	Q60722	21103407
Q7TPV4	Q60722	21103407
Q60722	Q6PR54	21103407
Q62318	Q60722	21103407
Q60722	Q8CGF6	21103407
Q60722	Q9WVG6	21103407
Q8C2Q3	Q60722	21103407
O88291	Q60722	21103407
Q91ZW3	Q60722	21103407
Q60722	Q9ER69	21103407
Q8CGC6	Q60722	21103407
Q925I1	Q60722	21103407
Q6PDG5	Q60722	21103407
P97496	Q60722	21103407
Q9JJ28	Q60722	21103407
Q99JR8	Q60722	21103407
Q60722	A2BH40	21103407
Q60722	Q6XZL8	21103407
Q9DCH4	Q01705	21124883
Q99104	Q99104	20133809 20018767
B9EHN9	Q60722	21103407
Q15788	P62509-1	18509053
Q8VDS3	Q9HCE1	20543829
Q9NZI8	Q8VDS3	20543829
P11021	Q8VDS3	20543829
Q8VDS3	P08107	20543829
Q8VDS3	Q9BYE7	20543829
Q8VDS3	P61962	20543829
Q8IXK0	Q8VDS3	20543829
Q8VDS3	Q06587	20543829
P35227	Q8VDS3	20543829
Q99496	Q8VDS3	20543829
Q8VDS3	P67870	20543829
Q8VDS3	P68400	20543829
Q6P5F9	Q00987	18952844
P84092	Q60838	20947020
P63009	Q60838	20947020
P47811		21134636
Q6P5F9	P61925	20972448
P62826	Q6P5F9	20972448 23850451
O95149	Q6P5F9	20972448
	Q6P5F9	20972448
	Q6P5F9	20972448
P24346	Q6P5F9	20972448
Q99N57	P01111	21478863
P28028	P01111	21478863
Q15788	Q61539	18509053
P62706	Q8VDS3	20543829
Q8VDS3	Q86WI1	20543829
P10276	Q60974	20543827
Q6P5F9	Q83414	20972448
P55288	P55288	21572446
P27467	Q9Y5W5	21743455
Q80Y61	Q80Y61	21743456
P97792	P19793	21220114
Q80UL9	P97792	21220118
	Q8CIG3	21300290
Q9ERE7	Q9ERE7	21397184
P51943	P24941	21565702
Q48824	Q9JIB6	21918512
A1JSQ1	Q9R016	21918512
Q9R016	Q7N5J4	21918512
Q9R016	P72151	21918512
P05141	Q9QZH6	21525932
Q9QZH6	P10809	21525932
Q9QZH6	Q9H845	21525932
Q9NVI7	Q9QZH6	21525932
Q9QZH6	P25705	21525932
Q9DCT2	Q9QZH6	21525932
Q8VEM8	Q9QZH6	21525932
O88522	Q91WA6	21455181
P54763	P35438	21508957
P70166	Q8NDF8	21478871
	P54763	21113149
P62991	Q9QZH6	21525932
P52800	Q60841	21460838
Q60841	Q15768	21460838
Q15768	P98156	21460838
P97318	Q15768	21460838
P52800	P97318	21460838
Q924T7	Q91WA6	21455180 21455181
Q9WUU8	P62988	19060883 21455181
Q8C0P5	P55055	21331046
P55055	Q9EP97	21331046
P68135	Q99104	20133809
Q9Z2X8	Q9Z2X8	20133743
P70207	O35464	20881961 20877282
O35464	O35464	20877282 20881961
P70207	P70207	20881961 20877282
P08775	Q9NP77	20861839
Q80YQ2	Q925J9	20720539
Q80YQ2	A2AGH6	20720539
Q80YQ2	Q9CU62	20720539
Q9CW03	Q80YQ2	20720539
Q9R016	Q9NPP4	21918512
Q9QZH6	P51881	21525932
Q9QZH6	P63038	21525932
Q8JZN5	Q9QZH6	21525932
Q925I1	Q9QZH6	21525932
Q9QZH6	Q9CWX2	21525932
	Q61103	20613843
	Q61686	20613843
		20613843
O09106	Q3TKT4	20596014
P70288	Q3TKT4	20596014
Q3TKT4	Q99N13	20596014
P11103	Q3TKT4	20596014
P11103	P70288	20596014
O88895	Q3TKT4	20596014
Q60989	P70677	19626005
P20263	P49711	19536159
P20263	Q00899	19536159
Q00899	P48432	19536159
P21279	Q01970	23377541 21822282
Q15768	Q924X6	21460838
P10820	P10820	21037563
Q2T728	Q9QUK4	21918512
Q9R016	Q48824	21918512
Q924T7	Q9WUB0	21455180 21455181
Q9NPP4	Q9JIB6	21918512
Q60778	P15307	20740013
Q99N13	P11103	20596014
P20263	Q61164	19536159
O75581	O35468	21944579
P07333	P07141	22153499
P09581	P09603	22153499 22826234
Q9CZA6		22028625
P11531	Q9CZA6	22028625
Q7TPD1	P41183	22113614
P97784	P51448	22170608
P51450	P97784	22170608
P06537	P97784	22170608
P97784	P19091	22170608
O54943	Q3UV55	22170608
Q9R194	P06537	22170608
P97784	P04150	22170608
	Q61686	19783980
O95271	O35625	19759537
O35625	Q9H2K2	19759537
Q91Y44		19794495
Q91Y44		19794495
Q91Y44		19794495
P13405	O35261	20016602
Q6NXW6	Q8BTI9	20368419
Q9R207	Q8BTI9	20368419
P62991	O88522	20404153 21455180
Q61644	Q61644	20404169
Q05193	Q61644	20404169
Q8R3L8	Q9CW03	20720539
Q6KCD5	Q8R3L8	20720539
A2AGH6	Q8R3L8	25344755 20720539
Q8R3L8	Q924H2	20720539
Q6KCD5	Q9CU62	20720539
Q9CW03	Q6KCD5	20720539
Q6KCD5	Q80YQ2	20720539
Q3TCV3	P49769	20811458
Q3TCV3	P57716	20811458
Q04207	P15307	20740013
P15307	P25799	20740013
P15307	Q9Z1E3	20740013
Q99JW4	O55222	19829382
Q61879	Q7TNC6	20439720
P35580	Q7TNC6	20439720
Q61543	Q00690	20439727
Q00690	Q62170	20439727
Q00690	P15379	20439727
O88509	O54917	20439742
	Q6PHZ2	20479242
Q5VIR6	Q5SPW0	20615984
Q8CAQ8	Q811T9	20880836
Q9JJP2	P23804	20921405
Q9Z1S8	Q8BTI9	20534549
O35904	Q9Z1S8	20534549
Q99962	Q61644	20404169
O75461	O88509	20439742
P70388	P42338	20368419
Q3TCV3	Q9CQR7	20811458
Q61644	P49418	20404169
O54943	P97784	22170608 24737000 24413057
Q6WBX7	P42338	20368419
Q15750	Q62073	19675569
P42338	Q6NXW6	20368419
P15209	Q99LI8	20956301
Q91XC0	P11416	20133701
P10276	Q91XC0	20133701
P18911	Q91XC0	20133701
Q91XC0	P48443	20133701
Q91XC0	P63058	20133701
P10276	Q9QXD8	20133701
P10276	Q7TQJ8	20133701
Q91XC0	O14744	20133701
Q96AP0	Q8VC56	22101936
P62991	Q96AP0	22101936
Q78PY7	Q9JMB7	20937909
O35973	Q9DC28	21179498
O35973	Q9JMK2	21179498
Q9DC28	O54943	21179498
Q9JMK2	O54943	21179498 24413057
P15927	P42227	10875894
O35973	Q8BK63	21179498
O54943	Q8BK63	21179498
P97784	Q8BK63	21179498
Q8BK63	Q9R194	21179498
O35973	P63085	21179498
O54943	P63085	21179498
P63085	P97784	21179498
P01132	P00533	9806896 8663070
Q32MD9	P15116	20160094
P62991	Q01279	20308550
O09106	Q60520	20404188 19424149
P70288	Q60520	20404188 19424149
P70288	Q9R190	20404188 19424149
Q6ZQ88	P70288	20404188 22297846
O09106	Q9R190	20404188 19424149
Q6ZQ88	O09106	22297846 20404188 26974661
Q9CQ20	Q13085	20457939
Q60520	Q9Y618	9150137
O35393	P63085	20410461
O35393	P63086	20410461
P48025	P48025	20133729
P48025	P42227	20133729
Q6ZQ08	P60322	20133598
P27577	P63086	20534573
P45481	P27577	20534573
P15037	P45481	20534573
P63085	Q9R194	21179498
Q9CQ20	Q5SWU9	20457939
P13591	O35696	20479255
	O35696	20479255
Q9CQ20	Q9CQ20	20457939
Q8VDD5		20944748
Q9CQ20	O00763	20457939
Q8CII9	Q62120	20974963
P52332	P16872	20974963
P30309	P18654	21041626
O35235	O35305	21059944 23039992
O35235		21059944
O35235		21059944
P13497	P97299	21078975
Q9UHR4	Q08509	21098279
Q01705	P49768	21115843
Q08945	Q920B9	21139053
Q8IXN4	P56716	21148103
E9Q4B2	P56716	21148103
P52633	P23204	21149710
O54943	Q9R194	23503662 24737000 22170608
Q6ZQ08	Q9HCJ0	21984185
Q60809	Q9HCJ0	21984185
Q99LI8	O35668	20956301
Q80VP1	Q9WVK4	21115825
Q91W69	Q9WVK4	21115825
P42566	Q80VP1	21115825
Q91W69	P42566	21115825
Q8BH64	Q91W69	21115825
Q80VP1	Q8BH64	21115825
P15530	P15530	20696394
O88689	Q91VD8	20876099
O88689	Q99LI8	20876099
Q3UZZ4	Q8BHB0	20534456
Q8K3Z0	Q3UZZ4	20534456
Q3V096	P25799	20547855
	P25799	20547855
P31324	P05132	26158466 21614075 22323819 26278174
P34971	P18762	21614075
P41182	P45481	21390126
Q62120	P48356	21264353
Q91ZX7	P48356	21264353
	P27986	21827948
Q99835	P62991	22253573
O88602	P23818	20805473
E2JF22	E2JF22	26390154 22343900
P26039	P05556	21134644
P33148	Q02248	21552260
P63085	P13002	21187384
P04756	Q9CQU3	21187406
Q64010		21532593
P05480	P23242	21282606
Q9JHD1	P23242	21282606
Q6NZM9	P23242	21282606
P23242	Q9Z2V6	21282606
A7TZE6	A7TZE6	21300860
Q9HD67	P97798	21321230
P26955	P05532	21383156
P26952	P05532	21383156
O75962	Q811T9	21422296
Q64729	P05533	21518866
Q9UBU8	Q5SPL2	22244764
P31273	O88895	22545021
P23818	Q71RJ2	20805473
P10417	O88597	22258505
Q9Z1N2		22398447
	Q6PGF3	20351249
Q6ZQ88	Q6PDQ2	22297846
Q3U182	B2RU98	19543265
P18850	Q3U182	19543265
P00533	P62991	19620960
P62991	P10721	19620960
P62991	O60674	19620960
P62991	P36888	19620960
A2AC94	Q6P5G9	19052621
P35918	P05622	18997771
P09619	P35918	18997771
Q91YI4	P15208	19122674
Q587J6	Q62318	19270682
Q9Z204	Q62318	19270682
Q62318	Q3V232	19270682
Q99020	Q62318	19270682
Q9Z0H3	Q62318	19270682
Q4KL58	Q62318	19270682
Q60668	Q62318	19270682
Q9Z277	P16104	19092802
P16104	Q91ZW3	19092802
P16104	P60710	19092802
Q13158	Q9WUU8	19060883
Q9WUU8	Q13546	19060883
Q91YI4	P31750	19122674
P15208	P31750	19122674
P05480	P15208	19122674
	Q6P5G9	19052621
Q7TSC1	Q6P5G9	19052621
P60229	Q6P5G9	19052621
Q9Z2C8	Q6P5G9	19052621
Q99JX4	Q6P5G9	19052621
Q8CFI0	Q9WU38	19380724
Q9WU38	Q99N57	19380724
Q8CFI0	Q99N57	19380724
Q9Z2S7	Q99N57	19380724
Q99N57	Q9WVC6	19380724
Q9WVC6	Q9Z2S7	19380724
Q9WU38	Q9Z2S7	19380724
Q8CFI0	Q9WVC6	19380724
Q8CFI0	Q9Z2S7	19380724
P62988	Q61180	19380724
Q9Z2S7	Q61180	19380724
P53992	Q01405	19822759
Q9NR31	Q01405	19822759
Q62264	Q62264	20952656
Q9CQ20	G3H9D1	20952656
G3H9D1	Q62264	20952656
Q8R4K2	P22366	22011580 16306937
Q4KMG0	Q62226	18794898
P22366	Q8CFA1	22011580
P22366	P70196	16306937 22011580
P22366	Q60803	16306937 22011580
P22366	Q9WUU8	22011580
P26231	P09803	21730140
O60242	Q8CFR0	21262840
P63277	P63277	21825148
Q9JIZ5	Q03347	21873191
Q12860		21969550
P63073	Q6UY77	22106304
P18541	P63073	22106304
Q9WUU8	Q60769	19060883
Q8BXR5	B8XCJ6	19092807
P05067	Q9EPU5	19225519
Q06481	Q9EPU5	19225519
P05480	P31750	19122674
	P04925	19242475
Q99JB6	Q64287	19182775
Q13263	Q4KL58	19270682
Q8K450	Q69ZM6	19305393
Q7M6Z4	Q69ZM6	19305393
Q8C796	P70288	19424149
Q99PP7	Q64127	21531907
Q80UE6	Q13507	21670282
Q99LI8	P51810	21730137
O60242	Q9ESN4	21262840
P60322	Q8K0V4	20133598
Q8VEG6	P60322	20133598
P60322	Q60809	20133598
P60322	Q9JKY0	20133598
P03372	A2AGH6	20351249
Q6PGF3	P03372	20351249
Q8VCD5	P03372	20351249
P03372	Q9CQ39	20351249
	A2AGH6	20351249
Q8VCD5		20351249
	Q9CQ39	20351249
O09106	P70288	22297846 20404188 19424149
Q9CQ20	Q91X83	20457939
Q3THS6	Q9CQ20	20457939
Q9CQ20	Q62264	20952656 20457939
Q5BJU5	P23818	20805473
O54864	Q15047	21430779
Q9Z148	Q15047	21430779
Q5DW34	Q15047	21430779
P23242	P15116	21282606
P23242	O88895	21282606
Q6PDQ2	O09106	22297846
Q6ZQ88	Q8CFE3	17392792 22297846
O09106	Q8CFE3	22297846
Q64127	Q62318	21531907
Q62318	Q99PP7	21531907
Q9CR26	Q62318	19270682
Q704Y3	Q704Y3	20351268
P06213	P81122	18278056
Q62226	Q9VM64	18794898
Q62226	Q01721	18794898
P97812	Q4KMG0	18794898
O08586	Q6A4J8	18716620
P07713	P36895	18701888
Q9EQZ6	P61224	18660803 16452984
P07174	P01139	18596692
Q5XJY4	O35387	18288109
O35387	Q9JIY5	18288109
P36956	Q8R3L8	20720539
Q62074	Q8TEW0	22579248
Q62074	Q62074	22579248
Q62296	Q99NC0	22632831
P46937	Q62296	22632831
P33173	P33173	22863567
P56528	P56528	22863568
P41778	P09022	22745600
P09632	P41778	22745600
P09023	P41778	22745600
P29351	P97484	22660330
P97484	Q86XS5	22660330
P97484	Q9UKU9	22660330
P22227	Q9WTV7	22596162
Q00899	Q9WTV7	22596162
P62988	P22227	22596162
P62991	Q61088	22575959
Q9ULT6	Q61091	22575959
P27467	Q61091	23791946 18528331 22575959
P29994	Q3U182	22495310
P63328	Q3U182	22495310
Q3U182	P11881	22495310
P70206	Q99NH8	22522930
P97333	P70206	22522930
	Q8QZY3	22722204
Q99814	Q99PV5	22801492
Q99PV5	P25789	22801492
Q16665	Q99PV5	22801492
Q8CFI7	Q9WTV7	22596162
Q8K0H5	Q9WTV7	22596162
Q61188	Q9WTV7	22596162
Q9WU62	Q9WTV7	22596162
Q9WTV7	Q6P4S8	22596162
Q4VAC9	Q9WTV7	22596162
A6PWY4	Q9WTV7	22596162
P70206	O54885	22522930
O55128	Q15287	22388736
Q8K4Z3	Q8K4Z3	22940582
Q90VU7	P35585	22705789
Q9WUN2	Q9WUN2	22728658 23746807
Q3TBT3	Q9WUN2	22728658
P07141	P03228	22902366
P07141	P07141	22902366
Q9JKF6	Q9JKF6	22902367
P32507	P32507	22902367
Q9JLB9	Q9JLB9	22902367
Q8R007	Q8R007	22902367
P35235	P97484	22660330
Q924H2	P36956	20720539
Q5NCP0	Q9EQD0	22895187
P62991	Q9EQD0	22895187
Q920Q2	Q6NZ36	22266823
Q920Q2	P62988	22266823
Q63844	Q60793	22307056
P63085	Q60793	22307056
P27361	Q60793	22307056
Q60793	P28482	22307056
Q9Y297	Q60793	22307056
Q60793	Q9UKB1	22307056
Q5SRY7	Q60793	22307056
Q60793	P62988	22307056
Q969H0	Q9Z0Z7	22307056
P55072	Q9WTX6	22466964
O94888	Q9WTX6	22466964
P29477	Q04207	21464294
Q6KCD5	P36956	20720539
P36956	Q9CW03	20720539
P36956	A2AGH6	20720539
P07901	Q7TNS8	23180766
Q7TNS8	Q7TPD0	23180766
Q7TNS8	Q9D0M1	23180766
Q7TNS8	Q3THE2	23180766
Q02395	Q7TNS8	23180766
Q8VDD5	Q7TNS8	23180766
Q7TNS8	Q8K1R7	23180766
Q7TNS8	P30415	23180766
Q7TNS8	P17918	23180766
Q60972	Q7TNS8	23180766
P62751	Q7TNS8	23180766
P41105	Q7TNS8	23180766
Q7TNS8	P62281	23180766
Q7TNS8	P62301	23180766
A2AKX3	Q7TNS8	23180766
Q80U70	Q7TNS8	23180766
Q921E6	Q7TNS8	23180766
O35235	O35235	23039992
O08712	O35235	23039992
P06802	P06802	23041369
Q5SWZ9	Q5SWZ9	23064227
	P28867	22885697
	Q9EPB4	22885697
	P29452	26449474 22885697
Q7TNS8	Q64152	23180766
O35658	Q7TNS8	23180766
Q6NVF9	Q7TNS8	23180766
Q7TNS8	Q61656	23180766
P15864	Q7TNS8	23180766
P16546	Q7TNS8	23180766
Q7TNS8	Q62261	23180766
Q7TNS8	O08583	23180766
P62991	Q7TNS8	23180766
P70313	P01942	23123858
P01942	Q9DCN2	23123858
O08665	P97333	23104057
P97333	P70207	23104057
O08665	O08665	23104057
P70280	O88384	23104059
P27870	P19878	22203994
D3Z7P3	D3Z7P3	22228304
Q9ES54	P70362	17202270 22232657
Q62048	O08528	22233811
P14404	P01101	22308434
P46938	P30051	22308401 25751140
Q9DCC8	Q8VCN5	22323590
Q91YE6	P60709	22323606
Q91YE6	P18760	22323606
P12755	Q8VI24	22334647
Q60698	Q8VI24	22334647
O09106	Q8VI24	22334647
Q9R190	Q8VI24	22334647
	Q9DAN1	22357757
	P52194	22357757
	Q9D9Q6	22357757
Q80UF7	Q9WUN2	22454496
Q9JHR7	Q99JA0	22586115
Q99JA0	P14735	22586115
P25799	O88895	22891325
Q8R5F7	Q8R5F7	23090998
Q8C1B1	Q80VC9	23169647
Q9P1Y5	Q8C1B1	23169647
P51825	A2AM29	23260655
Q8TEK3	A2AM29	23260655
A2AM29	Q6W2J9	23260655
Q62108	P15209	23424281
O94817	Q9CPX6	23202584
Q7TMF2	Q8VC85	23202588
Q7TMF2	Q9EPU0	23202588
Q7TMF2	Q9QXA5	23202588
Q6ZPF4	P68135	23222643
B2RUR8	Q60803	23334419
P25942	B2RUR8	23334419
P50284	Q6GQQ9	23334419
Q9D902	Q7TNS8	23180766
Q80UF7	Q60855	22454496
A2AM29	Q9HC52	23260655
Q9ERG0	P35221	18093941
Q6GQQ9	Q60803	23334419
P35569	Q1XH17	23354051
P15208	Q1XH17	23354051
P35569	P62991	23354051
P62991	P15208	23354051
P35569	P62988	23354051
P06213	Q1XH17	23354051
Q62074	Q8R1S4	23446420
Q99NH2	Q8R1S4	23446420
O88384	O15400	23104059 18033301
O88384	Q9UNK0	18033301 23104059
O88384	Q9BV40	23104059 18033301
Q8QZZ8	P70280	23104059
Q8QZZ8	Q96NW4	23104059
Q61188	O43189	23142980
Q80U70	O43189	23142980
Q60972	O43189	23142980
Q01853	P70362	22232657
Q9DCJ1	Q6QI06	22307628
P13346	P14404	22308434
P05627	P14404	22308434
Q9DAN1	P52194	22357757
Q9D9Q6	Q9DAN1	22357757
P25799	Q60974	22891325
Q60974	O88895	22891325
P15209	Q62077	23424281
Q9QYY0	P15209	23424281
P63073	P70445	23263185
Q60803	P50284	23334419
O08863	P50284	23334419
P50284	B2RUR8	23334419
B2RUR8	P27512	23334419
P27512	O08863	23334419
P25942	Q60803	23334419
P25942	P39429	23334419
O08863	P25942	23334419
Q9Z101	Q8R1S4	23446420
Q8R4B8	Q9EPB4	23143333
Q921E6	O43189	23142980
P41220	P21279	23434405
Q8VE98	Q8VE98	23583036
O54901	Q9ES57	23602662
O54901	Q6XJV4	23602662
Q8VDU0	Q14980	23665171
P05106	Q71LX4	21134644
Q71LX4	P05556	21134644
Q8CFN5	Q9QZR5	23565059
Q8CFN5	Q8WUI4	23565059
P97411	Q62083	23630453
P48736	P68404	23824069
Q3U6Q4	P48736	23824069
Q9JHG7	Q3U6Q4	23824069
Q9UKT7	Q9R194	23503662
Q9WTX5	Q9UKT7	23503662
O15534	Q9R194	23503662
P03254	P45481	23783631
P35439	Q01097	23454977
Q8CI75	Q8K3Y3	23594738
Q01320	Q3TKT4	23698369
Q3TKT4	A2BH40	23698369
Q3TKT4		23698369
Q8BH64	Q8BH64	17914359 24508342
O88508	Q9CWR8	17713477 17687327
Q9CWR8	Q9CWR8	17713477
Q99PF4	Q99PF4	17805295
Q99PJ1	Q99PJ1	17805295
P25322	P11440	17700700
P30280	P11440	17700700
Q08775	P25976	17251981
Q61115	Q96EY1	17230190
Q03347	Q99JB6	17377532
Q99JB6	Q60591	17377532
Q99JB6	Q64131	17377532
Q99JB6	Q08775	17377532
Q9UBG7	Q6ZQ88	17392792
Q6ZQ88	Q00286	17392792
Q64318	Q6ZQ88	17392792
Q6ZPI3	Q6ZQ88	17392792
Q61216	Q9R207	17429352
P31749	O70343	17554339
Q03555	O35350	21173228
Q60770	P32851	21193638
P70452	P61765	21193638
P70452	Q60770	21193638 17517664
P62991	P47741	21282629
Q62356	P12644	21482757
Q62356	P01137	21482757
Q62312	Q91XL1	23868260
Q91XL1	Q61288	23868260
Q91XL1	Q64729	23868260
Q63961	Q91XL1	23868260
Q64364	Q8K4B0	21555589
O08586	C3RSF2	21593423
Q8C1Z7		20080638
Q3UHD6		21512128
Q3UHD6	P01112	21512128
P01112	Q6P8Y7	21512128
Q61166	O70511	21551097
O88521	Q61166	21551097
Q64364	O89090	21555589
Q60803	Q80UF7	16306937 16306936
Q9UHD2	Q60803	16306936
Q60803	Q14164	16306936
Q9QZR5	Q62073	23565059
Q9R194	P63208	23503662
Q9R194	O00327	23503662
Q5BLK4	Q8K3Y3	23594738
Q3TKT4	Q9Z0H3	23698369
Q01320	Q9Z0H3	23698369
Q8BSQ9	Q3TKT4	23698369
Q01320	Q8BSQ9	23698369
Q62280	Q3TKT4	23698369
Q01320	Q62280	23698369
Q3TKT4	O54941	23698369
Q01320	O54941	23698369
Q01320	A2BH40	23698369
Q01320		23698369
Q01320	P51532	23698369
P97496	P51532	23698369
O54941	P51532	23698369
Q61466	Q3TKT4	23698369
Q01320	Q61466	23698369
Q61103	Q3TKT4	23698369
Q61103	Q01320	23698369
P97496	Q3TKT4	23698369
P97496	Q01320	23698369
O35718	G5E852	23454976
G5E852	Q15370	23454976
P83940	G5E852	23454976
Q60772	P30285	17713536
P30285	P51480	17713536
P55271	P30285	17713536
O88509	Q9CWR8	17687327
P62806	Q9CWR8	17687327
P97357	P25976	17251981
Q08775	P97357	17251981
Q6ZQ88	O88712	17392792
Q60855	Q2TBA3	21282629
Q9Z0H7	Q60855	21282629
Q60855	Q02111	21282629
Q64318	O88712	17392792
P25799	P25963	21220295
Q60680	P47741	21282629
P47741	O88351	21282629
P47741	O88522	21282629
Q60855	P47741	21282629
P47741	Q8CIS0	21282629
P47741	Q02111	21282629
P47741	Q2TBA3	21282629
Q9Z0H7	P47741	21282629
Q60855	Q8CIS0	21282629
O88508	O88508	17713477
Q62356	Q13873	21482757
P62196	O89090	21555589
Q9QUR7	Q80Z64	20622153
Q13526	Q80Z64	20622153
P62991	Q80Z64	20622153
P20263	Q62318	20508149
Q62318	P45481	20508149
O35710	P37238	20498072
Q8BK63	Q9BXL7	19118383
Q6P4T3	P16104	19234442
Q8WX80	Q6P4T3	19234442
Q60803	P51617	16306936
P19525	Q60803	16306936
P43431	O35228	18033300
	P21784	18033247
Q99NH2	Q8IXJ6	21949390
O75460	P05132	21911379
Q13563	O08852	21642537
Q9WUN2	Q14653	23746807
P27467	O75581	23791946 18528331
Q62226	Q32MD9	17086203
P35969	Q00731	17051153
Q9D687	Q9ESG4	17167413
O88576	Q9ESG4	17167413
O88575	Q9ESG4	17167413
P37217	O08530	16525420
Q9JJY3	O75530	20080539
P63015	P63166	21084637
P63166	P26367	21084637
Q9QZS8	O35177	20956287
P97879	O35382	20956289
O70372	Q6AXG8	19571879
O70372	Q02248	19571879
Q8BX22	Q8BVE8	19483677
P42582	Q8BVE8	19483677
Q61656	P04637	19626115
Q3U0V2	Q8CFV9	19641494
Q61462	Q8CFV9	19641494
Q99JB6	P37238	22722857
Q8R4B8	Q03963	22801494
Q3TKT4	Q62318	20508149
P97496	Q62318	20508149
Q61466	Q62318	20508149
Q62318	P43247	20508149
Q8BVE8	Q6AXG8	19483677
Q9ER74	Q8BVE8	19483677
Q8BVE8	Q8VEK3	19483677
Q8BVE8	Q8CGY8	19483677
Q8BVE8	Q9CW46	19483677
Q8BVE8	Q64213	19483677
P08775	Q8BVE8	19483677
Q8BVE8	O09106	19483677
Q8BVE8	Q80Z64	19483677
P25118	Q8CFV9	19641494
Q3U0V2	P25118	19641494
Q8NHY2	Q9D0A0	21572435
Q8NHY2	Q8K4K2	21572435
P41164	Q8NHY2	21572435
P28322	Q8NHY2	21572435
Q9CXC9	Q8NHY2	21572435
Q91WA6	Q9WUB0	21455180
O88273	O88273	23850456
P12643	O88273	23850456
O88273	P12644	23850456
Q8C3Q9	Q32MD9	23940460
P42574	Q32MD9	23940460
P55211	Q32MD9	23940460
Q62226	Q6AZB0	17086203
O95810	O54724	24013648
P40336	Q9EQH3	15965486
P32835	P70168	16244664
P70168	Q61712	16244664
P04637	Q8R5A0	17108971
P10844	P46097	17185412 17167418
Q9EPK8	P55088	21262839
	Q9ESK4	16728977
O54724	Q6NZI2	24013648
P49817	Q6NZI2	24013648
P49817	O95810	24013648
Q9QZ88	O75436	15965486
Q96QK1	Q9QZ88	15965486
Q6PDQ2	Q9R190	24048479
Q6PDQ2	Q9Z2D8	24048479
Q6PDQ2	P20263	24048479
Q60793	Q6PDQ2	24048479
Q6PDQ2	P01108	24048479
Q6PDQ2	P48432	24048479
Q9QZ88	Q9EQH3	15965486
Q9D8N0	Q9QWL7	17906640
P10126	Q9D8N0	17906640
Q9D8N0	Q04695	17906640
Q9D8N0	O70251	17906640
Q9QWL7	P10126	17906640
Q9QWL7	O70251	17906640
O35963	Q08484	16855591
P63011	Q08484	16855591
Q08484	P35278	16855591
P51150	Q08484	16855591
Q8K386	Q08484	16855591
Q08484	P35294	16855591
Q08484	P35285	16855591
Q6PHN9	Q08484	16855591
Q3U182	P62991	17805301
Q3U182	Q9R1A8	17805301
Q9JLN9	Q00899	18046414
O70343	Q00899	18046414
Q8K4Q0	Q00899	18046414
Q14677	O88384	18033301
Q92556	Q3UHD1	17960134
Q3UHD1	Q8BPU7	17960134
P60605	P60605	17310145
P61586	Q64096	17704816
P20029	Q99KV1	21217698
P04156	Q8CJG0	22484317
Q8CJG0	P04273	22484317
Q9ESK9	Q8C0J2	23262492
Q8C0J2	Q8C0J2	23262492
Q8C0J2	Q9H1Y0	23262492
Q3MHR7	Q9ERL7	23893131
Q9CPW4	Q9D0A3	24132237
Q16539	P54830	23932588
P35288	Q08484	16855591
Q8TDY2	Q8C0J2	23262492
P23804	P21675	9388200
Q3UHD1	Q14185	17960134
A2A935	Q5DW34	24196706
A2A935	Q9Z148	24196706
A2A935	P28033	24196706
O88712	A2A935	24196706
Q61025	Q8C0J2	24089209
P17427	Q8K341	24097348
Q61686	Q8BUH8	22388734
Q61686	P63165	22388734
P55854	Q61686	22388734
Q04207	B2RWS6	24019758
Q9CR95	P17427	24130457
Q9CR95	P63010	24130457
Q8K285	Q9CR95	24130457
Q6NZM9	P42858	24302884
P42859	Q6NZM9	24302884
Q3UHK8	P04156	22484317
Q8R418	P04156	22484317
Q91YI1	Q8C0J2	23262492
Q8C0J2	O70405	23262492
O75143	Q8C0J2	23262492
P83917	Q8BUH8	22388734
P23198	Q8BUH8	22388734
Q0JRZ9	Q9CR95	24130457
P42208	Q8C456	24302887
Q15019	Q8C456	24302887
Q99JB6	P51450	18368049
Q9JKV1	P62988	18497817 18497827
Q99460	Q9JKV1	18497827 18497817
Q9JKV1	P54725	18497817
Q9JKV1	P54727	18497817
Q9JKV1	Q8WTU0	18497817
P45481	P35637	18509338
Q01844	P45481	18509338
Q92804	P45481	18509338
P22692	Q61091	18528331
P47876	O75581	18528331
O75581	P47877	18528331
O75581	P47879	18528331
P47880	O75581	18528331
Q61091	P47876	18528331
Q61091	P47877	18528331
Q61091	P47879	18528331
Q61091	P47880	18528331
Q8JZX4	P54254	18337722
P54254	Q924A2	18337722
Q924A2	P54253	18337722
P97447	P31266	24290140
Q6XZF7	Q03173	24332715
E9PWQ3	E9PWQ3	24332716
O08807	Q8NBS9	24462249
Q8BGV8	Q8BGV8	24508339
Q8BGV8	Q8K1M6	24508339
Q5NCS9	Q8K1M6	24508339
P54841	P54841	24530283
P54841	P01101	24530283
P52592	Q99P72	24453941
P52592	Q9JK11	24453941
P62991	P52592	24453941
P68135	Q9JL04	24586110
P06537	P06537	24642507
Q9QXW2	Q9WTX5	23314863
Q64364	P06748	23851489
P63085	O95863	23644467
Q06507	P35639	23624402
P52800	O88797	23354168
P35917	P98078	23354168
Q99NH2	P98078	23354168
P35917	Q99NH2	23354168
P26231	P26231	23417122
Q61301	Q61301	23417122
Q8K1M6	Q8K1M6	24508339
Q9WTL8	Q3TQ03	24736997
O35973	P97784	24737000
P23198	Q9DB91	23748610
Q4KM98	Q8K1M6	23792689
Q8K1M6	P08081	23792689
Q8K1M6	P53563	23792689
P02563	P52800	23354168
P39052	P52800	23354168
P52800	P11442	23354168
P52800		23354168
P52800	P18484	23354168
P26928	Q80U72	24362629
Q8C3P7	Q3UIK4	24394384
Q8C0V1	O70576	24413433
Q8C0V1	P70371	24413433
Q8C0V1	Q9D666	24413433
O09106	Q9Z1J1	24463605
Q8CFH6	Q8CFH6	24561619
P61809	Q8CFH6	24561619
P62991	P61809	24561619
Q80U04	P61809	24561619
P61809	O43164	24561619
P68135	Q61553	24633326
Q99MN1	P14206	24212136
Q9QZQ1	P01112	24441586
Q8K4S1	P01112	24441586
Q8VHC5	P27732	24441587
Q07652	Q8VHC5	24441587
Q9JI33	P70211	19193855
Q9JI33	O08722	19193855
P02468	Q9JI33	19193855
Q9EP80	Q68ED2	20018661
P17918	P52431	19416922
P39689	P17918	19416922
Q8BTI9	P17918	19416922
Q64127	P02340	19556538
Q8BX10	O35099	19590015
Q3UUV5	O35601	19617540
Q6ZWS8	Q0VGT2	19955409
Q6ZWS8	P10071	19955409
P62991	O88513	18650381
P01901	P07725	18787130
P97484	P01901	18787130
Q9QX47	Q06455	18952841
Q8BWG8	P58660	18952848
Q91YI4	P58660	18952848
P46096	Q60393	17185412
P46097	Q60393	17185412
P10844	P46096	17185412
Q3TKT4	Q62908	17185421
P46152	Q3TKT4	17185421
Q6P9Z1	P31266	17210915
Q6P9Z1	P70326	17210915
Q3TKT4	Q01705	17210915
Q6P9Z1	Q01705	17210915
P70315	O43516	17213309
Q91ZR5	A2ARP9	17227845
Q91ZR5	Q80W99	17227845
Q8BVN3	Q91ZR5	17227845
Q8CIP4	Q80U72	24362629
Q9WTK7	Q8CIP4	24362629
P26928	Q8CIP4	24362629
Q8CIP4	Q8BYR2	24362629
Q8C0V1	Q80VJ8	24413433
Q8C0V1	A2AU37	24413433
Q8C0V1	Q8C5S7	24413433
Q8C0V1	Q9CW03	24413433
P52800	P62944	23354168
P52800	P84092	23354168
P35918	P35917	23354168
P35918	Q68FD5	23354168
P52800	Q99NH2	23354168
P35918	Q99NH2	23354168
P35918	P98078	23354168
O54864	O54943	24413057
O54864	P23198	24413057
P23198	O54943	24413057
Q9EQQ0	O54943	24413057
Q62318	O54943	24413057
O54943	O09106	24413057
Q9EQQ0	P23198	24413057
P23198	P97784	24413057
P62988	P61809	24561619
O08721	Q9JI33	19193855
Q921D4	Q9DB91	23748610
O70361	P97784	24737000
P02340	P70399	19556538
P58660	P61793	18952848
Q3TKT4	P31266	17210915
P06537	Q3TQ03	24736997
Q3TQ03	O09106	24736997
O54943	Q3TQ03	24736997
Q9R194	Q3TQ03	24736997
Q99PV5	Q3TQ03	24736997
Q2VPD4	O15516	24737000
Q2VPD4	Q99743	24737000
Q9WTL8	Q8N365	24737000
O15516	Q9WTL8	24737000
Q9WTL8	Q99743	24737000
O54943	O15516	24737000
O35973	Q9R194	24737000
Q9WTL8	Q9R194	24737000 26562092
P97784	O15516	24737000
P97784	Q99743	24737000
O35973	O70361	24737000
O70361	O54943	24737000
Q8N365	O54943	24737000
O54943	O35973	24737000
O35973	O35973	24737000
P97784	Q91WT9	24737000
P97784	Q9D103	24737000
Q9WTK7	Q9CSB4	24859006
Q9WTK7	Q8TEW8	24859006
P70315	Q9Y5X1	17242350
P26450	Q9Y5X1	17242350
P29351	Q68SN8	17522256
Q61462	Q61093	24739962
Q61093	Q8BMT4	24739962
Q9JIE6	Q8CII9	24632570
Q9JIE6	P16872	24632570
O70405	O75143	24793651
P23242	Q8C0J2	24705551
Q8VD65	P23242	24705551
Q8CDJ3	P23242	24705551
P23242	Q6PF93	24705551
O35526	O08547	24705552
P28033	P63085	17264204
P28033	P28033	17264204
Q61687	Q00566	17296936
Q9JHD2	P28033	17301242
P28033	Q92830	17301242
Q91YR1	P68135	17360616
O00141	Q80UE6	17360471
Q8VIM5	Q9Y6Q9	17360478
Q8K4J6	Q9Y6Q9	17360478
Q9Y6Q9	P59759	17360478
Q9ERP3	Q14192	17360532
Q14315	Q9ERP3	17360532
Q96D31	Q61143	17360584
Q80UW2	P63208	17389369
P61823	Q80UW2	17389369
P47811	P49137	17395714
O35245		17404231
P15692	P35918	7681362
P54763	Q13009	17440041
P16092	Q99N32	17452648
Q03142	Q99N32	17452648
P42227	P42227	17463090
Q9Z0J4	Q60857	17452640
Q01853	Q9JI78	17496150
Q8C0T9	Q6UJY2	17517652
P19221	O08675	17606903
P19221	O88634	17606903
O08734	Q811U4	17606912
O08734	Q80U63	17606912
Q16611	Q80U63	17606912
Q16611	Q811U4	17606912
Q07812	Q811U4	17606912
Q07812	Q80U63	17606912
Q04207	Q9JM05	17606919
O54890	Q01279	17606926
P16333	Q60598	17606906
Q60598	P12931	17606906
P05622	C5IAU5	17609376
P41250	Q9CZD3	17545306 17595294
O88485	P42858	17548833
P53566	P53566	17551013
Q91V12	Q91V12	17563367
P56817	P04925	17573534
P30999	Q14247	17576929
Q60598	P30999	17576929
Q9CSN1	Q9UN42	17592128
Q99ME6	Q6ZWR6	17592128
Q99ME6	Q921T2	17592128
Q9CSN1	Q99ME6	17592128
P70315	Q91VH2	17242350
Q92831	P28033	17301242
Q9JM73	Q8VIM5	17360478
O70441	P60879	7768895
P50279	P60879	7768895
P60879	Q08850	7768895
P60879	P60879	7768895
O54943	P20393	24737000
Q8N365	O35973	24737000
O70361	Q8N365	24737000
Q9WTL8	P45481	24737000 25961797
P68431	Q8R5C8	24590075
P84243	Q8R5C8	24590075
Q01279	Q9D1T0	17726113
Q03137	P15882	17911252
P52631	P52795	17954917
Q62120	O13097	17954917
P42227	P52795	17954917
P03966	Q13547	18003922
P03966	Q92993	18003922
Q60857	Q63ZW7	17452640
Q60857	Q8CGF4	17452640
Q01405	Q60857	17452640
Q61327	Q9Z0J4	17452640
Q61327	Q63ZW7	17452640
Q62083	Q60857	17452640
P42859	O88485	17548833
O08788	O88485	17548833
O88485	O35668	17548833
O88597	P23242	24705551
P63044	O09044	24705552
O35526	Q9ERB0	24705552
Q9ERB0	P63044	24705552
P26450	P70315	17242350
P31041	P26450	17242350
P26450	Q91VH2	17242350
O09106	P28033	17301242
Q3UFB7	O70405	17389358
Q9QY01	Q3UFB7	17389358
Q3UFB7	P70196	17389358
Q3UFB7	P25119	17389358
Q3UFB7	Q64337	17389358
Q03142	Q9JJN1	17452648
Q9JJN1	P16092	17452648
Q4JIM5	P12830	17965237
P35222	Q4JIM5	17965237
O09044	O35526	24705552
Q9DC40	Q9CQJ2	24794838
P49959	Q9CQJ2	24794838
P41160	P48356	24882746
Q9GT24	E9Q4Y4	24980795
A2AUM9	O97143	24980795
E9Q4Y4	O97143	24980795
Q64702	A2AUM9	24980795
Q64702	E9Q4Y4	24980795
Q01887	P35222	24960609
O55236	P16333	25137142
P11802	Q9JHD2	24870244
O75529	Q9JHD2	24870244
Q6ZWQ0	Q9Y613	24880667
P15116	P30999	24929360
Q8BPQ7	Q9R0M6	25220469
Q9R0M6	Q9R0M6	25220469
Q8BHH2	Q8BHH2	25220469
Q8BHH2	Q8BPQ7	25220469
Q80U12	Q9R0M6	25220469
Q8BHH2	Q80U12	25220469
P02340	P02340	25119037
O88792	P25774	25086747
Q9JI59	P25774	25086747
Q9D8B7	P25774	25086747
P02340	Q13625	8016121
Q80UV9	Q80UV9	16407123
Q62447	A2AGH6	25344755
Q5SWW4	Q8R3L8	25344755
P11440	Q62447	25344755
Q62447	P97377	25344755
Q8VBV4	P46531	25344755
Q9R244	P05480	16407161
P05480	Q13507	16407161
P05480	Q9QUQ5	16407161
P05480	Q9QX29	16407161
P05480	Q61143	16407161
Q9UKV5	Q01853	16407162
Q15545	Q80UV9	16407123
E9PWH2	O43353	16418290
Q547H1	E9PWH2	16418290
P13504	P22366	16477040
Q61496	Q9UPY3	16477042
P26450	P37242	16446424
Q9Z280	P49769	16449386
P49769	Q13393	16449386
Q61056	P05480	16407161
Q9Z2I2		16481613
O54912	P21279	16492788
P21279	Q9ES08	16492788
O54912	P21278	16492788
P52633	Q2EMV9	16537510
P28223	P18654	16537434
Q8CAE3	Q08460	16549765
P30275	P41969	16549787
P06804	P34015	16581912
O35903	Q8QMN0	16581912
O55038	Q8QMN0	16581912
P40224	Q8QMN0	16581912
O35903	Q8JLJ0	16581912
Q8JLJ0	O55038	16581912
P40224	Q8JLJ0	16581912
Q9JFT2	O35903	16581912
Q9JFT2	O55038	16581912
P40224	Q9JFT2	16581912
O57300	O35903	16581912
O35451	P20029	16595634
P18762	P51637	16648270
Q01815	P18762	16648270
P27038	P12643	16672363
Q9CQR7	P57716	16449386
P25911	P11911	16690746
P40223	P09919	9187659
Q99JB6	Q99JB6	16769892
Q99M51	O54967	16777958
P16333	O54967	16777958
O54967	O54967	16777958
P51637	Q01815	16648270
Q8ZMX2	Q9QXG4	16790548
Q99NB1	Q8ZMX2	16790548
Q9NTG7	Q99NB1	16790548
Q9NTG7	Q9QXG4	16790548
Q96EB6	Q9QXG4	16790548
P63001	Q60610	16801538
P15209	Q60610	16801538
P20293	P42227	16801560
Q9Y2T1	Q07832	16815967
O88566	Q07832	16815967
Q91Y86	P35569	16818881
Q9WTU6	P35569	16818881
P70290	Q80VW5	16829577
P22366	Q9QUN7	16832055
P62991	Q9WVC6	16847254
P02248	Q9WVC6	16847254
Q684R7	Q6NVD0	16880404
Q80T14	Q6NVD0	16880404
A2A259	Q2EG98	16891422
A2A259	A2A259	16891422
Q91X05	Q61143	17079490
Q91X05	Q61056	17079490
Q9R244	Q91X05	17079490
Q91X05	Q9QZC1	17079490
Q9QUQ5	Q91X05	17079490
Q91X05	Q9QX29	17079490
P11151	Q9Z1P8	17088546
Q8R418	Q9JMB7	16938833
P26038	P97820	16938849
P15311	P97820	16938849
G3HWC3	P97820	16938849
O88448	Q8ZMM8	16938850
Q15109	Q01279	16954185
P63058	P27986	16966610
Q91X05	O60500	16968782
Q91YI4	Q9QZS7	16968782
O88513	Q9JIZ5	16924111
P55040	Q9JIZ5	16924111
Q9UM54	Q9Z0G0	16908842
Q9Z0G0	Q9Z0G0	16908842
O88513	Q9Y618	16924111
Q9JIZ5	Q9Y618	16924111
Q60520	Q9JIZ5	16924111
Q9JIZ5	Q60974	16924111
P39717	P05132	16924114
Q9DBC7	P05132	16924114
Q9Z2B5	Q9Z2B5	16973740
P05132	P41910	17005718
P22366	P15314	17018642
P56477	P22366	17018642
P70434	P22366	17018642
Q9JL19	Q8BRH4	17021013
Q9JIS7	P62157	17028172
Q9JIS7	P62161	17028172
Q69ZU8	O14641	17032765
Q60838	Q69ZU8	17032765
P51141	Q69ZU8	17032765
P70424	Q60748	17043217
P18762	P70424	17043217
O70468	Q02566	17075052
P25322	Q9WU00	16864783
Q684R7	Q80T14	16880404
P53566	O09000	17098861
O09000	Q00322	17098861
Q8BNY6	P11881	17114292
P42225	Q60953	17121994
P42225	P29590	17121994
P06536	Q61026	17130446
P15976	Q925J9	17132730
Q9D8B3	Q9D8B3	17146056
P62204	Q99104	17151196
Q8CJ91	Q8CJ91	25450767
P37198	P70168	25435324
P83953	P70168	25435324
Q8R5A3	P26039	27150043 25465129
Q70E73	P26039	25465129
Q07813	Q07813	26299946 9395483
P01558	Q9ET38	25678664
P01558	Q9Z0G9	25678664
Q9CQJ4		25519132
O88992	O88992	25752542
Q8CFR0	Q8CFR0	25752542
Q9ESN4	Q9ESN4	25752542
P97953	O60462	25752543
P97953	P35916	25752543
Q8IYB4	O88703	25800552
Q8BMD2	P55258	25860027
P10415	Q07813	7937747 26344567
P52293	P31345	25599645
Q07813	O43521	25497728
O89050	O89050	25579817
O89050	P62812	25579817
P62158	Q9QXS1	25703379
P16144	Q9QXS1	25703379
Q80TS3	Q8BLU0	25728924
P61007	Q8BMD2	25860027
P61027	Q8BMD2	25860027
Q61598	Q8BMD2	25860027
P55258	P50395	25860027
Q8BMD2	Q9WV60	25860027
P49841	Q8BMD2	25860027
P50395	Q8BMD2	25860027
P23443	B2RQC6	23429703
P48678	P31750	23686339
P34971	Q99962	25517094
Q99962	P51436	25517094
Q99961	P34971	25517094
P34971	Q99963	25517094
P51436	Q99961	25517094
Q99963	P51436	25517094
Q8VIM0	Q9Z1R2	25363763
P31809	Q8VIM0	25363763
Q9CZW6	P51668	25327252
Q6PFX9	Q9NTX7	25327252
Q5SQX6	Q9Y2A7	24357318
Q5SQX6	Q92558	24357318
Q5SQX6	Q9NYB9	24357318
Q8WUW1	Q5SQX6	24357318
Q7L576	Q5SQX6	24357318
Q5SQX6	P08727	24357318
Q5SQX6	Q9UPY6	24357318
Q5SQX6	Q9Y6W5	24357318
P05787	Q5SQX6	24357318
Q5SQX6	P05783	24357318
Q5SQX6	P16615	24357318
O00443	Q5SQX6	24357318
Q5SQX6	Q9UHB6	24357318
P13796	Q5SQX6	24357318
O14735	Q5SQX6	24357318
Q3ZCQ8	Q5SQX6	24357318
Q03001	Q5SQX6	24357318
Q92614	Q5SQX6	24357318
Q5SYE7	Q5SQX6	24357318
Q80TP3	Q3U2S4	25470037
Q3U2S4	P11103	25470037
Q80TP3	P51450	25470037
Q91WQ3	P11103	25533949
Q6P988	P27467	25731175
P68135	P58771	25470062
Q8BLA8	Q8BLA8	25855297
Q8VBV4	Q4UG71	25624101
P62158	Q9WTI7	25437912
P55200	Q923E4	25751424
Q923E4	Q03164	25751424
Q60793	P46938	25531778
P46937	Q60793	25531778
Q2F862	Q9Z126	26095031
P10889	Q2F862	26095031
Q62318	O35613	25938714
Q9CQV6	Q8VE91	26040720
P53762	P97481	26245371
P97798	Q6NW40	25938661
O08785	Q2VPD4	25961797
B2RWS6	Q9WTL8	25961797
Q2VPD4	P45481	25961797
Q2VPD4	B2RWS6	25961797
Q9BSB4	Q91YI1	26030876
P42859	O70405	25686248
O70405	Q9JLN9	25686248
Q9CPX6	Q8WUM4	25686249
Q9CQY1	Q9WU78	25686249
Q8WUM4	Q9CQY1	25686249
Q9D8B3	Q8WUM4	25686249
Q9CQY1	Q9CPX6	25686249
Q5EG47	P46937	25751139
P26687	Q9UN86	25893917
P29351	Q91YS8	25915125
P63017	P43883	25961502
P63017	Q9DBG5	25961502
Q8BJ56	Q61585	25961502
Q8BJ56	Q9DBL9	25961502
P63017	P16858	25961502
Q9Z1E3	P63017	25961502
Q04207	P12813	25822914
A2AVQ5	Q9CR59	25883318
Q8C2K5	A2AVQ5	25883318
P99026	A2AVQ5	25883318
P70662	A2AVQ5	25883318
A2AVQ5	Q6ZPZ3	25883318
Q99K48	A2AVQ5	25883318
P52480	A2AVQ5	25883318
Q99PW8	A2AVQ5	25883318
A2AVQ5	P97762	25883318
P97471	Q8R1H0	26113728
Q8R1H0	Q13485	26113728
Q6GQT6	Q9Y5U4	26160948
P09803	A5HZZ4	24948737
Q80X73	Q3UJK4	25061210
Q80X73	Q69ZS7	25061210
Q9Z2V5	Q61879	25342804
P62973	Q9Z2V5	25342804
Q3U2S4	A2AN08	25470037
Q05144	Q93KQ6	25664724
P97784	Q2VPD4	25961797
O08808	Q93KQ6	25664724
Q91YR1	Q93KQ6	25664724
Q93KQ6	Q9Z0P5	25664724
Q8BG84	P29351	25915125
Q8R1H0	Q924K8	26113728
A5HZZ6	P09803	24948737
P09803	A5HZZ5	24948737
P62743	P63010	25061211
P62743	P18484	25061211
P62962	Q93KQ6	25664724
Q93KQ6	P70429	25664724
Q93KQ6	P70460	25664724
Q0GNC1	Q93KQ6	25664724
P70315	Q93KQ6	25664724
Q93KQ6	Q8K1I7	25664724
Q93KQ6	P13020	25664724
P18760	Q93KQ6	25664724
Q93KQ6	Q8CIH5	25664724
P24452	Q93KQ6	25664724
P40124	Q93KQ6	25664724
P15532	Q93KQ6	25664724
O35613	Q61687	25938714
Q64337	P42859	25686248
P47811	P12813	25822914
A2AVQ5	O35972	25883318
A2AVQ5	P03888	25883318
P00397	A2AVQ5	25883318
Q8R1H0	O09106	26113728
Q8R1H0	P70288	26113728
Q8R1H0	Q60972	26113728
Q8R1H0	Q60973	26113728
Q8R1H0	Q9R190	26113728
Q9Z2V5	P22435	25342804
Q9Z2V5	Q910N6	25342804
P28347	Q9EPK5	26258633
B1AZ99	O08586	26280536
P62161	Q5NBX1	26334624
Q5NBX1	P62158	26334624
O88895	P09411	26356530
Q810U3	P27573	26406915
O35526	P21707	26437117 26280336
O35526	Q62747	26437117
Q9R016		23765277 26449474
Q80U63	O60260	23620051
Q8IWE5	Q91YS4	23519214
O94985	Q91YS4	23519214
Q8R5F7	P11207	23328395
P11207	Q6Q899	23328395
Q3UPP8	A2AUM9	24240477
A2AUM9	Q7M6Y5	24240477
U5KUF9	A2AUM9	24240477
U5KUF9	O94986	24240477
O94986	U5KVR9	24240477
Q99N57	Q9JI10	24929361
P04049	Q9JI10	24929361
B7ZNG0	B7ZNG0	24952464
P23804	P06400	7791904
P02340	Q8CHI8	9194565
B2RWS6	P02340	9194565
P70343	P57764	26375003
P70343	Q9D8T2	26375259
Q61656	P51450	26675721
Q8BGT1	Q80TS3	26235031
Q8BGT1	Q8BGT1	26235031
Q07813		26299946
Q8K4B0	Q8R1H0	26113728
P02340	P45481	9194565
Q9WVS6	Q80U63	23620051
P61965	Q8BX09	26320581
Q91X20	Q8BX09	26320581
Q99LT0	Q8BX09	26320581
Q8C6E0	Q9WUL7	26455799
Q9WUL7	Q96G28	26455799
Q8C6E0	Q9D0J4	26455799
Q9D0J4	Q96G28	26455799
		26449474 26449475 26585513
Q13526	P01108	26655473
P67871	Q60737	26562092
P67871	Q9WTL8	26562092
P67870	Q9WTL8	26562092
P97784	P67871	26562092
Q9R194	P67871	26562092
Q9WTL8	P68400	26562092
P68400	P97784	26562092
P68400	Q9R194	26562092
P19784	Q9WTL8	26562092
P97784	P19784	26562092
Q9R194	P19784	26562092
P97784	P67870	26562092
P67870	Q9R194	26562092
Q9WTL8	Q60737	26562092
P98083	P98083	18413607
P84022	Q64729	26680585
P06179	Q9R016	26449475 21918512
Q64729	P63010	26680585
P49817	Q64729	26680585
Q64729	Q9DBG3	26680585
P01375	P25118	26649818
P01375	Q60855	26649818
P01375	Q62073	26649818
O88351	P01375	26649818
Q3U0V2	P01375	26649818
P25118	P62991	26649818
P01375	O89110	26649818
P01375	Q60769	26649818
P25118	P62988	26649818
Q6R5N8	Q6R5N8	26323037
O08785	Q3U1J4	26323038
Q3U1J4	Q9WTL8	26323038
Q9JM54	Q16611	26344567
Q9JM54	Q07812	26344567
P35579	P70335	26368311
O75460	Q9Z2G6	26551274
O75460	P20029	26551274
Q9CQV6	P05480	22138575
P05480	P22682	22138575
Q07817	Q64010	22179045
Q8R4D5	P21279	22750945
Q3UGF1		22922713
Q3U4G3	P00740	26414444
Q91WS2	O35286	26494172
O43143	Q91WS2	26494172
Q91WS2	Q7Z434	26494172
Q8VCF0	O35286	26494172
Q9Y6N7	Q9R1B9	26586761
P01375	P39429	26649818
P70191	P01375	26649818
P01375	Q924T7	26649818
Q80TQ2	P01375	26649818
P01375	Q60680	26649818
P01375	O88522	26649818
Q9QZL0	P01375	26649818
O08785	A6PWY4	26323038
O08734	Q07817	26344567
Q07817	Q07813	26344567
O08734	Q07820	26344567
Q07813	Q07820	26344567
Q9H0H5	P26231	22750944
Q9H8V3	P26231	22750944
	P06179	26449474
Q9QUK4	P06179	26449475
Q60793	Q02248	22723415
Q9UBL3	Q02248	22723415
Q02248	O15047	22723415
Q80WQ6	Q9Z0F8	22246777 22246778
Q80WQ6	P78536	22246777
P06876	P38531	9211854
P10148	E9M5R0	26671708
E9M5R0	P10855	26671708
Q8BJS4	Q8BJS4	26688217
Q8BJS4	Q6ZWQ0	26688217
Q811D0	P62991	27070899
Q62696	E9Q4K7	27070899
O08911	Q811D0	27070899
O70172	Q13496	26760201
Q96A65	O70172	26760201
Q9ES74	Q96P20	26814970
Q8R4B8	Q9ES74	26814970
P31809	P11224	26855426
E9Q4K7	Q63538	27070899
O70172	Q9UPT5	26760201
O70552	Q60809	27065194
O70552	Q9D8X5	27065194
O70552	P06730	27065194
Q60809	P06730	27065194
Q04211	P06730	27065194
P50615	P06730	27065194
Q6ZQ88	P53566	26974661
Q9ESU6	P53566	26974661
J3QMY9	Q9WTK8	26917764
P97474	P46938	27251288
P97474	Q60795	27251288
E9Q3T6	O70374	27281218
Q4ACU6	O60741	26966193
Q4ACU6	Q9UL51	26966193
Q4ACU6	Q9P1Z3	26966193
Q60974	P51608	23770565
Q9WU42	P51608	23770565
Q8BHJ5	P51608	23770565
Q9QXE7	P51608	23770565
Q9Z2D6	Q60520	23770565
Q9Z2D6	O88895	23770565
O88939	Q8VHR5	26816381
Q9R190	O88939	26816381
P51608	O35343	23770565
O35344	P51608	23770565
P63073	O70552	27065194
P53566	O09106	26974661
P61965	P53566	26974661
P53566	Q99LT0	26974661
P53566	Q8BX09	26974661
Q91X20	P53566	26974661
O88895	P51608	23770565
Q9Z2D6	Q8BHJ5	23770565
Q60974	Q9Z2D6	23770565
P51608	Q60520	23770565
Q04206	Q8VIM5	18296632
P34152	Q8CFN5	27427476
Q811D0	O08586	27240320
O08586	Q6P9P6	27240320
Q811D0	Q6P9P6	27240320
A2A6Q5	P09803	27240320
O88597	O54918	27398911
Q6PF93	O88597	27398911
O88597	Q8CDJ3	27398911
Q14457	Q8CDJ3	27398911
Q6PF93	Q14457	27398911
Q14457	P98078	27398911
O88597	P98078	27398911
P31266	Q02308	27404588
Q5VTQ0	Q9Z0Y9	27383786
P81718	Q3TB92	20526344
P41499	Q3TB92	20526344
Q3TB92	P97573	20526344
