P41958	P30429	9027312
P42573	P30429	9027312 16938876
P24348	Q19019	7652556
O01497		14704431
		14704431
	Q23312	14704431
Q17446	Q95QC2	14704431
O18657	P41941	14704431
Q22886	Q21746	14704431
Q17446	O02161	14704431
		14704431
	Q22886	14704431
P34269		14704431
Q8I7I0		14704431
Q18838		14704431
		14704431
	Q19750	14704431
Q93637		14704431
Q20303		14704431
	Q93703	14704431
Q09566		14704431
	Q20690	14704431
Q20689		14704431
Q9N4J6		14704431
Q20742		14704431
Q9BKP1		14704431
Q20979		14704431
		14704431
Q21344		14704431
P10983		14704431
	Q22631	14704431
	O16783	14704431
Q22685		14704431
	O45799	14704431
	Q9UAY0	14704431
Q9NES7		14704431
Q9TVQ2		14704431
	Q9U1U0	14704431
	Q9U1T6	14704431
	Q23390	14704431
Q9BIB5	Q9BKP8	14704431
Q9BIB5	Q21746	14704431
O18688	Q17433	14704431
Q21746	Q17433	14704431
O01427	Q17993	14704431
Q9GSQ0	O01427	14704431
P91001	Q17446	14704431
Q17446	Q18018	14704431
Q9TZ16	Q17446	14704431
Q17446	Q18846	14704431
Q19300	Q17446	14704431
Q17446	Q93637	14704431
Q17446	O45436	14704431
Q20772	Q17446	14704431
Q21021	Q17446	14704431
Q17446	O18158	14704431
Q21431	Q17446	14704431
P10983	Q17446	14704431
P41941	P54412	14704431
O61899	Q10943	14704431
Q11073	O62190	14704431
Q22436	Q17446	14704431
Q17446	O61899	14704431
Q9U2D9	Q17446	14704431
Q17446	Q9GRZ1	14704431
Q9XW83	Q17446	14704431
O16488	O02056	14704431
Q21746	O16488	14704431
Q9NES7	O16488	14704431
O16497	Q8I4H0	14704431
P41941	Q18025	14704431
P41999	P41999	14704431
Q18241	P41999	14704431
Q21493	P41999	14704431
P41999	Q23664	14704431
Q10457	Q10457	14704431
Q10923	Q10923	14704431
Q10923	O45521	14704431
Q93934		14704431
Q22705	Q9TXZ9	14704431
P46769	P49197	14704431
Q10943	Q03563	14704431
O01686	Q03563	14704431
Q03563	Q18688	14704431
Q03563	O45410	14704431
Q03563	P91306	14704431
O45603	Q03563	14704431
Q22554	Q03563	14704431
Q03563	O18195	14704431
Q9XVX8	P32085	14704431
Q17522	P91001	14704431
O17583	Q17522	14704431
O45087	Q17522	14704431
Q09415	Q17522	14704431
Q19535	Q22886	14704431
P91283	Q22886	14704431
Q22886	P49405	14704431
O44772	Q22886	14704431
Q22886	O16308	14704431
Q9XTH8	Q22886	14704431
Q22544		14704431
Q21668		14704431
	Q21932	14704431
Q17539	O76674	14704431
O16332	Q17539	14704431
	Q17539	14704431
Q17539	Q17991	14704431
Q17539	Q93233	14704431
Q20437	Q17539	14704431
Q17539	Q9XUW3	14704431
Q21131	Q17539	14704431
Q17539	O02116	14704431
Q23192	Q17539	14704431
Q9XUK0	Q17539	14704431
O17287	Q17539	14704431
Q17539	Q966A8	14704431
Q17539	P56174	14704431
Q17427	P90731	14704431
Q18165	Q17427	14704431
O44631		14704431
O01427	Q19126	14704431
Q17446	Q10930	14704431
Q17446		14704431
Q966P3	Q17539	14704431
Q93730	Q17539	14704431
Q17539	Q20778	14704431
		14704431
Q9U2W6	Q17539	14704431
Q17427	O61899	14704431
O18302		14704431
O17898	O01839	14704431
O17378	Q17539	14704431
	O16364	14704431
Q9NES7	Q22886	14704431
Q17427		14704431
	Q09983	14704431
	Q22048	14704431
O16454	Q17446	14704431
Q03563	Q93156	14704431
Q95XQ1	Q22886	14704431
O01861	O45225	14704431
Q23390	Q17539	14704431
Q17539	P91185	14704431
O01427	P52717	14704431
Q9NF14	O16198	14704431
O16500	O17970	14704431
O16500	Q9N4I4	14704431
O16313	O16313	14704431
	P46563	14704431
Q9XVV3	Q9N5S5	14704431
Q17935	Q9XVN9	14704431
Q18195		14704431
Q10930	Q18240	14704431
Q21215	Q09248	14704431
Q95Y72	Q04908	14704431
Q19872	P46561	14704431
O45539	P46941	14704431
O17020	P46941	14704431
O17666	Q23158	14704431
	P90740	14704431
Q23390	O16500	14704431
Q21648	Q9U3S0	14704431
Q9XVV3	P34604	14704431
Q17868	Q17715	14704431
Q18033		14704431
O76828	P34465	14704431
Q18668	Q9U2Z5	14704431
Q17559		14704431
Q17559	P91820	14704431
Q17559	O76449	14704431
P55853	P90740	14704431
Q17573	Q9N4B8	14704431
P91015		14704431
Q18076	P91015	14704431
P91015		14704431
Q9XUX8	P91015	14704431
P55956	P91015	14704431
P91015	Q18516	14704431
O16453	O16198	14704431
Q9TYS3	O16198	14704431
	P34278	14704431
P34278	Q21431	14704431
Q9BI72	P34278	14704431
P34286	Q17746	14704431
O17200	P34286	14704431
O45521	P34286	14704431
P34286	Q9XVK6	14704431
P34286	Q23301	14704431
Q17400	O16500	14704431
O16511	O16500	14704431
O16500	O16500	14704431
O16500	Q09456	14704431
Q09975	O16500	14704431
P48152	O16500	14704431
O16500	Q19138	14704431
Q27531	O16500	14704431
P91249	O16500	14704431
O16500	Q9XV50	14704431
O16500	Q93637	14704431
O16500	Q09983	14704431
O16500	Q20223	14704431
Q20393	O16500	14704431
Q09544	O16500	14704431
P90913	O16500	14704431
O45679	O16500	14704431
Q17334	O16500	14704431
Q27389	O16500	14704431
Q21563	O16500	14704431
O16500	Q27383	14704431
Q95Y90	O16500	14704431
P91419	O16500	14704431
O18650	O16500	14704431
O16500	P91479	14704431
O16500	O01708	14704431
O16500	Q23119	14704431
O16500	Q9UAY0	14704431
Q23158	O16500	14704431
O16500	O18181	14704431
O62415	O16500	14704431
O16500	O62416	14704431
O16500	Q23237	14704431
Q9XTV2	Q17622	14704431
P91001	Q9U3S0	14704431
Q9U3S0	Q9U3S0	14704431
Q9U3S0	Q9TZK8	14704431
Q9U3S0		14704431
Q09542	Q9U3S0	14704431
P41886	Q9U3S0	14704431
Q9U3S0	O44821	14704431
Q9U3S0	Q03601	14704431
Q9U3S0	Q22166	14704431
Q9NES7	Q9U3S0	14704431
O76449	Q9U3S0	14704431
Q23500	Q9U3S0	14704431
Q9XVE6		14704431
P90845	Q9XVE6	14704431
Q9XVE6	O44738	14704431
Q966C6	Q9XVE6	14704431
Q9XVE6	Q9U281	14704431
Q9XVE6	Q9N4B8	14704431
Q18241	O16313	14704431
Q93694	O16313	14704431
Q9XUE7	O16313	14704431
O16313	Q94251	14704431
O16313	Q9NEJ8	14704431
O16313	O61390	14704431
O16313	Q9XVZ1	14704431
Q11189	P42171	14704431
Q11189	Q9N5S5	14704431
Q11189	Q21626	14704431
P91820	Q11189	14704431
Q11189	O76447	14704431
Q18503	Q9GYJ9	14704431
Q18964	Q9GYJ9	14704431
O61521	Q9GYJ9	14704431
Q93561	Q9GYJ9	14704431
O02268	Q9GYJ9	14704431
Q9GYJ9	Q21648	14704431
Q9N431	Q9GYJ9	14704431
Q9NES0	Q9GYJ9	14704431
Q9GYJ9	Q9U1S5	14704431
Q17675	Q95XR0	14704431
Q17728	O01869	14704431
	Q17728	14704431
Q21746	Q17728	14704431
Q17635	Q17728	14704431
Q17728	P27798	14704431
	P27798	14704431
Q09417	Q17789	14704431
Q17789	O45946	14704431
Q9N5Z3	P41829	14704431
Q9N5Z3	O45815	14704431
Q9XVF7	Q95YF3	14704431
O61816	Q95YF3	14704431
Q95Q90	Q95YF3	14704431
Q95YF3	Q09232	14704431
Q18264	Q95YF3	14704431
Q18951	Q95YF3	14704431
Q95YF3	P91209	14704431
Q95YF3	Q9GUC8	14704431
Q93731	Q95YF3	14704431
Q10454	Q95YF3	14704431
Q20660	Q95YF3	14704431
Q21740	Q95YF3	14704431
Q95YF3	O62385	14704431
O02174	Q95YF3	14704431
Q95YF3	Q9XXL8	14704431
P21541		14704431
Q20655	P21541	14704431
P21541	O44768	14704431
P21541	O45006	14704431
Q23472	P21541	14704431
P27604	Q09227	14704431
	Q9XVV3	14704431
		14704431
	Q9XWU7	14704431
Q17975	Q17862	14704431
Q17862	O18036	14704431
Q22251	Q17862	14704431
Q20016	Q17862	14704431
Q9NET8	Q17862	14704431
Q9GYG1	Q17862	14704431
Q95PX4	Q17862	14704431
Q17868	O44669	14704431
	Q17868	14704431
Q17868	P53013	14704431
O45441	Q17868	14704431
Q20052	Q17868	14704431
Q17868	Q93703	14704431
P29355	Q9XVW8	14704431
Q09983	P91080	14704431
O61899	Q9XVR6	14704431
P91080	Q966M3	14704431
P91080	Q22631	14704431
P91080	O45799	14704431
Q18124	P52709	14704431
Q21746	Q18124	14704431
O17156	Q18727	14704431
Q9NEN6	O17156	14704431
P35129	Q9XVR6	14704431
Q23158	Q18195	14704431
Q95QJ7	P51875	14704431
Q19955	P51875	14704431
P51875	Q20178	14704431
Q965M4	P51875	14704431
Q93930	P51875	14704431
P47991	P51875	14704431
P50880	Q18238	14704431
Q18238	Q20136	14704431
Q17334	Q18238	14704431
Q18238	O18650	14704431
O45198	Q18238	14704431
Q9NES7	Q18238	14704431
Q18240	Q21793	14704431
P10984	Q18240	14704431
Q18240	O01862	14704431
Q18426	Q18268	14704431
Q20239	Q18268	14704431
O45603	Q18268	14704431
O45865	Q18268	14704431
Q19290	Q27473	14704431
Q09474	Q09474	14704431
Q09474	O62107	14704431
Q09474	O61899	14704431
Q09248	Q9N5Y2	14704431
Q09248	Q09248	14704431
P46561	Q09248	14704431
Q93573	Q09248	14704431
O16366	Q09248	14704431
Q09248	O45865	14704431
P36573	Q09248	14704431
Q965K5	Q09248	14704431
Q9NA98	Q09248	14704431
O02053	Q09248	14704431
Q09476	Q20956	14704431
Q17878	Q09476	14704431
Q95ZX3		14704431
Q18616		14704431
Q09560		14704431
P92004		14704431
	Q22227	14704431
P43509		14704431
Q9NES7		14704431
P34345	P91430	14704431
Q9XUH6	Q21746	14704431
Q93319	Q9NES8	14704431
Q93319		14704431
O16580	Q18530	14704431
O16580	Q19937	14704431
Q20892	O16580	14704431
Q9U2U9	O16581	14704431
Q9N565	O16581	14704431
O16581	Q9GUI5	14704431
	O76828	14704431
	O44949	14704431
O44949		14704431
Q18438	Q11100	14704431
Q18830	Q18438	14704431
Q18438		14704431
Q18438	Q22095	14704431
P46577	O01426	14704431
P46577	Q9XW68	14704431
O17640	Q03571	14704431
Q22977	Q18476	14704431
Q23215	Q18476	14704431
Q19899		14704431
	Q23090	14704431
Q18479	Q09967	14704431
	Q18479	14704431
Q18479	P53013	14704431
Q22847	Q18479	14704431
Q9XW88	Q18479	14704431
Q18479	O01634	14704431
Q18488		14704431
Q18488	Q19774	14704431
Q18488	Q9XW88	14704431
O02065	O01502	14704431
O61899	O01504	14704431
	O01504	14704431
Q8I7I0	Q18688	14704431
Q8I7I0	O45521	14704431
Q93353		14704431
Q93354	Q22347	14704431
Q09596		14704431
Q9U2R6		14704431
P46941	Q17737	14704431
Q27475	P46941	14704431
Q22378	P46941	14704431
P46941	Q9U357	14704431
P46941	Q23671	14704431
	Q18511	14704431
O17209		14704431
	P46563	14704431
	O45503	14704431
	Q9TXP2	14704431
O17038		14704431
Q9U2Y3		14704431
O18246		14704431
	O02053	14704431
Q9TZA7	Q17460	14704431
Q18089	Q9TZA7	14704431
Q9TZA7	P46563	14704431
O61521	Q9TZA7	14704431
Q19684	Q9TZA7	14704431
Q9TZA7	Q9NES7	14704431
Q9XTG1	Q9GYK1	14704431
Q03598	P91430	14704431
Q03598	O61899	14704431
O44971	O44971	14704431
O16215	P91149	14704431
Q09589	Q18584	14704431
O01908	Q17849	14704431
O01908	Q18959	14704431
Q93375	Q9XVF7	14704431
Q93375		14704431
P41829	Q93375	14704431
Q93375	Q20228	14704431
Q93375	Q10454	14704431
Q20655	Q93375	14704431
Q93375	Q09349	14704431
Q93375	Q22847	14704431
O17666	O16366	14704431
O17666	O16305	14704431
Q17549	Q09278	14704431
Q21549	Q09278	14704431
O01497	Q09506	14704431
Q09506	Q20307	14704431
O01902	Q09506	14704431
O44326	Q09506	14704431
P91479	Q09506	14704431
Q09648	Q09506	14704431
Q19969	Q9GYJ3	14704431
Q09989	Q9GYJ3	14704431
O45552	Q9GYJ3	14704431
Q9NES7	Q9GYJ3	14704431
Q9GYJ3	Q9XWI6	14704431
Q9N2Z7	Q9GYJ3	14704431
	Q9GYJ3	14704431
O62015	Q18668	14704431
Q18668	O76566	14704431
P41886	Q18668	14704431
Q18668	O44821	14704431
P90882	Q18668	14704431
Q20709	Q18668	14704431
O01934	Q18668	14704431
Q18668	Q09580	14704431
O45797	Q18668	14704431
Q18668	Q22694	14704431
Q18668	Q27253	14704431
Q18668	Q9NF23	14704431
Q18668	Q9XWR2	14704431
Q9XXE5	Q18668	14704431
Q18668	Q21449	14704431
Q9U1W8	Q18668	14704431
Q21307	Q8IG65	14704431
Q10923	O17670	14704431
Q17508	O17670	14704431
O62020	O17670	14704431
O44447	O17670	14704431
Q9NES7	O16500	14704431
O45603	P81299	14704431
O18302	P90771	14704431
Q9NA39	Q93375	14704431
Q21746	Q09957	14704431
P05690	P34278	14704431
Q9U3S0	Q22494	14704431
Q9GYJ9	Q18089	14704431
Q19374	P47209	14704431
Q9XVV3		14704431
Q17868	Q18529	14704431
Q17935	Q18094	14704431
O16370	P91080	14704431
Q09248	Q19290	14704431
O16580	Q19365	14704431
	P34537	14704431
P46941	Q09510	14704431
Q9TZA7	O16511	14704431
Q93375	Q27532	14704431
Q18668	O62082	14704431
O02089	O16500	14704431
Q18238	Q9NA40	14704431
P46941	Q9XTV9	14704431
Q9U1T6	O16500	14704431
Q18688	Q9XVV3	14704431
Q9N4B8	Q18033	14704431
Q95PZ0	O16500	14704431
P91128	O16500	14704431
Q9XXM6	Q9U3S0	14704431
Q21225	Q9U3S0	14704431
Q23187	Q9GYJ9	14704431
Q9XVV3	O45622	14704431
Q9XVV3	O02482	14704431
	Q17868	14704431
Q20798	Q17868	14704431
Q17868	Q9GYN1	14704431
Q22100	Q17868	14704431
Q17868		14704431
Q23332	Q17868	14704431
Q17868		14704431
Q18547		14704431
	O76566	14704431
Q19788		14704431
P34526		14704431
Q9NET4	P90745	14704431
Q9NAE1	P90745	14704431
O18259	P90745	14704431
Q17935	Q09436	14704431
Q18043	Q17935	14704431
Q18165	Q17935	14704431
Q18241	Q17935	14704431
Q17935	Q18937	14704431
Q17935	Q9XV46	14704431
O01900	Q17935	14704431
Q9U2W6	Q17935	14704431
Q9U1W1	Q17935	14704431
Q23359	Q17935	14704431
Q23422	Q17935	14704431
Q17935		14704431
Q17935	O18302	14704431
Q09236	Q9N4B8	14704431
O01927	Q9XXT5	14704431
Q17732	Q17958	14704431
Q17958	Q18502	14704431
Q19275	Q17958	14704431
Q17958	Q22553	14704431
O62462	Q17958	14704431
Q95PZ7	Q17958	14704431
Q17958	Q23595	14704431
Q21746	Q17961	14704431
O01850	P34331	14704431
P34331	Q20453	14704431
P34331		14704431
Q09417	P34334	14704431
P29355	Q9XU98	14704431
Q21746	Q18032	14704431
P34371	Q18036	14704431
Q18516	Q18036	14704431
Q18033	O45078	14704431
	Q18033	14704431
P41829	Q18033	14704431
Q18033		14704431
Q19735	Q18033	14704431
Q18033		14704431
Q8ST15	Q18033	14704431
Q20877	Q18033	14704431
O45603	Q18033	14704431
P61866	Q18033	14704431
Q21215	Q18033	14704431
Q18033	P10983	14704431
P51404	P81299	14704431
P81299	O45830	14704431
P81299	O62513	14704431
Q09975	Q18075	14704431
Q21648	Q18075	14704431
O62415	Q18075	14704431
	P91001	14704431
Q17581		14704431
	O01482	14704431
Q93228		14704431
P91131		14704431
	Q18783	14704431
	Q19884	14704431
	O01802	14704431
Q95ZL6		14704431
	Q95Y99	14704431
		14704431
Q9TZH8		14704431
	Q9XW20	14704431
Q966C7		14704431
	P34609	14704431
O01876		14704431
	Q9XX25	14704431
P91306	Q9XTZ2	14704431
Q23472	Q18090	14704431
Q10929	Q09485	14704431
Q09485	Q8MQE8	14704431
Q17763	Q09485	14704431
Q95QX3	Q09485	14704431
Q18042	Q09485	14704431
P43510	Q09485	14704431
Q09485	Q18529	14704431
Q18945	Q09485	14704431
Q09485	Q19059	14704431
O17103	Q09485	14704431
Q20759	Q09485	14704431
Q93831	Q09485	14704431
	Q09485	14704431
Q09485	Q9XU77	14704431
Q09485	Q21418	14704431
Q21701	Q09485	14704431
Q9XVK6	Q09485	14704431
P91820	Q09485	14704431
O61899	Q09485	14704431
Q9N582	Q09485	14704431
Q09485	Q965X6	14704431
Q9N3Z0	Q09485	14704431
Q09485	Q9N3Y1	14704431
Q09485	Q9U2D8	14704431
Q09485	Q9XTC8	14704431
O18240	Q09485	14704431
Q09485	P34604	14704431
P48152	O02327	14704431
O45080	Q9GYR5	14704431
P41829	Q9GYR5	14704431
P90985	Q18240	14704431
O44858	Q09248	14704431
P91419		14704431
P46941	O45712	14704431
	P90868	14704431
Q93375		14704431
Q9GYJ3	Q19275	14704431
P42170	P42170	14704431
O02425	Q17862	14704431
Q17886	Q20709	14704431
P34331	O61708	14704431
P91042		14704431
Q95XR0		14704431
	Q09485	14704431
Q8I7I0	P91080	14704431
Q18076	Q18421	14704431
Q17410	O17666	14704431
Q17868	Q20772	14704431
		14704431
Q95QX3	O17670	14704431
O17670	Q9TXP7	14704431
Q9N3A3	O17670	14704431
O16453	Q9TYS3	14704431
Q9XWP3	O16443	14704431
	O45946	14704431
O01869	Q9NA78	14704431
P90786	Q93576	14704431
Q18989	P30632	14704431
Q9TYS8	Q9XUQ4	14704431
O61975	Q19201	14704431
Q22048	Q9XVA3	14704431
Q19266	Q9NAN2	14704431
Q20655	Q19294	14704431
Q23624	Q19440	14704431
O45521	Q17359	14704431
Q17359	Q9XU77	14704431
Q19290	Q19633	14704431
Q9TXH9	Q23182	14704431
		14704431
P91280	Q19872	14704431
Q27420	O17670	14704431
O44400	Q966M5	14704431
Q18964	Q23187	14704431
Q9XVA3	P53013	14704431
		14704431
Q9XUB3	Q19555	14704431
P90849	O01488	14704431
Q17865	O17670	14704431
Q94166	O17670	14704431
O17670	Q17979	14704431
Q18043	O17670	14704431
O17670	Q18241	14704431
	O17670	14704431
Q93325	O17670	14704431
O17670	Q95X38	14704431
O17670	Q9GYQ9	14704431
O17670	Q9XXU2	14704431
Q18937	O17670	14704431
Q18999	O17670	14704431
Q19007	O17670	14704431
O17670	Q9U3J5	14704431
O17670	Q9GUC8	14704431
O17670	Q19610	14704431
Q93619	O17670	14704431
O17670	Q19018	14704431
O17670	Q20677	14704431
O17670	O17718	14704431
O17670		14704431
O17670	Q8MQ25	14704431
O17894	O17670	14704431
O17670	Q20956	14704431
Q20968	O17670	14704431
Q21021	O17670	14704431
P52874	O17670	14704431
O17670	Q21127	14704431
O17670	Q21134	14704431
O17670	Q21361	14704431
Q9XU77	O17670	14704431
Q09580	O17670	14704431
O17670	O45962	14704431
O17670	O61708	14704431
Q22030	O17670	14704431
O45604	O17670	14704431
	O17670	14704431
Q22178	O17670	14704431
	O17670	14704431
Q95ZK7	O17670	14704431
O02065	O17670	14704431
P91820	O17670	14704431
	O17670	14704431
O17670	Q23065	14704431
Q9BIC1	O17670	14704431
O17670	Q9XUL9	14704431
O17670	Q9N5B4	14704431
O17670	O45007	14704431
Q9U2W6	O17670	14704431
Q9N582	O17670	14704431
Q9UAU5	O17670	14704431
Q9NAE9	O17670	14704431
O17670	Q9N4Q7	14704431
Q9U1S2	O17670	14704431
Q9N4P3	O17670	14704431
O17670	Q9N4L9	14704431
Q27482	Q9XUE5	14704431
Q9XVR7	Q18728	14704431
Q18241	P34371	14704431
P90925	P34371	14704431
P34371	O76447	14704431
Q18776	Q18776	14704431
Q18776	Q18799	14704431
Q18776	O61899	14704431
Q18776	P27798	14704431
Q17886	O17695	14704431
O17695	P34369	14704431
O17695	O62198	14704431
O16511	Q9XXU4	14704431
Q9XXU4	Q18302	14704431
Q9XXU4	O44820	14704431
Q18809	Q18809	14704431
Q18809	P41932	14704431
Q18809	Q18516	14704431
O16453	Q20858	14704431
O16453	Q22623	14704431
O16453	Q9NF14	14704431
O16443	O01576	14704431
Q18869	O17754	14704431
Q18869	P34383	14704431
Q18869	O44512	14704431
Q18869	Q18516	14704431
Q18869	Q9U2M4	14704431
Q95QQ2	Q9N3Y1	14704431
Q09444		14704431
		14704431
		14704431
Q22857		14704431
Q23150	Q09510	14704431
Q9N4A7	O01870	14704431
Q17400	O01869	14704431
Q17417	O01869	14704431
O01869	Q17884	14704431
O01869	O62078	14704431
O01869	Q18538	14704431
Q03572	O01869	14704431
O01869	Q18573	14704431
O01869	Q18687	14704431
Q9N5V2	O01869	14704431
O62126	O01869	14704431
Q18967	O01869	14704431
O01869	Q19035	14704431
Q19853	O01869	14704431
Q20188	O01869	14704431
P91329	O01869	14704431
O01869		14704431
O01869	Q21204	14704431
O44180	O01869	14704431
O01869	Q22714	14704431
O01869	Q9NF15	14704431
O01869	Q9U3T2	14704431
O01869	Q9N3T2	14704431
O01869	Q9NAF6	14704431
O18228	O01869	14704431
O18229	O01869	14704431
O01869	Q9XW88	14704431
O01869	Q23320	14704431
O01869	Q23362	14704431
Q09360	O01869	14704431
O01869	Q23666	14704431
Q18932	Q18341	14704431
Q18932	P90825	14704431
Q9TYS3	Q9TYS3	14704431
Q9TYS3	Q9U9Y8	14704431
Q27408	Q9TYS3	14704431
O61899	Q18938	14704431
O01961	Q18953	14704431
Q18953	Q18953	14704431
O01796	Q18953	14704431
Q18953	P34652	14704431
Q965X6	P34378	14704431
O62444	O62126	14704431
Q18964	P34296	14704431
Q18503	Q18964	14704431
Q18964	P91199	14704431
Q18964	Q19008	14704431
	Q18964	14704431
Q18964	O61521	14704431
Q18964	Q95ZS5	14704431
Q9N431	Q18964	14704431
Q9N4G8	Q18964	14704431
Q23087	Q18964	14704431
Q23615	Q18964	14704431
Q18966	Q9N2Z7	14704431
O17353	P90786	14704431
O18672	Q18989	14704431
P55956	Q18989	14704431
Q21746	Q18989	14704431
Q18989	Q9XWV6	14704431
O45323	O16736	14704431
P91988	Q966L2	14704431
Q9XTD1	Q8MQ88	14704431
Q8MQ88	O01492	14704431
Q8MQ88	Q9N4K2	14704431
Q8MQ88	Q21562	14704431
Q9NAN2	Q8MQ88	14704431
Q9N3V9	Q8MQ88	14704431
Q965X6		14704431
Q19058	Q19058	14704431
O17754	Q94261	14704431
Q19162	Q19082	14704431
Q19082	O01803	14704431
P46563	P46563	14704431
P91503	P46563	14704431
Q19088	Q17746	14704431
Q19101	Q19088	14704431
Q19088	Q8I093	14704431
Q19360	Q19088	14704431
O45521	Q19088	14704431
Q21412	O17624	14704431
Q17688	P91216	14704431
O45137	Q19185	14704431
O62444	Q19185	14704431
Q21319	Q9TYS8	14704431
O01839	Q19201	14704431
Q19201	Q09501	14704431
Q20742	Q19201	14704431
P32743	Q19201	14704431
Q19201	Q22227	14704431
Q19201	Q22544	14704431
P34574	Q19201	14704431
P91820	Q19201	14704431
Q19201	Q9N575	14704431
Q19202	Q94261	14704431
Q21746	Q19202	14704431
Q19202	P30632	14704431
Q966E8	Q22949	14704431
O45865	Q27531	14704431
Q22950	P19626	14704431
Q22950	P40614	14704431
Q21432	Q22950	14704431
Q19211		14704431
Q19211	Q22436	14704431
Q19211	Q9U348	14704431
Q9U1S2	Q19211	14704431
Q9XVA3	Q10941	14704431
O02639	Q9XVA3	14704431
Q9XVA3	Q18413	14704431
Q9XVA3	Q9N5V2	14704431
Q19208	Q9XVA3	14704431
Q9XVA3	Q94215	14704431
Q9XVA3	Q20709	14704431
Q9XVA3	O01802	14704431
Q9XVA3	P34460	14704431
O45599	Q9XVA3	14704431
Q9XVA3	Q21344	14704431
	Q9XVA3	14704431
Q21899	Q9XVA3	14704431
Q22212	Q9XVA3	14704431
Q9UAY0	Q9XVA3	14704431
Q9XVA3	O45007	14704431
Q9XVA3	Q9NES7	14704431
Q9NAG2	Q9XVA3	14704431
Q9XVA3	Q9BL77	14704431
Q9XVA3	Q9U203	14704431
Q23382	Q9XVA3	14704431
Q9BJ56	O17776	14704431
P45972	Q8MNT9	14704431
	Q8MNT9	14704431
Q19279	Q21648	14704431
	Q17491	14704431
	Q966C6	14704431
Q09535	O18257	14704431
Q9N390	Q09536	14704431
	Q19294	14704431
Q19294	P05690	14704431
Q19294	P41829	14704431
Q19294	Q966M3	14704431
Q19294	Q19459	14704431
Q93572	Q19294	14704431
Q93573	Q19294	14704431
O17214	Q19294	14704431
Q19294	P61866	14704431
Q19294	Q95QD1	14704431
Q9GYM9	Q19294	14704431
Q19294	O45865	14704431
Q19294	Q23150	14704431
Q19294	Q8WQA8	14704431
P27798	Q19294	14704431
O45293	Q19294	14704431
Q19294	Q23425	14704431
Q21215	O16922	14704431
O16922	Q9NAP0	14704431
Q19325	Q9TVH6	14704431
Q95ZV7	P47209	14704431
Q9XW88	P91253	14704431
Q18192	Q19370	14704431
O17801	Q966M3	14704431
O17801	O17801	14704431
Q21022	O17801	14704431
O62332	O17801	14704431
O17801	O44408	14704431
Q22326	O17801	14704431
O17801	O45865	14704431
P43509	O17801	14704431
O17801	Q965X6	14704431
O17801	Q9N3X4	14704431
Q9XUQ4		14704431
Q18945	Q19416	14704431
Q19416	P13508	14704431
Q9U1S5	Q19416	14704431
Q18897	Q19424	14704431
Q09296	Q19424	14704431
Q19424	O18152	14704431
Q22860	Q19424	14704431
Q9U1S2	Q19424	14704431
	Q07085	14704431
P50464	Q09497	14704431
P50464	Q18529	14704431
P50464	P91307	14704431
P50464	Q20742	14704431
Q20956	P50464	14704431
P50464	O45865	14704431
Q9NES7	P50464	14704431
Q17359	O62020	14704431
Q17359	O44447	14704431
Q11103	Q17359	14704431
Q17796	Q17359	14704431
Q17865	Q17359	14704431
Q17359	Q18043	14704431
Q17359	Q9U3P1	14704431
Q18241	Q17359	14704431
Q17359		14704431
Q17359	Q18937	14704431
Q17359	Q20956	14704431
Q21021	Q17359	14704431
Q93831	Q17359	14704431
Q9N5N7	Q17359	14704431
Q17359	Q21127	14704431
Q17359		14704431
P53017	Q17359	14704431
O61708	Q17359	14704431
Q17359		14704431
	Q17359	14704431
O18051	Q17359	14704431
Q95ZK7	Q17359	14704431
Q17359	O02065	14704431
O45799	Q17359	14704431
Q9N582	Q17359	14704431
Q17359	Q966C6	14704431
Q17359	Q9N3Z0	14704431
Q8ITV7	Q17359	14704431
Q17359	Q9N4Q7	14704431
Q9N2Z7	Q17359	14704431
Q17359	Q9U1S2	14704431
O18289	Q17359	14704431
Q9N4P3	Q17359	14704431
O17806	Q20819	14704431
O45364	Q21746	14704431
Q19436	P49808	14704431
Q19503	Q18776	14704431
P91249	Q19503	14704431
Q19503	Q9XUS2	14704431
Q21648	Q19503	14704431
Q19503	Q9N5D6	14704431
Q9U2W6	Q19503	14704431
Q19555	Q19325	14704431
Q9UAT4	Q19569	14704431
Q19584	O01894	14704431
Q19617	Q9XUQ4	14704431
Q21648	Q19618	14704431
Q19624	Q22408	14704431
Q19624	Q9XUM4	14704431
O45384	P91043	14704431
O45458	O45384	14704431
Q19633	Q19286	14704431
Q21080	Q19633	14704431
P92004	O01739	14704431
O61442	P41829	14704431
Q18804	O61442	14704431
Q9BKU9	O61442	14704431
P46563	Q95QJ7	14704431
P17331	Q95QJ7	14704431
Q95QJ7	Q23017	14704431
P45970	Q95QJ7	14704431
Q95QJ7	Q23150	14704431
Q95QJ7	Q9U302	14704431
P52709		14704431
P49041		14704431
O44538	Q9GZE9	14704431
Q9GZE9	Q09533	14704431
Q9GZF1	Q20062	14704431
Q19782	Q9XTM0	14704431
Q9XTM0	Q02332	14704431
P54811	Q9TXH9	14704431
P54812	Q9TXH9	14704431
Q18938	Q9TXH9	14704431
Q9XUT0	Q9TXH9	14704431
Q9TXH9	P45972	14704431
Q9TXH9	Q95Q33	14704431
O17066	O61899	14704431
Q19766	P91027	14704431
Q19766	P34453	14704431
O16927		14704431
O76630	Q93568	14704431
O17836	O45521	14704431
P91277	Q95X44	14704431
Q9XVS2	P91277	14704431
Q93339	P91277	14704431
P91277	P50880	14704431
Q19018	P91277	14704431
Q95QZ7	P91277	14704431
O02065	P91277	14704431
P91277	Q9U299	14704431
Q94131	P91277	14704431
P91277	Q9GRY9	14704431
O61967	Q18776	14704431
O61967	Q20198	14704431
O61967	Q21127	14704431
O61967	O18051	14704431
Q22387	O61967	14704431
O61967	Q9XUK0	14704431
Q9U2W6	O61967	14704431
Q965X6	O61967	14704431
O61967	Q09648	14704431
P90849	O17304	14704431
		14704431
Q20628	Q19826	14704431
O61899	Q19826	14704431
P30632	Q19824	14704431
P42171	P91280	14704431
P91280	O16552	14704431
Q93228	P91280	14704431
O62160	P91280	14704431
P91280	O16370	14704431
P91280	Q22847	14704431
P91280	Q9XWZ9	14704431
Q9XWJ0	P91280	14704431
Q9GYS7	Q19835	14704431
Q22970	Q9U2W6	14704431
Q19881	Q22847	14704431
Q19881	Q95PZ7	14704431
O17850	P54812	14704431
	Q9XTG7	14704431
Q9XTG7	O01802	14704431
Q9XTG7	Q21312	14704431
Q22847	Q9XTG7	14704431
Q9XTG7	O02658	14704431
Q9XTG7	Q95XS8	14704431
Q9GYI4	Q18776	14704431
Q09560	Q9GYI4	14704431
Q9GYI4	Q9XWJ0	14704431
Q9XW88	Q9GYI4	14704431
P34489	O17670	14704431
O16432	O01869	14704431
Q9NAB0	Q8MQ88	14704431
O45521	Q9XVA3	14704431
Q9XVA3	Q20655	14704431
Q20298	Q09305	14704431
P34537	Q09305	14704431
	Q09535	14704431
Q17359	Q18529	14704431
Q19203	Q17359	14704431
O16936	Q17359	14704431
Q9TXH9		14704431
Q18426	Q9TXH9	14704431
O45521	Q9TXH9	14704431
O17670	Q9XZI6	14704431
Q966L2		14704431
A9D8E6	Q09536	14704431
Q17396	O17670	14704431
O62332	O17670	14704431
O17670	Q9U1W1	14704431
O16453	O02639	14704431
Q95X91	O01869	14704431
Q18938	Q18938	14704431
	Q21372	14704431
O45313	Q9XVA3	14704431
Q19294		14704431
O44720	Q19370	14704431
Q21740	Q07085	14704431
Q27498	Q17359	14704431
Q17359	P91820	14704431
Q95QZ7	Q19584	14704431
Q19739	Q18171	14704431
Q19766	Q23615	14704431
O45521	O61967	14704431
Q9U297	P91280	14704431
	O17670	14704431
O16453	O16453	14704431
Q966M4		14704431
O61775	P90786	14704431
Q19232	Q9BLC2	14704431
Q27420	Q17359	14704431
Q19770	Q8MYM0	14704431
O17670	Q11103	14704431
	O17670	14704431
O02289	O17670	14704431
Q18776	Q9N3Y1	14704431
P53013	O16453	14704431
Q966M3	P10567	14704431
O76562	O01869	14704431
Q18948	Q27318	14704431
O62213	P90786	14704431
Q9NES7	Q9XVB1	14704431
O02056	Q9XVA3	14704431
P90820	Q19441	14704431
Q18891	Q19294	14704431
O01579	Q17359	14704431
Q21299		14704431
Q19766	Q21746	14704431
P46562	Q17328	14704431
O01482	P91280	14704431
O17670	Q21126	14704431
Q17648	O01869	14704431
O45666		14704431
Q21225	Q09305	14704431
Q9N4Z2	O17801	14704431
Q18776	Q17359	14704431
Q9TXH9	Q18157	14704431
Q17359	Q21648	14704431
O62195	Q19969	14704431
Q19936	Q09383	14704431
Q9GYT4	Q19969	14704431
O44371	P91870	14704431
Q20052	P91001	14704431
Q20084	Q17385	14704431
	Q93701	14704431
Q20347	Q9N4J9	14704431
Q93637	O17100	14704431
Q22836	P39745	14704431
O45521	Q19436	14704431
O18672	O45521	14704431
O45603	O45521	14704431
P90814		14704431
O44414	Q20483	14704431
Q23158	Q9Y048	14704431
Q9Y048	Q95XR4	14704431
	Q20655	14704431
Q9XW88	O01840	14704431
O45303	P34475	14704431
Q19969	Q20476	14704431
Q20084	Q9XU77	14704431
Q22945		14704431
Q18688	Q20308	14704431
Q93716	Q18937	14704431
Q18953	Q20485	14704431
Q9XTC6	Q9TVZ6	14704431
Q21018	P48156	14704431
Q19905	Q19905	14704431
P55853	Q19905	14704431
Q19905	Q21813	14704431
Q9N4B8	Q93644	14704431
Q9XVP9		14704431
O62195	Q19749	14704431
O62203	O62195	14704431
O62195	P55853	14704431
O62195	Q965X6	14704431
Q9U2F3	O62195	14704431
O18302	O62195	14704431
Q94420	O62195	14704431
Q9GZD5	Q19932	14704431
Q19932	Q95Q82	14704431
O01482	Q8MYQ1	14704431
Q19587	Q8MYQ1	14704431
Q8MYQ1	O61881	14704431
O61980	Q8MYQ1	14704431
Q22387	Q8MYQ1	14704431
Q22573	Q8MYQ1	14704431
Q22631	Q8MYQ1	14704431
Q8MYQ1	Q9N5D6	14704431
O16299	P55853	14704431
Q19969	P91051	14704431
O16405	Q19969	14704431
Q9N5V3	Q19969	14704431
Q19969	Q9N5V2	14704431
Q9TYS3	Q19969	14704431
Q19969	Q9Y050	14704431
Q18379	Q19969	14704431
Q20628	Q19969	14704431
O44821	Q19969	14704431
Q9TZ84	Q19969	14704431
O45799	Q19969	14704431
Q9NAM2	Q19969	14704431
Q19969	Q9N582	14704431
Q9U240	Q19969	14704431
Q9U1T6	Q19969	14704431
Q19969	O18289	14704431
P34604	Q19969	14704431
P91870	Q20282	14704431
Q22276	P91870	14704431
P91870	O18286	14704431
O44782	O18686	14704431
O44782	Q22257	14704431
O76447	O44782	14704431
O62216	P41829	14704431
P39745	O62216	14704431
Q10654	O62216	14704431
Q8I7I0	Q20002	14704431
Q20002	Q09983	14704431
O77469	Q20002	14704431
Q20002	Q21344	14704431
Q20002	O16783	14704431
Q20002	Q9NES7	14704431
Q20002	Q23390	14704431
O45442	Q9N5V3	14704431
Q9UAH1		14704431
Q95QN6	Q9UAH1	14704431
Q20369	Q9UAH1	14704431
Q9TXP7	Q9UAH1	14704431
Q8WTJ8	Q9UAH1	14704431
O45449	Q8WQC9	14704431
O45451	O44706	14704431
Q09456	Q9N5U5	14704431
O17759	Q9N5U5	14704431
Q9N2Z7	Q20048	14704431
Q18776	Q20052	14704431
O16453	Q20052	14704431
Q20052	Q9N5V2	14704431
Q20052	Q18937	14704431
Q18964	Q20052	14704431
Q20647	Q20052	14704431
Q9TZ84	Q20052	14704431
O77469	Q20052	14704431
Q20052	Q9N5N2	14704431
Q20052	O76668	14704431
	Q20052	14704431
Q22326	Q20052	14704431
Q8WQC6	Q20052	14704431
O45799	Q20052	14704431
Q20052	Q9N431	14704431
Q20052	Q9U1T6	14704431
Q20062	Q20062	14704431
Q20062	O17214	14704431
Q20084	O62068	14704431
Q18241	Q20084	14704431
O61799	Q20084	14704431
Q20084	O44799	14704431
Q19018	Q20084	14704431
Q20084	Q20486	14704431
Q20084	Q21648	14704431
Q20084	Q9U1S2	14704431
P34605	Q20100	14704431
O61521	O62236	14704431
Q93533	O62236	14704431
Q9U2N6	Q09318	14704431
Q95X65	Q93695	14704431
Q93697	Q18776	14704431
O18195	Q93700	14704431
O45521	Q93701	14704431
Q20684	O45166	14704431
P10983	O45166	14704431
	O01482	14704431
P49405		14704431
O01530	Q17381	14704431
Q17381	O16936	14704431
Q17381	P48154	14704431
Q9XVM0	Q17381	14704431
Q17381	Q21361	14704431
Q27389	Q17381	14704431
P92004	Q17381	14704431
Q17381	Q22030	14704431
	Q17381	14704431
Q17381	P91820	14704431
Q23158	Q17381	14704431
Q17381	Q9U2W6	14704431
Q17381	Q8ITV7	14704431
Q9U1X3	Q17381	14704431
Q9NEN6	Q17381	14704431
Q9U1S2	Q17381	14704431
Q20148		14704431
P34328	Q20165	14704431
Q21746	Q10459	14704431
Q21648	Q20187	14704431
Q20187	O17981	14704431
O18289	Q20187	14704431
		14704431
		14704431
P49041		14704431
	Q9NEN6	14704431
P36573	O16271	14704431
O62238	Q9N5V2	14704431
Q9TZ88	O62238	14704431
P90987		14704431
Q20216	Q20940	14704431
Q20232	O16552	14704431
Q20232	Q19980	14704431
Q8MQ56	Q93510	14704431
O76413	Q8MQ56	14704431
Q9XX00	Q8MQ56	14704431
Q8MQ56	Q9N3U2	14704431
Q9N4H9	Q8MQ56	14704431
Q21746	Q9TZK3	14704431
Q9TZK3	P30632	14704431
P34710	O02267	14704431
Q9N3X2	Q20275	14704431
Q20289	P19626	14704431
Q20289	Q9NES7	14704431
Q9TYS1	Q95YA5	14704431
Q95YA5	O61843	14704431
Q22544	Q95YA5	14704431
Q20308	Q95QE9	14704431
Q20308	O45603	14704431
Q21139	Q20308	14704431
Q20308	P91820	14704431
O61899	Q20308	14704431
Q20308	Q9U329	14704431
Q9U296	Q20308	14704431
O17908	Q20344	14704431
	Q20344	14704431
Q20347	Q8WQG9	14704431
O44408	Q20347	14704431
Q20347	O61899	14704431
Q23144	Q20347	14704431
Q8MNS5	Q27484	14704431
Q8MNS5	Q95Q25	14704431
Q94207	O02592	14704431
P10986	O02592	14704431
P54412		14704431
		14704431
	O61899	14704431
Q19813	P34420	14704431
P34420		14704431
Q21215	P34420	14704431
P34420	Q9XU77	14704431
O61843	P34420	14704431
P34420	Q23158	14704431
P34420	O18250	14704431
P34420	P34604	14704431
	P39745	14704431
P39745	P91001	14704431
P39745	Q17695	14704431
O44960	P39745	14704431
Q9XUF2	P39745	14704431
Q09510	P39745	14704431
P39745	Q9N5V2	14704431
P39745	Q19203	14704431
P39745	O18687	14704431
P39745	Q20772	14704431
P39745	Q21021	14704431
P39745	Q21229	14704431
O17109	P39745	14704431
P39745	Q21648	14704431
Q21829	P39745	14704431
P39745		14704431
P91829	P39745	14704431
O61899	P39745	14704431
P39745	O02174	14704431
O17285	P39745	14704431
Q9XXJ0	P39745	14704431
Q9N3Y1	P39745	14704431
	P39745	14704431
Q93721		14704431
Q22886	Q93721	14704431
Q93721	O01482	14704431
Q19989	Q93721	14704431
Q9XU77	Q93721	14704431
Q93721	Q21746	14704431
Q93721	P91503	14704431
O02482	Q93721	14704431
O18302	Q93721	14704431
Q93716	Q18946	14704431
Q93716	P54412	14704431
Q93716	Q93716	14704431
Q93716	P91306	14704431
Q93716	O61899	14704431
Q22544	Q20375	14704431
P41830	Q9U3F4	14704431
O45603	P41830	14704431
P41830	Q21648	14704431
Q9U1X3	P41830	14704431
P43508	Q9N5D6	14704431
O16356	O62444	14704431
	Q965N1	14704431
Q965N1	Q8T7Z0	14704431
O16254		14704431
Q17489	O45521	14704431
O45521	Q03563	14704431
Q9GZD0	O45521	14704431
O45521	Q18000	14704431
Q09478	O45521	14704431
Q18266	O45521	14704431
O45521	O61766	14704431
Q93342	O45521	14704431
O45521	Q18946	14704431
O45521		14704431
Q9U3I4	O45521	14704431
O01301	O45521	14704431
P09446	O45521	14704431
Q19964	O45521	14704431
Q20198	O45521	14704431
O45521	O45521	14704431
P53588	O45521	14704431
Q9N5S5	O45521	14704431
	O45521	14704431
O45521	Q9TZ93	14704431
P91349	O45521	14704431
O45521	Q93831	14704431
O45521	Q9XUS3	14704431
Q9TZI2	O45521	14704431
O45521	Q9TZH9	14704431
Q22551	O45521	14704431
P91471	O45521	14704431
O45521	O45799	14704431
O45521	Q9U348	14704431
Q9BHL1	O45521	14704431
O45521	Q9N582	14704431
Q9XWR1	O45521	14704431
O45946	O45521	14704431
Q9N3T4	O45521	14704431
O45521	Q9U1X3	14704431
O45521	Q9N2Z7	14704431
P34611	O45521	14704431
O45521		14704431
Q20414	Q20414	14704431
O17567	Q10453	14704431
Q09989	O17723	14704431
Q19275	Q09989	14704431
O62246	Q9N4H7	14704431
O61899	P90814	14704431
Q17746	Q20485	14704431
Q10929	Q9Y048	14704431
Q19088	Q20485	14704431
Q20485	Q20369	14704431
Q20485	Q9N5N7	14704431
Q20485	Q9XU77	14704431
Q20485	Q9N582	14704431
Q20485	O76449	14704431
Q20485	P34609	14704431
P46769	Q20483	14704431
	Q20483	14704431
Q20483	Q22947	14704431
Q20483	P46975	14704431
O61899	Q10454	14704431
	Q9XTS1	14704431
Q8WQF7	Q9XTS1	14704431
Q9XTS1	Q9XW88	14704431
	Q9Y048	14704431
Q9Y048	P90731	14704431
Q9Y048	O44949	14704431
Q9Y048	Q09501	14704431
Q9Y048	Q18603	14704431
Q22936	Q9Y048	14704431
Q9Y048	P10567	14704431
Q9Y048	Q19286	14704431
	Q9Y048	14704431
	Q9Y048	14704431
Q27420	Q9Y048	14704431
Q94226	Q9Y048	14704431
Q9Y048	O44742	14704431
O62265	Q9Y048	14704431
Q21036	Q9Y048	14704431
Q9Y048	Q93831	14704431
Q9Y048	O17908	14704431
P17330	Q9Y048	14704431
Q9Y048	Q21580	14704431
Q9GYL1	Q9Y048	14704431
	Q9Y048	14704431
Q9Y048	P91503	14704431
O76463	Q9Y048	14704431
Q9NES0	Q9Y048	14704431
Q9Y048	Q9U1S2	14704431
	Q09543	14704431
Q09487	Q09397	14704431
Q8I7I0	Q20577	14704431
Q9U3J5	Q20577	14704431
Q20577	O01918	14704431
Q20577	Q21229	14704431
	Q20577	14704431
Q20577	Q23015	14704431
Q20577	Q22631	14704431
Q9U2W6	Q20577	14704431
Q9NAC0	Q20577	14704431
Q20577	Q95XW2	14704431
Q20654	Q9XVL1	14704431
P91151	Q20678	14704431
Q19861	Q20678	14704431
Q20678	O44741	14704431
Q20678	Q9XTH8	14704431
Q9XTC6	Q18577	14704431
Q9XTC6	P41829	14704431
Q9XTC6	O01802	14704431
Q23012	Q9XTC6	14704431
Q18776	Q20759	14704431
O17218	Q18688	14704431
O17218	Q18516	14704431
	Q20719	14704431
Q18529	Q9TYT3	14704431
Q9TYT3	Q21307	14704431
Q9XWQ1	Q20737	14704431
	Q21557	14704431
O17985		14704431
Q19189		14704431
Q20684		14704431
		14704431
O02065		14704431
Q9XXI9		14704431
O44732	O44656	14704431
Q19775	Q20778	14704431
	Q95002	14704431
	Q18034	14704431
		14704431
Q20382		14704431
	O45532	14704431
	Q94301	14704431
	Q9N5V2	14704431
	Q93647	14704431
Q09587		14704431
Q21701		14704431
Q9U2I3		14704431
Q9XUY5	O62236	14704431
O45577	O18672	14704431
Q09542	O45577	14704431
Q20813	O45115	14704431
O44977	Q9TW67	14704431
Q20888	O01839	14704431
Q21444	Q20888	14704431
Q20888	Q20103	14704431
Q20888	Q9NEN6	14704431
P48154	Q18516	14704431
	O44739	14704431
O44739	P09446	14704431
Q22123	O44739	14704431
O44739	Q9XWX7	14704431
Q9N2W5	O44739	14704431
Q21648	O44740	14704431
P34808	O44740	14704431
O44740	Q94363	14704431
O02053	O44740	14704431
Q20953	O45313	14704431
O45831	Q20953	14704431
P51404	P34475	14704431
P34475	P52275	14704431
Q19207	P34475	14704431
Q20655	P34475	14704431
P52872	P34475	14704431
P34475	O44736	14704431
P02567	P34475	14704431
Q20965	Q18241	14704431
P48156	O44175	14704431
Q9XVL8	P91249	14704431
O62271		14704431
	Q20027	14704431
Q9XX38		14704431
Q23319		14704431
P52874	Q03563	14704431
P34286	P52874	14704431
	P52874	14704431
P91353	Q23661	14704431
	Q18406	14704431
P53013		14704431
Q9XXK1		14704431
	Q09383	14704431
O17836	P34480	14704431
	P50880	14704431
Q93703	O62195	14704431
Q18547	P53016	14704431
Q20052	P91051	14704431
O62238	Q09201	14704431
O02592	Q22333	14704431
P39745	O02289	14704431
O17628	O45521	14704431
Q20660	Q20660	14704431
Q8ST15	O44175	14704431
O17100	Q94207	14704431
Q20414	Q9XVS2	14704431
	O62195	14704431
Q21374	P53016	14704431
Q22613	Q19969	14704431
Q20002	P17330	14704431
Q20052	Q20062	14704431
O62332	Q20084	14704431
Q17381	P50880	14704431
O45444	Q8MXV8	14704431
P34420	O02174	14704431
Q9Y048	Q17746	14704431
Q20577	Q9N343	14704431
		14704431
Q21126	O45577	14704431
	P34475	14704431
Q10580	P52874	14704431
P53016	O18246	14704431
Q20084	Q22030	14704431
Q9N4Q7	Q20347	14704431
Q9N3Y1	Q93716	14704431
Q9Y048	Q9XUK2	14704431
P34475	Q18594	14704431
O45503	Q21746	14704431
O18051	O45521	14704431
Q9GYH7	Q19932	14704431
O16299	O16299	14704431
Q19969		14704431
Q9U3F9	P91870	14704431
Q20052	O76670	14704431
Q20084	O02065	14704431
Q8MQ56	Q9N3J8	14704431
Q8MXI4	P91001	14704431
Q9XUQ4	O02592	14704431
P39745	P91249	14704431
Q93721	Q09983	14704431
Q93345	O45521	14704431
O45521	Q19554	14704431
Q9U284	P90814	14704431
Q9Y048	Q20398	14704431
Q9Y048	Q9U289	14704431
O17218		14704431
		14704431
O02174	O45577	14704431
P34475	P34369	14704431
		14704431
Q9XVJ2	P34480	14704431
O62195	Q19658	14704431
	Q20052	14704431
Q18937	Q17381	14704431
Q22923	O62238	14704431
P39745	P91820	14704431
		14704431
Q9BL08	O45521	14704431
Q20660	O61899	14704431
Q95Y89	O44175	14704431
Q20778	O61208	14704431
Q09491		14704431
O62136		14704431
Q21944		14704431
O17915	Q20206	14704431
Q21271	Q95XR5	14704431
Q965J0	O02103	14704431
O62132	Q9XUS9	14704431
O17805	Q9XU77	14704431
Q9XUQ4	O44872	14704431
O17982	Q8T3G3	14704431
Q20310	P30642	14704431
Q95ZL4	O44606	14704431
O44606	Q23595	14704431
	O17824	14704431
P17329		14704431
Q17695	Q9XU77	14704431
Q9XU12	Q9XVP7	14704431
P53489	Q21592	14704431
Q23187	P30625	14704431
P90783	O01901	14704431
O01901	O44741	14704431
O01901	O61880	14704431
Q9U3B7	O01901	14704431
O01901	Q9XVK6	14704431
O01901	O18195	14704431
Q9XWJ0	O01901	14704431
Q9GT24		14704431
Q18955	Q9GT24	14704431
P50880	Q9GT24	14704431
Q9GT24	Q9XXK1	14704431
Q9GT24	Q9U302	14704431
Q9GT24	Q27864	14704431
Q21038	O44847	14704431
Q93838	Q21648	14704431
	P50880	14704431
P35129		14704431
Q17400	O61208	14704431
	O61208	14704431
O16511	O61208	14704431
O16500	O61208	14704431
O01482	O61208	14704431
O61208		14704431
	O61208	14704431
Q9TXI4	O61208	14704431
O44820	O61208	14704431
Q20655	O61208	14704431
Q9N5P1	O61208	14704431
O01590	O61208	14704431
Q09417	O61208	14704431
P47991	O61208	14704431
O61208	Q9TZ23	14704431
O61208	Q22716	14704431
Q9N4Z2	O61208	14704431
O61208	Q9U1T6	14704431
Q9N4I4	O61208	14704431
O61208	O18282	14704431
Q9N5P1	Q09417	14704431
Q9XU10	Q9TVL8	14704431
		14704431
	P55853	14704431
Q21993		14704431
P36573		14704431
Q9XYP0	Q9U2I2	14704431
	Q21648	14704431
Q21094	Q18266	14704431
Q18783	Q21094	14704431
Q21094	Q22631	14704431
Q17436		14704431
	Q10651	14704431
Q20223		14704431
	Q20332	14704431
Q20448		14704431
	Q20727	14704431
Q27505		14704431
O16946		14704431
	Q93894	14704431
Q966G8		14704431
	O16850	14704431
Q9TXR2		14704431
	Q22168	14704431
	O76640	14704431
O61907		14704431
Q9XWM2		14704431
Q9U2H4		14704431
	Q9N4W8	14704431
Q9N3V3		14704431
Q27537		14704431
	P53017	14704431
P47209	O17916	14704431
P91042	O17916	14704431
O17916	Q9N362	14704431
Q9XTC2	O17915	14704431
Q17458	O17915	14704431
O17915		14704431
P46769	O17915	14704431
O17915	P06125	14704431
O17915	O76579	14704431
O17915	Q93346	14704431
O17915	P51403	14704431
Q18897	O17915	14704431
Q93410	O17915	14704431
Q18983	O17915	14704431
O17915	Q19293	14704431
O17915	O17244	14704431
Q9TW67	O17915	14704431
O17915	Q21021	14704431
P10983	O17915	14704431
Q22747	O17915	14704431
O17915	O61899	14704431
O17915	Q9TVH6	14704431
O17915	P27798	14704431
O17915	Q9N4I4	14704431
Q09584	Q18409	14704431
Q09584	Q9XU77	14704431
O61899	Q09584	14704431
Q21234	Q21234	14704431
Q9GYN3	Q22387	14704431
Q09406	Q19895	14704431
Q9NES7		14704431
Q9BKS0		14704431
P18835		14704431
Q18688	O17927	14704431
Q9TYS3	O17927	14704431
Q93654		14704431
P34334		14704431
	Q05036	14704431
		14704431
Q18529		14704431
		14704431
	P50880	14704431
	Q9XVQ9	14704431
Q21271	Q17664	14704431
	Q21271	14704431
Q18696	Q21271	14704431
O45335	Q21271	14704431
P41886	Q21271	14704431
Q21271	Q21748	14704431
Q22053	Q21271	14704431
Q21266	P54412	14704431
Q965J0	Q95QI3	14704431
Q21307	Q965N2	14704431
P91249	Q21307	14704431
O61899	Q21307	14704431
O17915	O01583	14704431
Q09230	Q9TYY1	14704431
Q9TYY1	Q8MQE8	14704431
Q19774	Q9TYY1	14704431
Q9TYY1	P91276	14704431
Q9TYY1	Q19969	14704431
O45686	Q9TYY1	14704431
P41932	Q9TYY1	14704431
P91820	Q9TYY1	14704431
Q9TYY1	Q9XWR1	14704431
Q9TYY1	Q9TVS4	14704431
Q18529	Q21319	14704431
O16463	Q21319	14704431
Q21319	Q20798	14704431
Q21648	Q21319	14704431
Q9U1S2	Q21319	14704431
Q21319	O76449	14704431
Q94188	Q21318	14704431
O44400	Q21318	14704431
Q21318	O01894	14704431
Q21318	Q21648	14704431
Q9XUS6	Q9XUS6	14704431
Q9XUS9		14704431
Q8MQ36	Q9XUS9	14704431
Q9XVF7	Q9XUS3	14704431
P52275	Q9XUS3	14704431
Q9NES7	Q9XUS3	14704431
Q9XUS3	O45922	14704431
Q94261	P42170	14704431
Q94261	Q20676	14704431
Q9XWK3	Q94261	14704431
Q9GRZ9	Q94261	14704431
P47209	Q21353	14704431
P90781	Q21353	14704431
Q22544	Q21355	14704431
Q21361	P92004	14704431
Q21361		14704431
Q9XW93	Q21361	14704431
Q94160	Q21370	14704431
Q20130	Q21370	14704431
O16316	Q21372	14704431
Q21372	Q93351	14704431
Q9N4A9	Q21372	14704431
Q18008	Q9XU80	14704431
Q9XU80		14704431
Q9XW88	Q9XU80	14704431
O01437	Q9XU77	14704431
Q9XU77	O17174	14704431
O45134	Q9XU77	14704431
Q9N3U2	O17234	14704431
O16364	Q95XU5	14704431
	Q95YI9	14704431
P41829	Q95YI9	14704431
Q95YI9	Q95008	14704431
Q95YI9	Q9XTQ7	14704431
Q95YI9	P91493	14704431
Q95YI9	Q9U307	14704431
Q95YI9	P34604	14704431
	Q21758	14704431
Q21758	O61843	14704431
Q21746	Q21763	14704431
Q9XWR1	Q21763	14704431
Q8MQE8	O44872	14704431
O44872	Q27498	14704431
P27604	O44872	14704431
O44872	P34574	14704431
Q23158	O44872	14704431
O44872	Q9N4B6	14704431
O17981	O18672	14704431
O17839	O17981	14704431
	O17981	14704431
O17981	Q9BI72	14704431
O17982	Q18529	14704431
O17982	Q19131	14704431
O17982	Q19969	14704431
O17982	Q9GYT4	14704431
O17982	O17982	14704431
O17982	P91820	14704431
Q9N3Y1	O17982	14704431
P34604	O17982	14704431
	Q20621	14704431
Q9N3Y1		14704431
Q17964	P30625	14704431
Q18076	P30625	14704431
P30625	O44956	14704431
P30625	P40614	14704431
Q20177	P30625	14704431
P30625	Q17334	14704431
Q21541	P30625	14704431
	P30625	14704431
P30642	Q9BKS4	14704431
Q95XK1	P30625	14704431
Q95XK2	P30625	14704431
P30625	O76725	14704431
Q9GRZ0	P30625	14704431
Q9U1U3	P30625	14704431
P30625	Q94407	14704431
P30625	P21137	14704431
Q93203	Q09387	14704431
Q9U2G9	Q09387	14704431
Q9U283	Q09387	14704431
Q21229	P30642	14704431
P30642	Q9XU77	14704431
O45734	P30642	14704431
P30642	Q17878	14704431
O18250	P30642	14704431
Q21832	P49029	14704431
O44606	O16500	14704431
Q17732	O44606	14704431
O44606	Q17865	14704431
O44606	Q09975	14704431
Q09497	O44606	14704431
O44606	Q18529	14704431
Q19275	O44606	14704431
O44606	O01532	14704431
Q19823	O44606	14704431
O44606	Q9UAV5	14704431
P91307	O44606	14704431
O44606	Q20621	14704431
O44606	O44821	14704431
O01802	O44606	14704431
O44606	Q20742	14704431
P49405	O44606	14704431
O44606		14704431
O44606	O17970	14704431
O44606	Q21633	14704431
O44606	Q21746	14704431
O44606	O44606	14704431
O44606	Q27383	14704431
P49041	O44606	14704431
O44606	Q22311	14704431
O44606		14704431
O44606	Q22387	14704431
O44606	O45865	14704431
O44606	O61899	14704431
O44606	P36573	14704431
O62415	O44606	14704431
Q9NES7	O44606	14704431
O44606	Q9U2I2	14704431
Q9XWN6	O44606	14704431
O18218	O44606	14704431
Q9N2Z7	O44606	14704431
O44606	Q9N4I4	14704431
O01456		14704431
Q9TXJ0		14704431
Q9XU77	O01804	14704431
Q9NF11	Q19019	14704431
Q9XVL8	O16364	14704431
O16364	Q9GYF1	14704431
Q23418	Q21758	14704431
P41942	O44606	14704431
Q09450	O44606	14704431
Q20712	O44606	14704431
O44400	Q21319	14704431
O76615	Q21453	14704431
O44872	Q9NES0	14704431
P30642	Q9N5N7	14704431
Q9GT24	Q22847	14704431
Q21997	O61208	14704431
	O44131	14704431
	Q21971	14704431
O17915	Q9UAQ6	14704431
Q93379		14704431
Q9TYY1	Q22190	14704431
Q9U251	Q9XUS3	14704431
Q17718	Q9XU77	14704431
Q9XU77	O62374	14704431
O45323	Q95YI9	14704431
P30625	Q18896	14704431
P30642	Q23664	14704431
O44606	Q20956	14704431
	Q9XVD1	14704431
Q9XU77	O01802	14704431
Q23672	Q9XU77	14704431
O17981	Q9XWE1	14704431
P30632	O44606	14704431
Q19014	O61208	14704431
O61771		14704431
Q23670		14704431
O17915	O18688	14704431
Q21266		14704431
Q93321	Q21307	14704431
P48156	Q9XUS3	14704431
O62220	Q9XU77	14704431
P46562	Q95YI9	14704431
Q18076	O17982	14704431
Q23451	O17982	14704431
P53013	O44606	14704431
P34643	O44606	14704431
O61899	O44608	14704431
	Q17789	14704431
Q21271	O61899	14704431
Q18937	Q9XU77	14704431
O44606	O16511	14704431
Q21271	O76665	14704431
Q17732	Q9XU77	14704431
Q17865	Q9XU77	14704431
Q18043	Q9XU77	14704431
Q9XU77	Q18241	14704431
Q9XU77	O02237	14704431
	Q9XU77	14704431
Q9XU77	Q95ZV8	14704431
P34397	Q9XU77	14704431
Q9XU77	Q19521	14704431
Q9XU77	O01530	14704431
Q19749	Q9XU77	14704431
Q9XU77	P09446	14704431
Q9XU77	Q9XV50	14704431
Q9XU77	P53013	14704431
Q20409	Q9XU77	14704431
Q9XU77	Q9N5S7	14704431
O44821	Q9XU77	14704431
Q9XU77	Q20655	14704431
Q03601	Q9XU77	14704431
P34460	Q9XU77	14704431
Q9XU77	O44517	14704431
P98080	Q9XU77	14704431
Q9XU77	O01900	14704431
Q9TXP7	Q9XU77	14704431
Q9XU77	Q9XU77	14704431
Q94272	Q9XU77	14704431
Q9XU77	Q21614	14704431
Q22035	Q9XU77	14704431
Q9XU77	Q95ZK9	14704431
Q9XU77	Q22206	14704431
Q9XU77	Q22237	14704431
P45972	Q9XU77	14704431
P45962	Q9XU77	14704431
Q9XU77	P91820	14704431
Q94300	Q9XU77	14704431
Q9XU77	Q22703	14704431
O18134	Q9XU77	14704431
P91917	Q9XU77	14704431
Q9XWS4	Q9XU77	14704431
Q9XU77	O61390	14704431
Q966C6	Q9XU77	14704431
Q9XU77	Q9XW30	14704431
Q9XU77	Q9XWN1	14704431
Q9N3V3	Q9XU77	14704431
Q9U252	Q9XU77	14704431
Q9U207	Q9XU77	14704431
O18239	Q9XU77	14704431
Q9XU77	Q9U1W1	14704431
Q9XU77	Q95XN0	14704431
Q95ZI9	Q9XU77	14704431
Q23393	Q9XU77	14704431
P34643	Q9XU77	14704431
P34655	Q9XU77	14704431
Q23604	Q9XU77	14704431
O45054	O45666	14704431
Q17755	O45666	14704431
Q9XVC8	O45666	14704431
O45666	Q9TYT0	14704431
Q9TZ84	O45666	14704431
Q9XXK5	O45666	14704431
Q09587	O45666	14704431
O45666	O45666	14704431
O45666	Q9TVX9	14704431
Q22032	O45666	14704431
Q8MXH1	O45666	14704431
Q9NAJ3	O45666	14704431
O45666	Q9N4Q7	14704431
Q9U1R0	O45666	14704431
O45987	O45666	14704431
O44577	O45666	14704431
Q9XUQ4	O45686	14704431
Q20136	Q9XU12	14704431
Q9XU12	P92004	14704431
Q9XU12	O17887	14704431
Q17878	Q9XU12	14704431
Q9XU12	O17286	14704431
Q9XU12	Q965X6	14704431
P90862	Q9XTG8	14704431
Q23012	O01902	14704431
Q93213	P34524	14704431
Q9BKU2	Q9N5G8	14704431
P52713	O17224	14704431
Q17459	P91401	14704431
P91401	O01482	14704431
P91401	Q18427	14704431
P91401	P91401	14704431
P91400	Q19833	14704431
P91400	Q9NLD1	14704431
Q09407	P91400	14704431
P43509	P91400	14704431
P91400	Q9GRZ0	14704431
P91400		14704431
Q09417	O45691	14704431
Q21453	P34383	14704431
Q21453	O45105	14704431
P30632	Q95018	14704431
O17626	Q19019	14704431
	Q19019	14704431
Q19162	Q19019	14704431
Q9TXH9	Q19019	14704431
Q19019	Q20655	14704431
Q19019	O01802	14704431
Q9U3E3	Q19019	14704431
Q19019		14704431
Q21591	Q19019	14704431
Q19019	Q9XU67	14704431
Q19019	P36573	14704431
Q17757	Q8MPT7	14704431
Q9XVT1	Q8MPT7	14704431
Q8MPT7	O17731	14704431
Q09490	Q21493	14704431
	Q21493	14704431
Q21493	Q9U3F9	14704431
Q21493	O45607	14704431
O44624	Q21493	14704431
Q21493		14704431
Q95Y97	Q18070	14704431
O61799	Q95Y97	14704431
Q19537	Q95Y97	14704431
Q95Y97	O45521	14704431
P34574	Q95Y97	14704431
Q9U1X7	Q95Y97	14704431
Q17489	Q10658	14704431
O45379	Q10658	14704431
	Q9XUC9	14704431
	Q9U3A4	14704431
Q20676	Q21554	14704431
	Q21554	14704431
Q21934	Q21554	14704431
P91042	Q21592	14704431
	Q21592	14704431
Q17746	P34496	14704431
P34496	Q09587	14704431
P34496	Q22847	14704431
P34496	O18179	14704431
O16364	Q18107	14704431
Q95YE2	O16364	14704431
Q9UAT1	O16364	14704431
P34397	O16364	14704431
O01532	O16364	14704431
O16364	O01530	14704431
O16364	P53013	14704431
Q20334	O16364	14704431
Q21431	O16364	14704431
Q21746	O16364	14704431
O16364		14704431
O16364	Q9XUN9	14704431
O44572	O16364	14704431
Q9NES7	O16364	14704431
Q9N4V3	O16364	14704431
Q8MQ29		14704431
O17954	Q9XU77	14704431
Q23186	Q9XU77	14704431
O18141	O45666	14704431
O45691	O02225	14704431
O01964	Q21493	14704431
Q95QL9	O16364	14704431
Q9UA36	Q27873	14704431
Q9UA36	Q9N2Z7	14704431
Q9XU77	Q21655	14704431
	Q20623	14704431
Q22387	Q21924	14704431
	Q18164	14704431
	Q21952	14704431
	P34704	14704431
O62415	P91419	14704431
Q9NES7	P91419	14704431
Q17746	Q22174	14704431
Q18341	Q22174	14704431
Q9Y048	Q22174	14704431
Q22179	O61973	14704431
Q22227	O76583	14704431
O45734	Q22227	14704431
Q19835	P34563	14704431
Q9GPA0	P34563	14704431
P34563	P90908	14704431
	P34556	14704431
P47209	O45766	14704431
Q19862	Q17878	14704431
O01900	Q17878	14704431
Q9TZ50	Q17878	14704431
O18250	Q17878	14704431
	Q17850	14704431
O17783	Q21930	14704431
Q18516	P47991	14704431
P41829	Q22068	14704431
P91199	Q22123	14704431
Q22174	Q9XUM0	14704431
O02056	P45970	14704431
Q17878	Q22716	14704431
O44608	Q23440	14704431
P91505	P10299	14704431
P53013	P34546	14704431
P34546	O01802	14704431
Q95Y90	P34546	14704431
P34546	Q27318	14704431
P34546	Q27874	14704431
O16948	O02056	14704431
P40614	O16948	14704431
O16948	Q19826	14704431
O16948	Q19965	14704431
O16948	P17330	14704431
Q21945		14704431
O16612		14704431
	Q17489	14704431
	O45244	14704431
Q17732		14704431
Q18183		14704431
Q18529		14704431
	Q18688	14704431
	P51403	14704431
P91179		14704431
Q18859		14704431
	Q9TYS2	14704431
Q18379		14704431
		14704431
	Q19813	14704431
Q21128		14704431
	Q21215	14704431
Q22030		14704431
O18015		14704431
Q09348		14704431
	P04970	14704431
O17038		14704431
Q23150		14704431
Q23221		14704431
	Q9TVS4	14704431
Q9N3T9		14704431
O18197		14704431
Q8MXT6		14704431
Q9U1S2		14704431
Q18355	Q21952	14704431
Q21952	P90841	14704431
Q21952	O02642	14704431
Q21952	Q17385	14704431
Q17635	Q21952	14704431
Q21952	Q95Y29	14704431
Q9BJ56	O01800	14704431
Q9BJ56	Q22847	14704431
	Q95Y94	14704431
Q95Y90	Q18821	14704431
Q18017		14704431
	Q93231	14704431
		14704431
	Q19007	14704431
P46563		14704431
	Q95QI7	14704431
		14704431
	Q9XU77	14704431
Q21748		14704431
P52899		14704431
O61899		14704431
Q9U2S4		14704431
Q95Y13		14704431
	O76449	14704431
Q8MYL7	Q09997	14704431
Q8I4K2	P47991	14704431
P47991	Q20780	14704431
Q9U1X8	P47991	14704431
Q18516	Q22003	14704431
Q9XUQ4	Q22003	14704431
P91409	Q21431	14704431
Q22631	Q22048	14704431
Q27371	Q22048	14704431
Q9NES7	Q22048	14704431
Q9N3T2	Q22048	14704431
Q9U1T6	Q22048	14704431
	Q22068	14704431
Q22068	Q18827	14704431
Q20455	Q22068	14704431
Q22068	Q9N2Z8	14704431
Q17400	P91419	14704431
O16511	P91419	14704431
O44451	P91419	14704431
Q09975	P91419	14704431
O17607	P91419	14704431
P91419	Q8I7I0	14704431
P91419	P34383	14704431
P91419	Q93576	14704431
P91419	O45522	14704431
Q21130	P91419	14704431
P91419	Q21351	14704431
O17970	P91419	14704431
P91419	O44606	14704431
P91419	P91419	14704431
O02289	P91419	14704431
O16424	P91419	14704431
Q8WQC6	P91419	14704431
P91419	O18118	14704431
Q9UAY0	P91419	14704431
P91419	Q9N3X2	14704431
P91419	Q9U2A8	14704431
P91419	Q9U1T6	14704431
P52015	P91419	14704431
P91419	Q8MXT6	14704431
P91419	Q9U1Q2	14704431
Q17460	O17887	14704431
Q95ZP7	O17887	14704431
Q9UAT1		14704431
P34397		14704431
Q18379		14704431
Q9XV52		14704431
	Q19901	14704431
O45444		14704431
	P52717	14704431
Q20869		14704431
P34604		14704431
O02056	P34808	14704431
Q17760	P34808	14704431
P34808	Q9XTS1	14704431
P34808	P34808	14704431
P34808		14704431
Q9BL19	P34808	14704431
P34808	Q94420	14704431
Q27481	O45734	14704431
P34529	O45734	14704431
Q9XVJ3	O44451	14704431
Q93533	Q22123	14704431
Q22123	Q9UAV4	14704431
Q22140		14704431
Q22174	P48158	14704431
Q03563	Q22174	14704431
Q22174	P42171	14704431
O01482	Q22174	14704431
Q8MQE8	Q22174	14704431
Q17732	Q22174	14704431
Q22174	Q17940	14704431
Q22174	O01489	14704431
Q18043	Q22174	14704431
Q22174	O01961	14704431
Q22174	Q18239	14704431
Q22174	Q95ZX3	14704431
Q22174	Q18535	14704431
P91146	Q22174	14704431
Q22174	Q18691	14704431
Q22174	Q18776	14704431
Q18909	Q22174	14704431
Q18953	Q22174	14704431
Q18986	Q22174	14704431
P10567	Q22174	14704431
Q95ZV8	Q22174	14704431
Q22174	P34397	14704431
Q22174	P50880	14704431
Q22174	Q9GUC8	14704431
Q22174	P53013	14704431
O16299	Q22174	14704431
Q17336	Q22174	14704431
P34420	Q22174	14704431
O45521	Q22174	14704431
Q22174	Q20435	14704431
Q22174	Q20476	14704431
Q9N5S8	Q22174	14704431
O44821	Q22174	14704431
Q20709	Q22174	14704431
O01796	Q22174	14704431
Q20759	Q22174	14704431
Q22174	Q9TZ84	14704431
Q20936	Q22174	14704431
Q22174	Q95R05	14704431
Q20950	Q22174	14704431
Q93831	Q22174	14704431
P55956	Q22174	14704431
Q9TZ50	Q22174	14704431
Q21361	Q22174	14704431
Q22174		14704431
P92004	Q22174	14704431
Q21898	Q22174	14704431
Q22174	O18015	14704431
Q22174	Q22174	14704431
Q22174	Q22227	14704431
Q22311	Q22174	14704431
Q22174	P45972	14704431
Q22174	Q22387	14704431
Q22174		14704431
P91820	Q22174	14704431
O17005	Q22174	14704431
Q22174	Q9XUB8	14704431
Q22174	Q9NAJ7	14704431
Q9NES7	Q22174	14704431
Q9N3Z0	Q22174	14704431
Q22174	Q9N4Z2	14704431
Q22174	Q9U2G8	14704431
Q8IAA7	Q22174	14704431
Q22174	Q9U2E9	14704431
Q22174	Q95XW2	14704431
O18267	Q22174	14704431
Q22174	Q9GYG1	14704431
Q22174	Q9XYC3	14704431
O62505	Q22174	14704431
Q23389	Q22174	14704431
Q22174	P34604	14704431
P34611	Q22174	14704431
Q22174	P34619	14704431
Q22174	Q95X87	14704431
Q23664	Q22174	14704431
Q17802	Q22179	14704431
Q22179	Q18146	14704431
Q22179	O44144	14704431
Q18620	Q22179	14704431
Q09511	Q22179	14704431
	Q22179	14704431
P54412	Q22179	14704431
Q10454	Q22179	14704431
Q22179	P90882	14704431
O18054	Q22179	14704431
Q22179	Q22352	14704431
P46548	Q22179	14704431
Q22179	Q9NES7	14704431
O44857	Q20792	14704431
Q10930	Q22227	14704431
O01482	Q22227	14704431
Q17746	Q22227	14704431
O16393	Q22227	14704431
Q18076	Q22227	14704431
P48152	Q22227	14704431
Q22227	Q27471	14704431
Q22227	Q18320	14704431
Q22227	Q18433	14704431
P19626	Q22227	14704431
Q22227	Q09511	14704431
Q9XVB1	Q22227	14704431
Q95ZV8	Q22227	14704431
Q22227	Q19257	14704431
Q22227	Q22693	14704431
Q22227	Q9GUC8	14704431
Q19872	Q22227	14704431
O16370	Q22227	14704431
Q22227	O01700	14704431
Q22227	Q09560	14704431
Q22227	P41886	14704431
Q22227	Q17599	14704431
O17352	Q22227	14704431
Q22227	Q20712	14704431
O01580	Q22227	14704431
O01802	Q22227	14704431
Q9TZ84	Q22227	14704431
Q22227	Q9XVW8	14704431
Q20845	Q22227	14704431
Q10128	Q22227	14704431
Q20956	Q22227	14704431
Q22227	Q9N5N7	14704431
Q22227	Q94392	14704431
Q22227	O61218	14704431
	Q22227	14704431
Q9GYN4	Q22227	14704431
Q95ZL6	Q22227	14704431
Q09417	Q22227	14704431
Q9U393	Q22227	14704431
Q22227	Q22227	14704431
P45972	Q22227	14704431
Q22227	P45962	14704431
O61858	Q22227	14704431
Q22227	Q9XUM0	14704431
Q23179	Q22227	14704431
Q22227	O02365	14704431
O62422	Q22227	14704431
Q22227	Q9N2L3	14704431
Q9XWZ5	Q22227	14704431
Q22227	Q8IAA7	14704431
O62479	Q22227	14704431
Q9U2E9	Q22227	14704431
Q9XWJ0	Q22227	14704431
O18250	Q22227	14704431
Q22227	Q9U203	14704431
Q95Q08	Q22227	14704431
Q9N4B6	Q22227	14704431
Q22227	P34604	14704431
Q22227	P34611	14704431
Q22227	P34643	14704431
Q22227	O18302	14704431
Q09384	Q22227	14704431
P54216	P54216	14704431
Q22235	Q21746	14704431
Q9XXJ0	P34563	14704431
Q18171	O16519	14704431
	O16519	14704431
O16519	Q19749	14704431
O45521	O16519	14704431
O16519	Q9XUQ4	14704431
O16519	O02174	14704431
O16519	Q9GRY9	14704431
O16519	Q95Q01	14704431
Q93572	O45764	14704431
O45764	Q9NES7	14704431
Q10046	Q9GUB8	14704431
O02300	Q9XVG7	14704431
O44450	Q22306	14704431
Q93325	Q22306	14704431
Q20922	Q22306	14704431
Q21116	Q22306	14704431
Q21436	Q22306	14704431
Q22306	Q22544	14704431
P34264	P45970	14704431
P45970	Q18165	14704431
P45970	O02085	14704431
	P45970	14704431
P45970	Q10579	14704431
Q9U3B7	P45962	14704431
P45962	Q09597	14704431
P45962	Q965Z4	14704431
Q20655	Q27518	14704431
Q10051		14704431
P34604	Q10051	14704431
Q09436	Q17878	14704431
Q17878	Q10929	14704431
Q17878	Q17625	14704431
Q17718	Q17878	14704431
Q17732	Q17878	14704431
Q17878	Q17865	14704431
Q17878	P34333	14704431
Q17878	P91051	14704431
Q17878	P91056	14704431
Q18138	Q17878	14704431
Q18165	Q17878	14704431
Q18241	Q17878	14704431
O45268	Q17878	14704431
Q17878	Q95ZX3	14704431
Q18529	Q17878	14704431
Q17878	Q18688	14704431
Q18937	Q17878	14704431
	Q17878	14704431
Q17878		14704431
Q17878	Q8I4L6	14704431
P91250	Q17878	14704431
Q9GUC8	Q17878	14704431
Q17878	P91284	14704431
Q95QI3	Q17878	14704431
Q17878	Q93637	14704431
Q17878	P53013	14704431
Q17878	Q966J6	14704431
Q17878	P91306	14704431
Q20621	Q17878	14704431
Q17878	Q20712	14704431
Q17878	Q20711	14704431
Q17878		14704431
Q95QE9	Q17878	14704431
	Q17878	14704431
Q17878	Q95ZL4	14704431
Q9XVX1	Q17878	14704431
Q22227	Q17878	14704431
Q22311	Q17878	14704431
Q95ZK7	Q17878	14704431
Q17878	Q22459	14704431
Q17878	Q95QA6	14704431
Q17878	Q20016	14704431
Q17878	Q9BIC1	14704431
Q17878	Q23158	14704431
O02174	Q17878	14704431
Q17878	Q965W3	14704431
Q9N3Z0	Q17878	14704431
Q17878	Q9XWN6	14704431
Q17878		14704431
O18218	Q17878	14704431
Q17878	Q9XWT3	14704431
Q9N4I4	Q17878	14704431
Q17878	Q8MXR2	14704431
Q17878	Q94378	14704431
Q17878	Q23312	14704431
P18835	Q17878	14704431
Q17878	Q9N4P3	14704431
Q17878	Q23458	14704431
Q17878	P34643	14704431
Q17878	Q10667	14704431
Q21580	Q9UAX1	14704431
Q18192	O45784	14704431
O18672	O45784	14704431
O45784	Q18516	14704431
O45784	P91829	14704431
Q966E8	O45784	14704431
Q9N582	O45784	14704431
O45784	Q9U2D9	14704431
Q9U226	O45784	14704431
Q22499	Q19120	14704431
Q22499	O44740	14704431
Q9XUS3	Q22499	14704431
Q21648	Q22510	14704431
Q22510	Q9N4E2	14704431
Q22510	Q9XW88	14704431
O44450	Q9XUP3	14704431
Q95QW0	Q9XUP3	14704431
Q95QA6	Q09436	14704431
O02059	Q95QA6	14704431
Q95QA6	Q10929	14704431
O62272		14704431
Q18885	Q22068	14704431
Q20632	Q22068	14704431
Q20742	Q22068	14704431
P91419	Q93637	14704431
Q22174	O01917	14704431
Q9N4Z3	Q22179	14704431
P34563	Q18786	14704431
Q17878	O45334	14704431
Q17878	Q19404	14704431
Q20010	Q17878	14704431
Q20398	Q17878	14704431
O44821	Q17878	14704431
O16286	Q17878	14704431
		14704431
Q19980	Q22306	14704431
O16948	Q21746	14704431
Q22003	Q9N3M9	14704431
Q17483	P91419	14704431
P34808	O45946	14704431
Q22174	O16936	14704431
Q21088	Q22174	14704431
O16997	Q22174	14704431
Q22174		14704431
Q20742	Q22179	14704431
Q18239	Q22227	14704431
Q22227		14704431
Q9N362	O45766	14704431
Q95ZV9	Q17878	14704431
Q20956	Q17878	14704431
Q17878	Q9BIB7	14704431
Q23312	Q9UAX1	14704431
Q22020	O61899	14704431
Q18318	Q22174	14704431
Q22179	Q21344	14704431
Q9XXL3	P34563	14704431
Q17878	P91353	14704431
Q09347		14704431
Q22756	Q22306	14704431
Q22306	Q9N3P9	14704431
Q22306	Q23332	14704431
Q22329	Q11093	14704431
Q22327	Q20933	14704431
Q9TZI1	Q17877	14704431
Q20717	Q27519	14704431
Q17878		14704431
Q17878	P45972	14704431
Q17878		14704431
Q17878	Q17878	14704431
O01482	Q21930	14704431
Q9N3W2		14704431
Q09997		14704431
P91408	Q21746	14704431
Q23050	P91419	14704431
O61521	Q22123	14704431
Q22174	Q20795	14704431
Q22174	Q20682	14704431
Q9U2G7	Q22174	14704431
Q22174	P91563	14704431
Q22179	Q22183	14704431
Q95ZX3	Q22227	14704431
Q22227	Q965L8	14704431
Q9N3Z0	Q22227	14704431
O16519	O01482	14704431
P17330	O45764	14704431
Q22306	O01482	14704431
Q9XVF7	Q17878	14704431
Q21075	Q17878	14704431
P91820	Q17878	14704431
O17908		14704431
Q20198	Q95Y90	14704431
Q20228	P91419	14704431
Q22174	Q19764	14704431
Q22179	Q95XJ0	14704431
Q9XVN9	Q17878	14704431
O45679	P34563	14704431
Q20398	Q22174	14704431
Q09651	Q17878	14704431
O16370	Q95QA6	14704431
Q8MQ18	Q95QA6	14704431
Q95QA6	O01812	14704431
Q22630	Q9XUK0	14704431
Q22640	Q22640	14704431
O18118	P05690	14704431
Q22799	P48150	14704431
Q20709	Q9NAN2	14704431
O45952	Q22837	14704431
Q19519	O44750	14704431
Q09218	Q23158	14704431
Q9N499	Q23158	14704431
Q9U9Y8	Q20709	14704431
Q9U9Y8	O18098	14704431
Q9TZ39	Q18076	14704431
Q9TZ39	Q9Y049	14704431
Q20502	Q9TZ39	14704431
Q95R07	Q9TZ39	14704431
Q9GYN4	Q9TZ39	14704431
Q09560	Q95QA6	14704431
Q95QA3	Q95X41	14704431
Q22799	O17641	14704431
Q17994	O16695	14704431
Q9XXA2	P41847	14704431
P54406	Q23158	14704431
O01482	Q9TZ39	14704431
Q20803	Q9TZ39	14704431
P90735	Q95QA6	14704431
Q17573	Q95QA6	14704431
Q95QA6	O16510	14704431
Q17695	Q95QA6	14704431
O16393	Q95QA6	14704431
Q18239	Q95QA6	14704431
Q18437	Q95QA6	14704431
Q09501	Q95QA6	14704431
Q18776	Q95QA6	14704431
Q95QA6	Q19286	14704431
O45351	Q95QA6	14704431
Q95QA6	O44165	14704431
Q95QA6	Q27285	14704431
Q18379	Q95QA6	14704431
Q95QA6		14704431
Q17599	Q95QA6	14704431
Q20198	Q95QA6	14704431
Q95QA6	O44490	14704431
Q20398	Q95QA6	14704431
Q95QA6	Q20641	14704431
Q95QA6	Q20695	14704431
Q93763	Q95QA6	14704431
O01579	Q95QA6	14704431
Q95QA6	Q9XVW8	14704431
Q95QA6	Q9U3E3	14704431
Q94247	Q95QA6	14704431
O01900	Q95QA6	14704431
Q95QA6	Q21049	14704431
Q95QA6	Q9N5N7	14704431
Q95QA6	Q9UAQ2	14704431
Q21127	Q95QA6	14704431
Q95QA6	Q9XUV0	14704431
Q95QA6	Q9TYY2	14704431
Q95QA6	Q21344	14704431
Q9XU77	Q95QA6	14704431
Q95QA6	Q95ZL4	14704431
Q95QA6	Q21648	14704431
Q9TYX3	Q95QA6	14704431
O16949	Q95QA6	14704431
O17267	Q95QA6	14704431
	Q95QA6	14704431
	Q95QA6	14704431
Q95QA6	Q22227	14704431
O18036	Q95QA6	14704431
Q95ZK7	Q95QA6	14704431
P45970	Q95QA6	14704431
O01602	Q95QA6	14704431
Q95QA6	O61858	14704431
Q95QA6	P91503	14704431
Q22847	Q95QA6	14704431
Q95QA6	Q9BIB7	14704431
Q95QA6	Q23158	14704431
O02174	Q95QA6	14704431
Q95QA6	Q9N5A6	14704431
O02365	Q95QA6	14704431
Q95QA6	Q9N582	14704431
Q965Q1	Q95QA6	14704431
Q95QA6	Q9NET8	14704431
Q95QA6	Q9N3Z0	14704431
Q95QA6	Q9N4Z2	14704431
Q95QA6	Q8ITV7	14704431
O62482	Q95QA6	14704431
Q9U252	Q95QA6	14704431
Q95QA6	Q9XWJ0	14704431
	Q95QA6	14704431
P34669	Q95QA6	14704431
Q95QA6	O18302	14704431
Q95QA6	Q23664	14704431
Q21215	Q95QA3	14704431
Q9XXN3	O45734	14704431
	P41848	14704431
P41848	O45603	14704431
Q9N430	Q22616	14704431
Q22620	Q19901	14704431
Q22618	Q23129	14704431
O01482	Q22619	14704431
Q95R07	Q22619	14704431
O45603	Q22619	14704431
P91821	O17801	14704431
P91821	P91453	14704431
P91821	Q9NA84	14704431
O45189	Q19018	14704431
Q21648	O45189	14704431
Q17385	O45189	14704431
O45189	O02065	14704431
O45189	Q9XUM8	14704431
Q09417	Q22664	14704431
Q22676	Q9XTT2	14704431
Q22676	Q9U1X3	14704431
Q94126	Q22676	14704431
Q19980	Q9GZG8	14704431
Q22544	Q9GZG8	14704431
P50093	Q9GZG8	14704431
Q21018	O45799	14704431
O45799	Q22631	14704431
Q21746	P91487	14704431
P90994	O02043	14704431
Q18070	O02043	14704431
O02043		14704431
O02043	Q22243	14704431
O02043	Q9N4A9	14704431
O18118	Q17400	14704431
O16511	O18118	14704431
O18118	Q09975	14704431
Q21746	O18118	14704431
Q9UAY0	O18118	14704431
O18118	Q9NES7	14704431
Q17698	Q17339	14704431
Q17339	Q18089	14704431
Q9N5V2	Q17339	14704431
P54412	Q17339	14704431
O45441	Q17339	14704431
Q17339		14704431
P98080	Q17339	14704431
Q17339	Q9XUV5	14704431
Q17339		14704431
Q17339	Q22264	14704431
Q22347	Q17339	14704431
Q9XTE8	Q17339	14704431
P91829	O62165	14704431
Q17902	Q22799	14704431
Q22799	O61920	14704431
Q18192	Q22799	14704431
O16474	Q22799	14704431
O45335	Q22799	14704431
Q22799		14704431
P91249	Q22799	14704431
Q9XVX4	Q22799	14704431
Q93572	Q22799	14704431
Q22799	Q19816	14704431
O45436	Q22799	14704431
Q19988	Q22799	14704431
Q22799	P48154	14704431
Q22799	O45243	14704431
Q22799	P55853	14704431
Q95QM1	Q22799	14704431
Q9XVJ6	Q22799	14704431
Q22799	Q22276	14704431
Q22799	P34574	14704431
Q22799	Q22696	14704431
Q22799	Q9N432	14704431
Q22799	Q9U2M6	14704431
O18302	Q9NAN2	14704431
Q94272	Q22820	14704431
P91542	Q22820	14704431
Q22837	P41999	14704431
Q22837	P91001	14704431
Q22837	O76583	14704431
Q9TXI4	Q22837	14704431
Q22837	Q19877	14704431
Q9U5C1	Q22837	14704431
O45521	Q22837	14704431
Q20798	Q22837	14704431
Q9TXU7	Q22837	14704431
Q22837	Q21954	14704431
Q8MXH1	Q22837	14704431
Q965X6	Q22837	14704431
Q22837	P34604	14704431
	Q22837	14704431
Q22837	Q23664	14704431
O17169	P91505	14704431
O16511	P91505	14704431
O16500	P91505	14704431
O16501	P91505	14704431
O16502	P91505	14704431
Q17849	P91505	14704431
P91505		14704431
P91505	Q19220	14704431
	P91505	14704431
Q20062	P91505	14704431
O44400	P91505	14704431
P48156	P91505	14704431
P91505	O44820	14704431
P91505	Q21465	14704431
P91505	Q23628	14704431
O16695	P45962	14704431
O16695	Q9U1X6	14704431
Q21526	O02637	14704431
O01916	Q9XXA2	14704431
Q9XXA2	Q20772	14704431
Q20956	Q9XXA2	14704431
Q9XXK1	Q9XXA2	14704431
Q9XXA2	O61899	14704431
Q9NGT3	Q9XXA2	14704431
	Q17635	14704431
Q95Y90	Q17635	14704431
Q17635	Q22618	14704431
Q9GRY9	Q17635	14704431
O62389	O45436	14704431
	Q9XUB3	14704431
Q21513	Q9XUB3	14704431
Q9XUB3	Q965Q1	14704431
P34659	Q9XUB3	14704431
	Q23130	14704431
Q23130	Q19553	14704431
	Q9XVG8	14704431
O45003	Q18043	14704431
Q18241	O45003	14704431
Q18937	O45003	14704431
O45003	O17894	14704431
O45003	Q21021	14704431
O45003	Q21127	14704431
P91820	O45003	14704431
Q9U1S2	O45003	14704431
Q93315	O44750	14704431
O44750	Q22398	14704431
Q22826	O44750	14704431
O44750	Q9N483	14704431
Q23158	Q9XVF6	14704431
Q23158	Q17718	14704431
Q17746	Q23158	14704431
Q23158	Q9GYR3	14704431
Q23158	Q18241	14704431
P34340	Q23158	14704431
Q9TZA6	Q23158	14704431
Q95NF0	Q23158	14704431
O45313	Q23158	14704431
Q23158	P90823	14704431
Q23158	Q19465	14704431
Q23158	Q95QJ7	14704431
Q22966	Q23158	14704431
Q23158	Q95017	14704431
Q23158	O16299	14704431
Q93696	Q23158	14704431
Q23158	O44509	14704431
Q23158	O01802	14704431
Q23158	P49405	14704431
Q23158	Q9XVW8	14704431
Q23158	Q20770	14704431
Q23158	Q94241	14704431
Q20979	Q23158	14704431
Q21015	Q23158	14704431
Q9UAQ2	Q23158	14704431
Q95QD3	Q23158	14704431
Q23158	P55853	14704431
Q95ZL4	Q23158	14704431
Q23158	Q21529	14704431
Q23158	O61708	14704431
	Q23158	14704431
O76640	Q23158	14704431
Q23049	Q23158	14704431
O17272	Q23158	14704431
Q23158	Q9U304	14704431
Q9XWI6	Q23158	14704431
Q23158	Q21449	14704431
Q23023	Q23158	14704431
Q8MXR2	Q23158	14704431
Q23158	Q9N4B6	14704431
O17084	Q23158	14704431
P91563	Q23158	14704431
Q9GYG1	Q23158	14704431
Q23546	Q23158	14704431
Q23158	Q23680	14704431
Q9N5B7	Q23187	14704431
		14704431
Q9XW40	Q17674	14704431
P52715	Q9XW40	14704431
Q9XW40	O01576	14704431
P91820	Q9XW40	14704431
Q9XW40	Q95XK1	14704431
Q23389	Q9XW40	14704431
Q9U9Y8	Q17492	14704431
Q9U9Y8	Q17732	14704431
Q9U9Y8	P91027	14704431
Q9U9Y8	Q18171	14704431
Q9U9Y8	Q9Y050	14704431
Q19749	Q9U9Y8	14704431
Q9U9Y8	O01543	14704431
O17859	Q9U9Y8	14704431
Q9U9Y8	P41884	14704431
O17921	Q9U9Y8	14704431
Q21636	Q9U9Y8	14704431
O02289	Q9U9Y8	14704431
Q9U9Y8	P10983	14704431
Q9U9Y8	Q17793	14704431
Q22491	Q9U9Y8	14704431
Q9U9Y8	Q95QA6	14704431
Q9XWR1	Q9U9Y8	14704431
Q8MPS4	Q9U9Y8	14704431
Q9U9Y8	Q8ITV7	14704431
Q9U9Y8	Q9BL68	14704431
Q9U9Y8	O76621	14704431
Q9U1S2	Q9U9Y8	14704431
Q9U9Y8	Q95PY0	14704431
Q9U9Y8	O76449	14704431
Q9U9Y8	Q09631	14704431
Q17850	Q9TZ39	14704431
O16393	Q9TZ39	14704431
Q9TZ39	Q9GYR5	14704431
Q9TZ39	Q18192	14704431
Q9U3P1	Q9TZ39	14704431
Q9TZ39	O01961	14704431
Q9TZ39	Q18266	14704431
O17615	Q9TZ39	14704431
Q9TZ39	Q18409	14704431
Q9TZ39	O61775	14704431
Q18529	Q9TZ39	14704431
Q9TZ39	Q93366	14704431
P41829	Q9TZ39	14704431
Q9TZ39	Q22936	14704431
Q9TZ39	Q18776	14704431
Q966M3	Q9TZ39	14704431
Q18909	Q9TZ39	14704431
Q19088	Q9TZ39	14704431
Q9TZ39	Q19101	14704431
Q9TZ39	P10567	14704431
Q95ZV8	Q9TZ39	14704431
Q95ZV9	Q9TZ39	14704431
Q9TZ39	Q9XVA2	14704431
Q19290	Q9TZ39	14704431
Q9TZ39	O02244	14704431
Q9TZ39	Q19404	14704431
Q19402	Q9TZ39	14704431
Q9TZ39	Q9GUC8	14704431
Q9Y050	Q9TZ39	14704431
Q9TZ39	Q18379	14704431
Q9TZ39	Q9XV81	14704431
Q9TZ39	Q19762	14704431
P91270	Q9TZ39	14704431
Q19872	Q9TZ39	14704431
Q9TZ39	Q19902	14704431
Q9TZ39	O16370	14704431
Q9TZ39	Q19969	14704431
Q19989	Q9TZ39	14704431
Q09560	Q9TZ39	14704431
Q9TZ39	Q17599	14704431
Q20173	Q9TZ39	14704431
Q9TZ39	Q27498	14704431
Q20198	Q9TZ39	14704431
Q9TZ39	Q9U3G3	14704431
Q20207	Q9TZ39	14704431
Q20227	Q9TZ39	14704431
Q9TZ39	O44490	14704431
P34427	Q9TZ39	14704431
Q9N5S5	Q9TZ39	14704431
Q9TZ39	Q20676	14704431
Q20681	Q9TZ39	14704431
Q9TZ39	Q965M4	14704431
Q20712	Q9TZ39	14704431
Q9TZ39	Q93763	14704431
Q9TZ39	O01579	14704431
Q94239	Q9TZ39	14704431
Q20813	Q9TZ39	14704431
Q9TZ39		14704431
Q9TZ39	Q21018	14704431
Q9TZ39	Q9N5N7	14704431
O45660	Q9TZ39	14704431
Q9TZ39	Q21243	14704431
O44552	Q9TZ39	14704431
P91401	Q9TZ39	14704431
Q95QA6	Q17732	14704431
Q95QA6	Q18266	14704431
Q93321	Q95QA6	14704431
Q9U2D9	Q95QA6	14704431
Q17339	P18835	14704431
P91505	Q09417	14704431
O17908	Q23158	14704431
Q9U9Y8	Q9N582	14704431
Q9TZ39	Q09436	14704431
Q9TZ39	Q17417	14704431
Q9TZ39	O02059	14704431
Q9TZ39	O02056	14704431
O01839	Q9TZ39	14704431
O17174	Q9TZ39	14704431
Q11103	Q9TZ39	14704431
Q9TZ39	Q95002	14704431
P42171	Q9TZ39	14704431
Q9TZ39	O44450	14704431
Q9TZ39	O45241	14704431
Q18350	Q9TZ39	14704431
Q9XVT0	Q9TZ39	14704431
Q18043	Q9TZ39	14704431
O16552	Q9TZ39	14704431
Q9TZ39	O62061	14704431
Q9TZ39	Q93228	14704431
Q93233	Q9TZ39	14704431
Q8MQ18	Q9TZ39	14704431
O45189	Q22030	14704431 25132178
O16695	Q9XTT9	14704431
O44750	Q9N5V2	14704431
Q95QA6	Q11103	14704431
Q95QA6	Q95QI3	14704431
Q95QA6	Q93831	14704431
P91820	Q95QA6	14704431
Q95QA6	Q9BL41	14704431
Q9GZG8	Q23332	14704431
Q17339	Q9TXY4	14704431
Q18529	Q22799	14704431
Q22837	Q95Y82	14704431
P91505	O76725	14704431
Q9XXA2	Q965X6	14704431
Q23158	Q19455	14704431
O16257	Q23158	14704431
Q9XW40	P41879	14704431
Q18239	Q9TZ39	14704431
O45521	Q9TZ39	14704431
Q9TZ39	Q20981	14704431
Q93635	Q95QA6	14704431
P91001	Q22640	14704431
P92004	P91829	14704431
Q8I4M1	O44750	14704431
P91503	Q9U9Y8	14704431
Q9TZ39	Q93520	14704431
Q9TXY4	Q9TZ39	14704431
Q965U2	Q22799	14704431
O16695		14704431
Q95QA6	O17763	14704431
Q95QA6	Q19101	14704431
Q95QA6	P10567	14704431
Q95QA6	Q19872	14704431
Q21036	Q95QA6	14704431
Q95QA6	Q9BKZ9	14704431
Q95QA6	O18250	14704431
Q95QA6	Q8MXR2	14704431
Q95QA6	Q9N4B6	14704431
Q9U1S2	Q95QA6	14704431
Q9BKS4	Q95QA6	14704431
Q95QA6	Q23081	14704431
Q8I7I0	O18118	14704431
P91829	P91829	14704431
Q22752	O45087	14704431
Q21648		14704431
Q20083	Q22781	14704431
Q17660	Q22781	14704431
Q22781	Q9U2K7	14704431
Q20805	Q22799	14704431
Q22799	Q9XWV8	14704431
P46502	P91505	14704431
Q9XU07	Q93203	14704431
P91835	Q93572	14704431
P91835	Q95QD9	14704431
P91835	Q9XUP8	14704431
P91835	Q23174	14704431
O16695	P17329	14704431
O16695	O62332	14704431
O01925	Q9XXA2	14704431
O01900	Q9TZ39	14704431
Q9TZ39	O45599	14704431
Q9TZ39	O45607	14704431
Q9TZ39	P91904	14704431
Q9TXN3	Q9TZ39	14704431
Q9XU77	Q9TZ39	14704431
Q9TXR6	Q9TZ39	14704431
Q95QA6	Q19162	14704431
O01700	Q95QA6	14704431
Q19989	Q95QA6	14704431
	Q95QA6	14704431
Q95QA6	Q23419	14704431
Q9BI89	O16785	14704431
O02323	O61899	14704431
	Q22799	14704431
Q9N5N7	Q9NAN2	14704431
Q22837	O01918	14704431
	Q9XXA2	14704431
O16208	O44750	14704431
Q23158	Q23158	14704431
O44490	Q9U9Y8	14704431
Q9U9Y8	O02174	14704431
Q03563	Q9TZ39	14704431
Q9TZ39	Q9XVS2	14704431
Q9GYP6	Q9TZ39	14704431
Q9TZ39	Q9GPA2	14704431
Q9TZ39		14704431
Q9TZ39	Q21361	14704431
Q95QA6	Q17784	14704431
Q95QA6	Q9XXR1	14704431
Q18241	P91829	14704431
O18209	P91505	14704431
Q21832	O44750	14704431
Q9UB29	Q23158	14704431
Q9TZ39	Q17695	14704431
Q20956	Q9TZ39	14704431
Q21847	Q9TZ39	14704431
Q9TZI2	Q9TZ39	14704431
Q9XWJ0	Q9TZ39	14704431
P40614	O02108	14704431
P36573	Q9N4G8	14704431
O18191	Q94420	14704431
Q9N597	Q22479	14704431
Q9U2R1	Q10661	14704431
		14704431
O61932	Q9N537	14704431
Q9U2J8	P91129	14704431
Q9XW77	Q9XW01	14704431
O01498	Q9XWH3	14704431
Q9XWH3	Q10654	14704431
O02353	Q9N5V2	14704431
Q21370	O02353	14704431
Q9TZ39	Q8IAA7	14704431
P36573	Q21746	14704431
Q8I7I0	Q9XXI0	14704431
Q19403	O45922	14704431
Q9U2I2	O02115	14704431
P91001	Q9NAD6	14704431
O02353	Q9NAF9	14704431
Q9TZ39	P90934	14704431
Q9TZ39	P92004	14704431
Q9TZ39	Q21559	14704431
Q21701	Q9TZ39	14704431
Q9XVK6	Q9TZ39	14704431
Q21799	Q9TZ39	14704431
	Q9TZ39	14704431
Q9TZ39	Q9TVX8	14704431
Q9TZ39	Q22027	14704431
	Q9TZ39	14704431
Q22167	Q9TZ39	14704431
Q9TZ39	Q22227	14704431
O16525	Q9TZ39	14704431
O18051	Q9TZ39	14704431
Q9GYS7	Q9TZ39	14704431
Q09350	Q9TZ39	14704431
Q17793	Q9TZ39	14704431
O62374	Q9TZ39	14704431
Q9TZ39	Q17878	14704431
Q9TZ39	Q22489	14704431
Q22522	Q9TZ39	14704431
Q9TZ39	P91453	14704431
	Q9TZ39	14704431
O02165	Q9TZ39	14704431
Q9TZ39	O02327	14704431
P91503	Q9TZ39	14704431
Q9XTB3	Q9TZ39	14704431
Q9TZ39	Q9BIC1	14704431
Q9TZ39	Q9XUM0	14704431
Q9TZ39	Q9XUL9	14704431
O18172	Q9TZ39	14704431
Q9TZ39	O02174	14704431
Q9TZ39	Q27408	14704431
O18179	Q9TZ39	14704431
O45901	Q9TZ39	14704431
Q9TZ39	O17286	14704431
Q22866	Q9TZ39	14704431
Q9N582	Q9TZ39	14704431
Q9TZ39	O62404	14704431
Q9XTH8	Q9TZ39	14704431
Q9TZ39	Q9TVS4	14704431
Q8MYM0	Q9TZ39	14704431
Q9N4Z2	Q9TZ39	14704431
Q9N3Y1	Q9TZ39	14704431
Q9TZ39	Q8ITV7	14704431
Q9TZ39	Q9U2D9	14704431
Q9TZ39	Q9BL70	14704431
O18250	Q9TZ39	14704431
Q9N4Q7	Q9TZ39	14704431
Q9U1X5	Q9TZ39	14704431
Q9TZ39	Q9N2Z7	14704431
Q9N4B6	Q9TZ39	14704431
Q9TZ39	Q23081	14704431
Q9TZ39	P34609	14704431
	Q9TZ39	14704431
Q9TZ39	Q23664	14704431
O01576	P43509	14704431
Q94261	P43509	14704431
Q19335	Q10577	14704431
O17801	Q10577	14704431
Q10577	P91276	14704431
O76640	Q10577	14704431
Q22544	Q10577	14704431
O44878	Q10577	14704431
Q23158	Q10577	14704431
Q10577	Q9U2W6	14704431
Q10577	Q8MYP3	14704431
Q23664	Q10577	14704431
P27639	Q9TVJ1	14704431
Q93211	O02108	14704431
O02108	O17732	14704431
O02108	O17983	14704431
O02108	Q22260	14704431
O02108	O02303	14704431
O02108	O61899	14704431
O02108	Q9XTH8	14704431
Q8MYP3	O02108	14704431
Q18516	O18180	14704431
Q9N3T6	O18180	14704431
Q9XVF7	P36573	14704431
P91001	P36573	14704431
P36573	Q17991	14704431
O17646	P36573	14704431
P36573	Q93380	14704431
Q18887	P36573	14704431
P36573		14704431
P36573	Q19275	14704431
P36573	Q9XV56	14704431
Q93637	P36573	14704431
Q20228	P36573	14704431
Q20330	P36573	14704431
P36573	O45521	14704431
	P36573	14704431
Q20845	P36573	14704431
Q93831	P36573	14704431
P36573	Q9BL97	14704431
P36573	Q21431	14704431
P36573		14704431
P36573	O02425	14704431
P34559	P36573	14704431
P36573	Q22290	14704431
P36573	Q8MXH1	14704431
P36573	P36573	14704431
P36573	Q9XW17	14704431
P36573	Q9N402	14704431
P36573	Q9U2D6	14704431
Q9XWD5	P36573	14704431
P36573	Q94378	14704431
O18191	Q9XTS1	14704431
Q9NAM6	Q18339	14704431
Q19617	Q9NAM6	14704431
Q9NAM6	Q95X85	14704431
O61899	Q9NAM6	14704431
Q9NF11	P43509	14704431
Q9NF11	Q9NF11	14704431
P50880	Q9U2Z5	14704431
O61899	Q9U2Z5	14704431
Q9XWS0	O62160	14704431
Q9BI86	Q9XWS0	14704431
O44872		14704431
	Q9N597	14704431
Q9N597	Q09530	14704431
P50880	Q9N597	14704431
O17070	Q9N597	14704431
O17860	Q9N597	14704431
Q9N597	Q22656	14704431
Q8WTL9	Q9N597	14704431
Q9N597	Q965N5	14704431
	Q9U4A6	14704431
Q93716	Q9U4A6	14704431
Q23120	Q9N593	14704431
Q9U2X1	Q19208	14704431
Q9UAY0	Q9U2X1	14704431
Q94131	Q9U2X1	14704431
Q9U2U6	P90925	14704431
Q17878	Q9U2U6	14704431
Q965X6	Q95Y80	14704431
Q9U2R6	P42171	14704431
Q9U2R6	Q95QX3	14704431
Q19902	Q9U2R6	14704431
P92004	Q9U2R6	14704431
Q9U2R6	Q9BI75	14704431
Q9U2R6	P45962	14704431
Q9U2R6		14704431
Q95PV4	Q9U2R6	14704431
Q9XXI4	Q18399	14704431
O61899	Q9XXI4	14704431
Q9N2Z7	Q9XXI4	14704431
Q9XXI0	Q965N2	14704431
O01497	Q9XXI0	14704431
Q9N5V3	Q9N580	14704431
Q9XXI0	Q18529	14704431
Q966M3	Q9XXI0	14704431
Q9XXI0	P91237	14704431
Q9XXI0	O16370	14704431
Q9XXI0		14704431
Q9XXI0	Q22631	14704431
Q9XXI0	O45799	14704431
Q9XXH8	Q21319	14704431
Q9XXH8	O62427	14704431
	Q9N574	14704431
Q9N580	P41829	14704431
P40614	Q9N580	14704431
Q94216	Q9N580	14704431
O16527	Q9N580	14704431
Q9N580	Q23158	14704431
Q9N5V2	Q9U2Q9	14704431
Q20476	Q9XW13	14704431
Q9XW13		14704431
Q9XW13	Q21648	14704431
		14704431
	Q22170	14704431
O16424		14704431
		14704431
Q9NES7		14704431
	Q9XVZ2	14704431
	Q23359	14704431
P34652		14704431
O62519		14704431
Q9N537	P48727	14704431
Q18516	Q9XWW1	14704431
Q9XWV0	Q18529	14704431
Q9XWV0	Q9N342	14704431
P46769	Q9U2M7	14704431
Q9N423	Q21075	14704431
Q21191	Q9N423	14704431
Q9N3Y1	Q9N423	14704431
Q9XX47	Q93228	14704431
Q9N5N7	Q9XX47	14704431
Q9XX47	Q21229	14704431
Q9XX47	P90925	14704431
Q9XX47	Q9XU77	14704431
Q09417	Q9XX47	14704431
Q21808	Q9XX47	14704431
Q9XX47	Q9XWJ0	14704431
Q9XX47	O18250	14704431
Q9U1W3	Q9XX47	14704431
Q09364	Q9XX56	14704431
Q9XX14	Q9XU77	14704431
P92004	Q9XX14	14704431
	Q9N517	14704431
Q9N5V3	Q8MYM9	14704431
Q9GYI4	Q8MYM9	14704431
P48162	Q8MYM9	14704431
Q9TZ51	Q8MYM9	14704431
O45922		14704431
O45922	Q21281	14704431
	O45922	14704431
O45922	Q21344	14704431
O01768	O45922	14704431
O45922	O45922	14704431
Q27874	O45922	14704431
O44451	O45924	14704431
Q9GSQ0	O62231	14704431
O61899	Q9U2E4	14704431
Q9N3F2	Q20665	14704431
Q9N3F2	P27604	14704431
Q23187	Q9NAE1	14704431
Q966E8	Q9NAE1	14704431
Q9U2W6	Q9NAE1	14704431
Q9XXB9	Q9NAE1	14704431
Q27363	Q9NAE1	14704431
O61899	Q9N3H9	14704431
Q966M5	O18209	14704431
O18209	Q19395	14704431
O18209	Q9N4U2	14704431
O18209	Q9NA25	14704431
Q19854	O18210	14704431
	Q9NA98	14704431
Q9NA98	Q9U310	14704431
Q20741	Q9NAB0	14704431
P34611	Q9N3F1	14704431
Q9TXW1	Q9N3F2	14704431
Q9XWK1	O44180	14704431
Q9XWK1	Q22544	14704431
Q9XWK1	Q9U2H0	14704431
Q9XWK1	Q9U2G8	14704431
Q20585	Q9XW01	14704431
Q93156	Q9XWH0	14704431
O16364	Q9XWH0	14704431
Q9XWH0	Q95Y90	14704431
Q9XW51	Q9XWH0	14704431
Q9XWH0	Q9U203	14704431
Q9XWH0	O02053	14704431
Q95PX4	Q9XWH0	14704431
O16354	Q9N393	14704431
Q95XW8	O01489	14704431
Q9N366	O61843	14704431
Q9N366	P34559	14704431
	Q9N359	14704431
Q94261	Q9N359	14704431
Q9U1W5	Q9N359	14704431
		14704431
	O45781	14704431
P48152	Q9U238	14704431
Q9U238	O61828	14704431
O45521	Q9U238	14704431
Q21746	Q9U238	14704431
Q9N5G3	Q9NA78	14704431
Q9NA76	Q19969	14704431
O02353	O16488	14704431
O02353	Q18426	14704431
O18236	O18179	14704431
O18250		14704431
Q9TZ39	Q9BL41	14704431
P36573	Q23445	14704431
Q03604	Q9NAB0	14704431
Q9N593	Q20655	14704431
Q9XWP6	Q9XVK6	14704431
Q9XU06	Q9TZ39	14704431
Q9TZ39	Q9U252	14704431
P34643	Q9TZ39	14704431
O02108	Q94257	14704431
P36573	O44821	14704431
O01900	Q9U2Z5	14704431
Q9U1T6	Q9XXI0	14704431
Q9U2M8	Q95ZU1	14704431
Q8MYM9	O45603	14704431
Q19707	Q9GSQ0	14704431
O18210	Q93230	14704431
Q9XWH0	Q21776	14704431
Q9N3C6	Q9TZ39	14704431
Q09590	O18191	14704431
Q9XW13	Q22012	14704431
Q9U2I2	Q19120	14704431
Q9TZ39	P45962	14704431
Q9TZ39	Q23254	14704431
Q23332	Q9TZ39	14704431
	Q9TZ39	14704431
Q23485	Q9TZ39	14704431
Q9TZ39		14704431
O18302	Q9TZ39	14704431
Q22469	Q10577	14704431
Q18688	O02108	14704431
O44740	O18191	14704431
Q23232	O61899	14704431
Q9NAM6	Q17967	14704431
Q9NAM6	Q9N4B8	14704431
Q9N5P1	Q9NEY7	14704431
Q9NF11	Q19774	14704431
P46561	Q9N597	14704431
Q19902	Q9U2Q9	14704431
Q22436	Q9U2Q9	14704431
Q22757	Q9U2Q9	14704431
Q9XW13	O02056	14704431
Q9XW13	O61955	14704431
Q20378	Q9XW13	14704431
Q9XXG5		14704431
Q9U2I2	O16299	14704431
Q95YA7	Q9U2I2	14704431
Q20398	Q9U2I2	14704431
P34888	Q9U2I2	14704431
Q9U395	Q9U2I2	14704431
Q9U2I2	O17526	14704431
Q23182	Q9U2I2	14704431
Q9U2I2	Q9XUK0	14704431
O02365	Q9U2I2	14704431
Q9U2I2	Q9XVZ8	14704431
Q9U2I2	Q9U1V2	14704431
Q9U2I2	Q23345	14704431
	O45934	14704431
Q9TVP0	Q23500	14704431
Q9NAE1	O01460	14704431
	Q9NAE1	14704431
Q9NAE1	Q18480	14704431
Q9XWH0	Q9TYV7	14704431
Q8I7L1	Q9XWH0	14704431
	Q9XWH0	14704431
Q9TZ39	Q22631	14704431
Q9TZ39	Q9XWK4	14704431
Q9TZ39	Q9U1S2	14704431
Q95PV4	Q9TZ39	14704431
P36573	Q17786	14704431
Q23233	Q19433	14704431
P42171	Q9NF11	14704431
Q95Y80	Q20798	14704431
Q93572	Q9U2R6	14704431
Q21693	Q9XW13	14704431
Q09566		14704431
Q9XX56	Q21746	14704431
Q9XWU4	Q9BKS1	14704431
Q9XV35	Q9XWH0	14704431
Q22388	O02353	14704431
O02353	O45865	14704431
Q9N4B8	Q9TZ39	14704431
O18673	P36573	14704431
O45924	Q9XTG3	14704431
Q23158	O45924	14704431
P34453	Q9U2J8	14704431
Q21746	Q9U2J8	14704431
Q9TYJ7	Q9U2J8	14704431
O02056	Q9U2K8	14704431
Q17776	Q9U2K8	14704431
Q9U2R6	Q9U2K8	14704431
	Q9GSQ0	14704431
Q9GSQ0	P41829	14704431
Q19537	Q9GSQ0	14704431
Q20684	Q9GSQ0	14704431
Q9GSQ0	Q21156	14704431
P91374	Q9GSQ0	14704431
Q9GSQ0	Q22053	14704431
O01255	Q9GSQ0	14704431
Q9GSQ0	Q22847	14704431
Q18919	Q9XWP6	14704431
O44821	Q9XWP6	14704431
Q20742	Q9XWP6	14704431
O61899	Q9XWU4	14704431
Q9N3Y1	Q9XWU4	14704431
P54811	Q9U2I2	14704431
Q17971	Q9U2I2	14704431
Q09479	Q9U2I2	14704431
P48152	Q9U2I2	14704431
Q9U2I2	Q18157	14704431
Q9U2I2	Q18320	14704431
Q9U2I2	Q18426	14704431
Q9U2I2	Q9TZA5	14704431
Q95YC6	Q9U2I2	14704431
Q9U2I2	O02244	14704431
Q22055	Q9U2I2	14704431
Q9U2I2	O18048	14704431
Q22311	Q9U2I2	14704431
P45972	Q9U2I2	14704431
Q9U2I2	Q22436	14704431
Q9U2I2	O17030	14704431
P32085	Q9U2I2	14704431
Q9U2I2	Q22694	14704431
Q9U2I2	Q9XXH0	14704431
Q9U2I2	O45934	14704431
O62468	Q9U2I2	14704431
Q9U2I2	Q9N4Y9	14704431
P34653	Q9U2I2	14704431
P34673	Q9U2I2	14704431
Q23639	Q9U2I2	14704431
Q9N3X3		14704431
Q9BKS0	Q9N3X3	14704431
Q95Q25	P34328	14704431
Q95Q25	Q95Q25	14704431
Q9XXE5		14704431
O45603	O45934	14704431
O45934	Q21215	14704431
O45935		14704431
O45938	O61899	14704431
O45938	Q23571	14704431
Q9U2E4	Q9U1S2	14704431
Q9NAH3	P54412	14704431
Q9NAH3	Q20590	14704431
Q9NAH3	Q9GYM9	14704431
P34662	Q9NAH3	14704431
Q9N3U8	Q18488	14704431
Q9N3U8	Q9XUY6	14704431
Q9U2Q9		14704431
O61815	O18203	14704431
O18203	Q18843	14704431
Q19555	O18203	14704431
O18203	Q20486	14704431
O18203	O44732	14704431
O18203	Q95Y89	14704431
Q9N3P1	Q20420	14704431
Q9N3P1	Q21018	14704431
Q21994	Q9N3P1	14704431
Q9N3P1	Q965X6	14704431
Q9XTU6		14704431
Q22751	Q9U281	14704431
P41942	Q9TYJ0	14704431
Q18646	Q9TYJ0	14704431
P34470	Q9TYJ0	14704431
Q9TYJ0	Q21463	14704431
Q18529	Q9NAE9	14704431
O44400	Q9NAE9	14704431
Q9NAE9	Q21648	14704431
Q9NAE9	Q9U1S2	14704431
Q9XXR6	Q9TXS0	14704431
Q20988	Q9XXR6	14704431
O02056	Q9NAD6	14704431
Q9NAD6	Q8MQE8	14704431
Q9NAD6	Q17849	14704431
O02639	Q9NAD6	14704431
Q9NAD6	Q09456	14704431
	Q9NAD6	14704431
Q9NAD6	O44400	14704431
O02085	Q9NAD6	14704431
O01802	Q9NAD6	14704431
Q94013	Q9NAD6	14704431
Q9XVI6	Q9NAD6	14704431
Q9NAD6	Q9NAD6	14704431
Q9NAD6	Q9N4A9	14704431
Q27864	Q9NAD6	14704431
Q9N4L8	Q9NAD6	14704431
	Q9NAE1	14704431
Q9GYP6	Q9NAE1	14704431
Q9NAE1	O45469	14704431
Q9NAE1	O45526	14704431
P91329	Q9NAE1	14704431
Q9NAE1	O76670	14704431
P41932	Q9NAE1	14704431
Q9TYX2	Q9NAE1	14704431
Q9NAE1	Q22853	14704431
P41829	Q9N4S0	14704431
O45233	Q9U2Q9	14704431
Q9U2I2	P91126	14704431
Q22660	Q9U2I2	14704431
Q9U2I2	P91551	14704431
O17907	O18203	14704431
Q9NAD6	Q17878	14704431
O45815	Q9U2I2	14704431
Q9U2I2	O44635	14704431
Q9U2I2	Q19739	14704431
Q9U2I2	Q9XVP7	14704431
Q09562	Q9U2I2	14704431
Q20611	Q9U2I2	14704431
O01794	Q9U2I2	14704431
P52872	Q9U2I2	14704431
Q9U2I2	O45603	14704431
Q9U2I2	O17239	14704431
Q9TYX4	Q9U2I2	14704431
O45521	Q9U2I2	14704431
P29691	Q95NX4	14704431
Q9GSX9	P41829	14704431
Q9NGT3	P92004	14704431
Q9NGT3	P91453	14704431
	Q27389	14704431
Q95QC4	Q22631	14704431
O61899		14704431
P91001	Q9XYC3	14704431
Q23390	Q22379	14704431
Q9TZQ3		14704431
Q18529	O18302	14704431
O61858	O18302	14704431
Q23646	Q9NF14	14704431
Q17581	Q94420	14704431
Q94420	Q94420	14704431
Q9XWG3	Q9N4B6	14704431
Q9NGT3	Q17693	14704431
Q9N5N7	Q95QC4	14704431
Q09665	Q21621	14704431
Q18241	Q94420	14704431
O02174	O18250	14704431
O01422	Q9GS00	14704431
Q9N2K7	P91276	14704431
Q9N2K7	O45603	14704431
O17265	Q9N2K7	14704431
Q9N2K7	Q9XWH5	14704431
Q94188	Q9U1W5	14704431
Q9U1W5	O17836	14704431
Q20271	Q9U1W5	14704431
Q9U373	Q9U1W5	14704431
Q9U1W5	Q9N5D6	14704431
Q9U1W5	Q9U1W5	14704431
Q9U1X7	Q8MXH8	14704431
O17608	Q9XWG3	14704431
Q9XWG3	Q18585	14704431
Q18688	Q9XWG3	14704431
	Q9XWG3	14704431
Q9XWG3	Q95QG7	14704431
Q9XWG3	P48156	14704431
Q9XWG3	O44512	14704431
Q9XWG3	Q9TXX2	14704431
P91313	Q9XWG3	14704431
Q20720	Q9XWG3	14704431
Q9XWG3	Q9TXP7	14704431
Q9XXC8	Q9XWG3	14704431
Q9XWG3	Q23087	14704431
Q18529	Q9BL58	14704431
Q09983	Q9BL58	14704431
Q20000	Q9BL58	14704431
P91820	Q9BL58	14704431
Q9BL58	Q9XX87	14704431
Q9BL58	Q9U1T6	14704431
Q11093	Q9N2Z8	14704431
Q18885	Q9N2Z8	14704431
Q9N2Z8	Q9N5V2	14704431
Q9GSX9	O17626	14704431
Q9GSX9	Q19749	14704431
Q9GSX9	P53013	14704431
Q9GSX9	Q19983	14704431
Q9GSX9	P92004	14704431
Q9GSX9	Q9TVS4	14704431
O18240	Q9GSX9	14704431
Q9N4B8	Q9GSX9	14704431
Q9NGT3	O61818	14704431
P91001	Q9NGT3	14704431
O44451	Q9NGT3	14704431
Q965H3	Q9NGT3	14704431
Q9NGT4	Q9NGT3	14704431
Q9NGT3	P90794	14704431
P34397	Q9NGT3	14704431
Q9NGT3	Q19749	14704431
Q9NGT3	Q19764	14704431
Q9NGT3	O16370	14704431
Q9NGT3	P43508	14704431
Q9NGT3	Q21271	14704431
O61899	Q9NGT3	14704431
Q9NGT3	Q9BKU2	14704431
Q9NGT3	Q9N428	14704431
Q95XR4	Q9NGT3	14704431
Q9N4H6	O61899	14704431
Q95XM4	Q18235	14704431
Q95XM4	Q9N5V2	14704431
O62160	Q95XM4	14704431
Q93703	Q95XM4	14704431
Q95XM4	O45521	14704431
Q95XM4	P49405	14704431
O17919	Q95XM4	14704431
	Q95XM4	14704431
Q09417	Q95XM4	14704431
O76614	Q95XM4	14704431
Q95XM4		14704431
	Q95XM4	14704431
Q95XM4	P34648	14704431
Q95XM4	P30632	14704431
O61521	Q9TZL9	14704431
Q8MYM7	Q9N4F3	14704431
Q20940	Q9N4F2	14704431
		14704431
Q19766		14704431
Q95Q54		14704431
Q9XTV2		14704431
Q95QC0		14704431
O45946	Q9XW76	14704431
Q9XW76	Q9BL19	14704431
Q09248	Q9XW79	14704431
Q09294	Q9XW79	14704431
Q9XW79	Q9N3E3	14704431
Q9XW79	Q9N4E9	14704431
Q9XWC9	Q20628	14704431
Q20676	Q9XWC9	14704431
	Q9XWC9	14704431
Q09582	Q9XWC9	14704431
Q95QC4	Q18605	14704431
Q95QC4	Q93573	14704431
Q95QC4	Q09983	14704431
Q95QC4	Q17599	14704431
P48156	Q95QC4	14704431
Q20833	Q95QC4	14704431
O77469	Q95QC4	14704431
Q95QC4	O17908	14704431
Q9XTQ7	Q95QC4	14704431
Q95QC4	P41932	14704431
Q21748	Q95QC4	14704431
Q09417	Q95QC4	14704431
P91419	Q95QC4	14704431
Q22095	Q95QC4	14704431
Q22227	Q95QC4	14704431
P04970	Q95QC4	14704431
Q95QA6	Q95QC4	14704431
P91917	Q95QC4	14704431
Q966C7	Q95QC4	14704431
Q9GRZ1	Q95QC4	14704431
Q95QC4		14704431
Q09490	Q9NA30	14704431
Q23536	Q9NA30	14704431
Q17718		14704431
		14704431
Q18688		14704431
	O16372	14704431
		14704431
	Q9U2U0	14704431
P34643		14704431
Q8WQG5		14704431
Q95Q07		14704431
Q27864	P36573	14704431
Q20207	O01879	14704431
Q9U990	Q19937	14704431
Q27535	P48152	14704431
Q18688	Q27535	14704431
Q27535	O44781	14704431
Q9U2K1	Q27535	14704431
Q27535	Q9U296	14704431
Q27535	P30632	14704431
Q9UAV4	Q23333	14704431
Q23333	Q9U307	14704431
O17555	Q9XW88	14704431
Q9XYC3	Q09969	14704431
Q9XYC3	O17645	14704431
	Q9XYC3	14704431
Q8TA83	Q9XYC3	14704431
Q9XYC3	P09446	14704431
Q9XYC3	Q9XVP1	14704431
Q9XYC3	P27604	14704431
Q21215	Q9XYC3	14704431
Q94416	Q9XYC3	14704431
Q18192	O01775	14704431
O01775	Q09533	14704431
P91249	O01775	14704431
Q9XUL7	O01775	14704431
Q20660		14704431
	O01906	14704431
P91503		14704431
Q18426	Q9U1P3	14704431
Q9N5V2	Q9U1P3	14704431
O18672	Q9U1P3	14704431
Q21021		14704431
P27604	Q9U1P3	14704431
Q9U1P3	Q93930	14704431
O61899	Q9U1P3	14704431
Q9U1P3	Q9XUK9	14704431
Q23382		14704431
Q21746	Q23382	14704431
Q23390	Q8I7I0	14704431
Q23390	Q93637	14704431
Q09983	Q23390	14704431
Q23390	Q09566	14704431
Q9UA61	Q23390	14704431
Q23390	Q9NES7	14704431
Q9U1T6	Q23390	14704431
P34609	Q18668	14704431
P34686	P34609	14704431
Q21891	P34605	14704431
P34605	P34559	14704431
Q20798		14704431
	Q95QM1	14704431
	O61708	14704431
Q9NES7	Q23440	14704431
Q23440	O45293	14704431
Q23440	Q9N4A9	14704431
Q23312	Q23440	14704431
O45603	O62022	14704431
Q9TVZ6	O62022	14704431
Q9U1X3	O62022	14704431
O62022	Q9N4B8	14704431
Q23520	Q23215	14704431
P34657	Q93694	14704431
Q20344	P34657	14704431
O44821	P34657	14704431
P34657	Q9NES7	14704431
P34657		14704431
	P34659	14704431
P34659	Q18786	14704431
Q20772	P34659	14704431
P34661	Q9TYZ4	14704431
Q09665	P06125	14704431
P10986	Q09665	14704431
Q09665	Q9NES7	14704431
	Q20778	14704431
Q94247		14704431
Q18885	P22981	14704431
P46769	O18302	14704431
O18302	Q17659	14704431
O18302	Q17782	14704431
O18302	Q17913	14704431
O18302	Q18084	14704431
O18302	O45269	14704431
Q18646	O18302	14704431
O18302	P53585	14704431
P90786	O18302	14704431
O18302	Q9UAT1	14704431
O18302		14704431
O18302		14704431
O18302	Q9Y050	14704431
O18302	Q93572	14704431
O18302	Q95QI3	14704431
Q93654	O18302	14704431
O45521	O18302	14704431
O18302	O44821	14704431
O18302	Q20712	14704431
O18302	Q20742	14704431
Q20956	O18302	14704431
Q93831	O18302	14704431
O18302	Q9N5N7	14704431
O18302	Q21418	14704431
O18302	P92004	14704431
Q21526	O18302	14704431
Q9TYX3	O18302	14704431
O45734	O18302	14704431
O18067	O18302	14704431
O18302	Q94013	14704431
Q22354	O18302	14704431
P91820	O18302	14704431
O45865	O18302	14704431
O18302	Q965X6	14704431
O18302	Q9N3Z0	14704431
Q9XWJ8	O18302	14704431
O18302	P91563	14704431
O18302	O18302	14704431
Q17649	Q23646	14704431
O16453	Q23646	14704431
Q9TYS3	Q23646	14704431
P91051	Q94420	14704431
Q09581	Q23566	14704431
O02076	Q94420	14704431
Q9N3I5	Q94420	14704431
Q17991	Q09581	14704431
Q17992	Q09581	14704431
Q9XV56	Q09581	14704431
Q93637	Q09581	14704431
Q09581	P17329	14704431
Q09581	Q22290	14704431
Q18776	Q09620	14704431
Q95QQ2	Q09620	14704431
O45521	Q09620	14704431
Q21418	Q09620	14704431
Q22631	Q09620	14704431
Q09620	Q9XWR1	14704431
Q09620	Q9U2D9	14704431
Q09620	O45021	14704431
O18289	Q09620	14704431
Q9N2M2	Q94126	14704431
Q94126	Q21361	14704431
Q94126	Q9NAE4	14704431
Q9BI74	Q23679	14704431
Q9XWG3	Q21648	14704431
	P27604	14704431
Q23520	Q8ITW6	14704431
Q94420		14704431
	Q9BL58	14704431
Q23390	Q21746	14704431
Q94420	Q9GYQ9	14704431
O18672	Q9U1W5	14704431
Q95XM4	Q9N3F4	14704431
Q19290	Q9XW79	14704431
	Q95QC4	14704431
O01775	P17329	14704431
P34609	Q93345	14704431
P34655	P34629	14704431
P34657	Q18986	14704431
Q22886	O18302	14704431
O18302	O77469	14704431
Q09620	O44451	14704431
Q9XWG3	O62416	14704431
P34559	Q9NGT3	14704431
Q9XW88	Q9XVY4	14704431
	P34574	14704431
Q93758	Q23333	14704431
P34630	P34630	14704431
Q9U1S2	Q9N2K7	14704431
Q9U1W5	Q18241	14704431
Q9U1W5	Q19130	14704431
Q9XWG3	P91001	14704431
Q9XWG3	P50432	14704431
Q8WTJ8	Q9XWG3	14704431
Q9NAB0	Q9XWG3	14704431
Q9NA84	Q9XWG3	14704431
P91307	Q9BL58	14704431
O16364	Q9BL58	14704431
Q9N2Z8	Q20632	14704431
Q9N2Z8	Q9N2Z8	14704431
Q9GSX9	P51875	14704431
O44450	Q9XW70	14704431
O01496	Q9XW68	14704431
Q20956	Q9XW76	14704431
Q9XW79	Q19771	14704431
Q965K5	Q9XW79	14704431
Q9XWC9	P43509	14704431
Q9XWC9	Q23652	14704431
Q10930	Q95QC4	14704431
Q9XYC3	Q22847	14704431
Q9XYC3		14704431
Q9U2Z0	Q9XYC3	14704431
Q9NAI6	Q9XYC3	14704431
	Q9XYC3	14704431
Q9N4N2	Q22640	14704431
O01489	P34657	14704431
P34657	P91328	14704431
Q21748	P34657	14704431
P34657	Q9XUM1	14704431
P34657	Q23220	14704431
O17103	O18302	14704431
Q94420	O01850	14704431
Q94420	P55853	14704431
Q21648	Q94420	14704431
Q94420	Q21847	14704431
	Q94420	14704431
Q9NF71	Q94420	14704431
Q23130	Q09620	14704431
P21137	Q23679	14704431
	Q9GS00	14704431
Q9BL58	Q22631	14704431
Q8ITW6	Q9NGT3	14704431
Q27328	Q9NGT3	14704431
P32085	Q9NGT3	14704431
Q9NA98	Q9XW79	14704431
Q9U2A0	Q95QC4	14704431
	O02174	14704431
Q9XYC3		14704431
Q20149	Q9U1P3	14704431
O61899	P34605	14704431
P91001	Q02330	14704431
Q02330	Q21847	14704431
P34657	Q9U3T4	14704431
O18302	Q27498	14704431
Q94420	Q18013	14704431
Q19275	Q09581	14704431
	P90920	14704431
Q9U3J8	Q9XYC3	14704431
Q22849	Q23520	14704431
Q94420	Q93520	14704431
Q17878	Q9XWG3	14704431
O76614	O62022	14704431
Q9XUQ4	Q23460	14704431
Q19372	P34629	14704431
Q22407	P34629	14704431
P34629	Q9N5C5	14704431
P34629	P34629	14704431
Q02330	Q9XVJ5	14704431
Q02330	Q22183	14704431
O01255	Q02330	14704431
Q9TZQ3	Q9XTF9	14704431
	Q9TZQ3	14704431
Q9TZQ3	Q9TZQ3	14704431
Q94300	Q23483	14704431
P47991	Q23493	14704431
Q19901	Q23511	14704431
P39016	Q17345	16715093
Q09487	P39008	16715093
Q09487	Q17345	16715093
O16000	Q8T3B2	16895441
O16000	O02495	16895441
O16000	O62414	16895441
P60881	O16000	16895441
Q21443	Q21443	18162544
P41958	P42573	18776901 9027312
P30429	Q07817	9027312
Q9XX00	Q21955	16799563
Q9XX00	Q96RN5	16799563
Q23482	P90916	17075059
P14585	O45346	18700817
O45201	P14585	18700817
P14585	P45442	18700817
O16000	Q03614	18768815
O16850	Q18654	18828672
P42573	Q9XWE0	18776901
Q10929	P03949	19402756
P92186	Q09408	19713957
Q9NHC3	Q21227	20126385
P23678	Q21049	19880746
P54811	P54811	24055316
P91349	P91349	25977552
P91349	P91870	25977552
Q21633	Q9N2Z7	19553937
Q17339	Q17339	20223220
Q9U6Q0	Q9U6Q0	20139983
Q9U6Q0	Q9JI15	20139983
P62149	Q9U6Q0	20139983
Q8IG33	Q8IG33	21397184
O17793	O17793	21572436 25143115 22884106
Q21691	Q20749	20543824
P14792	Q21633	19553937
Q9N587	Q7K6X0	19794415
Q7JMB8	Q7K797	20921392
Q9XVR6	P61088	22367539
Q10038	O44514	21670305
Q8MNV0	Q8MNV0	18202664
Q27497	Q17604	22927794
P48727	Q17604	22927794
Q17604	Q17604	22927794
Q17604	O01820	22927794
Q20981	Q17604	22927794
Q17604	Q19013	22927794
Q17604	O18034	22927794
Q95XA8	Q17604	22927794
Q18494	Q17604	22927794
Q17604	A9UJN7	22927794
Q17604	Q23472	22927794
Q17604	Q8WQE8	22927794
Q17604	P91430	22927794
Q17604	Q9U2A0	22927794
Q95XX1	Q17604	22927794
Q17604	O76387	22927794
Q17604	Q95XC8	22927794
Q20305	Q17604	22927794
Q03577	Q17604	22927794
Q17604	O44749	22927794
Q9XWG3	Q9XWG3	23104058
G5EF60	G5EF60	22451904
O44165	P34529	22179787
Q93413	Q95XS0	22179787
Q19731	G5EBQ3	22179787
G5EE53	Q95XS0	22179787
Q9GZI7	P34529	22179787
P34529	Q95XS0	22179787
G5EEH0	Q22617	22179787
P29353	P39745	23584453
Q19731	G5EE53	22179787
P34529	Q22617	22179787
Q22617	Q95XS0	22179787
Q9GZI7	Q95XS0	22179787
Q95XS0	Q22707	22179787
O44406	Q95XS0	22179787
Q22617	O44165	22179787
G5EEH0	O44165	22179787
G5EEH0	P34529	22179787
P34529	G5EE53	22179787
Q93413	P34529	22179787
P62805	Q8T8N5	24726341
G5EGG8	G5EGG8	17483448
Q22311	G5EGG8	17483448
Q9GT24	Q9GT24	24980795
P91870	Q9GT24	24980795
Q9GT24	Q9VNE4	24980795
Q9GT24	E9Q4Y4	24980795
P91870	O97143	24980795
Q93212		16418277
Q22013	Q22013	16627619
Q27433	P37089	17079490
Q21443	O44452	14704431
P91505	Q21443	14704431
Q21443	Q19633	14704431
Q21443	Q19969	14704431
Q21443	Q9XXH8	14704431
Q20924	P30429	16938876
Q21443	Q20924	16938876
Q23482	Q95QD7	17075059
Q10120	P90916	17075059
O01682	Q10120	17075059
Q95QD7	Q10120	17075059
Q23482	Q22703	17075059
Q23482	O01682	17075059
Q23482	O17174	17075059
Q95QD7	P90916	17075059
O01682	Q95QD7	17075059
P30630	Q10120	17075059
P30630	O01682	17075059
P30630	Q23482	17075059
P30630	Q95QD7	17075059
Q10120	Q23482	17075059
P90916	P30630	17075059
O16850	Q09228	25419847
O18158	P83351	25419848
Q9XUS9	G5EG83	25875822
G5EG83	G5EG83	25875822
P20268	Q17963	25124442
Q17963	Q21305	25124442
Q17963	Q17396	25124442
Q95QK3	Q17963	25124442
Q17963	Q09228	25124442
Q93705	Q95QK3	25124442
Q18297	Q18297	25855297
P42573	Q9XXH8	25383666
P42573	Q9XXH9	25383666
P34288	H2KYP0	25938815
H2KYP0	Q9U308	25938815
Q967F4	Q9U308	25938815
O44326	P90947	25938815
P91349	P34331	25977552
O61442	P91349	25977552
Q9NEZ7	G5ECZ4	22922713
Q9XW70	G5ECZ4	22922713
O01514	G5ECZ4	22922713
Q8TA52	P90757	22922713
G5ECZ4	P90757	22922713
Q9XW70	Q9NEZ7	22922713
Q9NEZ7	O01514	22922713
Q14790	P30429	9027312
G5EEG7	G5EEG7	27150041
G5EEG7	Q9N4U5	27150041
Q21121	Q21121	27135929
Q21738	Q9U299	26779609
Q96HQ2	Q9U299	26779609
