0.0	0.0	0.0	0.0	0.189	0.0	0.0	0.189
0.0	0.0	0.0	0.0	0.0	0.0	0.15	0.15
0.0	0.0	0.0	0.169	0.0	0.0	0.0	0.169
0.0	0.0	0.0	0.179	0.0	0.0	0.0	0.179
0.172	0.0	0.0	0.0	0.0	0.0	0.058	0.186
0.0	0.0	0.0	0.044	0.184	0.0	0.0	0.186
0.0	0.0	0.0	0.15	0.0	0.0	0.067	0.173
0.0	0.0	0.0	0.0	0.193	0.0	0.0	0.193
0.0	0.0	0.0	0.15	0.0	0.0	0.0	0.15
0.0	0.0	0.0	0.045	0.161	0.0	0.0	0.164
0.0	0.0	0.0	0.0	0.0	0.0	0.173	0.173
0.0	0.0	0.0	0.083	0.0	0.0	0.113	0.151
0.051	0.0	0.0	0.16	0.0	0.0	0.0	0.169
0.0	0.0	0.0	0.075	0.0	0.0	0.13	0.16
0.0	0.0	0.0	0.076	0.0	0.0	0.125	0.156
0.0	0.0	0.0	0.0	0.196	0.0	0.0	0.196
0.0	0.0	0.0	0.168	0.0	0.0	0.0	0.168
0.0	0.0	0.0	0.0	0.0	0.0	0.194	0.194
0.0	0.0	0.0	0.0	0.071	0.0	0.146	0.172
0.0	0.0	0.0	0.094	0.0	0.0	0.101	0.151
0.0	0.0	0.0	0.17	0.0	0.0	0.0	0.17
0.0	0.0	0.0	0.0	0.0	0.0	0.15	0.15
0.0	0.0	0.0	0.161	0.0	0.0	0.0	0.161
0.0	0.0	0.0	0.0	0.17	0.0	0.071	0.196
0.0	0.0	0.0	0.173	0.0	0.0	0.0	0.173
0.0	0.0	0.0	0.119	0.0	0.0	0.11	0.182
0.0	0.0	0.0	0.0	0.143	0.0	0.092	0.188
0.0	0.0	0.0	0.049	0.191	0.0	0.0	0.197
0.0	0.0	0.0	0.0	0.129	0.0	0.074	0.158
0.0	0.0	0.0	0.0	0.105	0.0	0.113	0.172
0.0	0.0	0.0	0.096	0.1	0.0	0.0	0.151
0.0	0.0	0.0	0.0	0.106	0.0	0.088	0.15
0.0	0.0	0.0	0.173	0.0	0.0	0.0	0.173
0.0	0.0	0.0	0.043	0.174	0.0	0.066	0.197
0.0	0.0	0.0	0.118	0.111	0.0	0.0	0.182
0.0	0.0	0.0	0.057	0.0	0.0	0.148	0.162
0.0	0.0	0.0	0.0	0.0	0.0	0.15	0.15
0.0	0.0	0.0	0.096	0.101	0.0	0.06	0.169
0.052	0.0	0.0	0.0	0.0	0.0	0.171	0.18
0.167	0.0	0.0	0.0	0.0	0.0	0.0	0.167
0.0	0.0	0.0	0.068	0.0	0.0	0.176	0.199
0.171	0.0	0.0	0.053	0.0	0.0	0.0	0.181
0.092	0.0	0.0	0.057	0.0	0.0	0.091	0.153
0.0	0.0	0.0	0.139	0.057	0.0	0.0	0.153
0.0	0.0	0.0	0.057	0.081	0.0	0.133	0.183
0.0	0.0	0.0	0.15	0.0	0.0	0.0	0.15
0.0	0.0	0.0	0.078	0.058	0.0	0.11	0.159
0.0	0.0	0.0	0.0	0.0	0.0	0.165	0.165
0.051	0.0	0.0	0.0	0.0	0.0	0.178	0.186
0.0	0.0	0.0	0.143	0.0	0.0	0.074	0.172
0.0	0.0	0.0	0.0	0.06	0.0	0.168	0.184
0.0	0.0	0.0	0.042	0.197	0.0	0.0	0.197
0.0	0.0	0.0	0.045	0.0	0.0	0.194	0.197
0.0	0.0	0.0	0.0	0.0	0.0	0.196	0.196
0.0	0.0	0.0	0.0	0.0	0.0	0.153	0.153
0.0	0.0	0.0	0.055	0.161	0.0	0.06	0.189
0.159	0.0	0.0	0.062	0.0	0.0	0.0	0.177
0.0	0.0	0.0	0.049	0.0	0.0	0.188	0.194
0.0	0.0	0.0	0.161	0.0	0.0	0.0	0.161
0.151	0.0	0.0	0.0	0.0	0.0	0.0	0.151
0.0	0.0	0.0	0.042	0.165	0.0	0.045	0.169
0.044	0.0	0.0	0.045	0.133	0.0	0.06	0.157
0.0	0.0	0.0	0.0	0.197	0.0	0.0	0.197
0.0	0.0	0.0	0.185	0.0	0.0	0.0	0.185
0.0	0.0	0.0	0.0	0.0	0.0	0.171	0.171
0.0	0.0	0.0	0.0	0.0	0.0	0.182	0.182
0.0	0.0	0.0	0.0	0.194	0.0	0.045	0.197
0.15	0.0	0.0	0.056	0.0	0.0	0.0	0.163
0.0	0.0	0.0	0.076	0.0	0.0	0.131	0.162
0.0	0.0	0.0	0.0	0.0	0.0	0.192	0.192
0.0	0.0	0.0	0.0	0.0	0.0	0.15	0.15
0.0	0.0	0.0	0.0	0.0	0.0	0.159	0.159
0.0	0.0	0.0	0.0	0.189	0.0	0.0	0.189
0.0	0.0	0.0	0.0	0.199	0.0	0.0	0.199
0.0	0.0	0.0	0.0	0.0	0.0	0.169	0.169
0.0	0.0	0.0	0.0	0.196	0.0	0.0	0.196
0.0	0.0	0.0	0.0	0.056	0.0	0.172	0.185
0.0	0.0	0.0	0.189	0.0	0.0	0.0	0.189
0.0	0.0	0.0	0.049	0.146	0.0	0.045	0.156
0.163	0.0	0.0	0.057	0.0	0.0	0.0	0.176
0.0	0.0	0.0	0.097	0.0	0.0	0.098	0.15
0.0	0.0	0.0	0.0	0.0	0.0	0.151	0.151
0.0	0.0	0.0	0.053	0.0	0.0	0.164	0.174
0.0	0.0	0.0	0.114	0.099	0.0	0.0	0.167
0.0	0.0	0.0	0.075	0.076	0.0	0.086	0.15
0.0	0.0	0.0	0.139	0.0	0.0	0.097	0.189
0.0	0.0	0.0	0.043	0.0	0.0	0.192	0.193
0.0	0.0	0.0	0.173	0.0	0.0	0.0	0.173
0.138	0.0	0.0	0.101	0.0	0.0	0.0	0.191
0.0	0.0	0.0	0.0	0.0	0.0	0.155	0.155
0.0	0.0	0.0	0.046	0.105	0.0	0.112	0.175
0.0	0.0	0.0	0.048	0.114	0.0	0.094	0.169
0.0	0.0	0.0	0.143	0.0	0.0	0.053	0.153
0.0	0.0	0.0	0.121	0.0	0.0	0.097	0.172
0.0	0.0	0.0	0.057	0.153	0.0	0.047	0.173
0.146	0.0	0.0	0.049	0.0	0.0	0.054	0.164
0.0	0.0	0.0	0.044	0.065	0.0	0.127	0.152
0.0	0.0	0.0	0.053	0.143	0.0	0.0	0.153
0.0	0.0	0.0	0.064	0.0	0.0	0.137	0.157
0.0	0.0	0.0	0.122	0.0	0.0	0.112	0.187
0.0	0.0	0.0	0.0	0.196	0.0	0.0	0.196
0.106	0.0	0.0	0.052	0.0	0.0	0.108	0.177
0.0	0.0	0.0	0.0	0.143	0.0	0.067	0.166
0.0	0.0	0.0	0.0	0.181	0.0	0.0	0.181
0.0	0.0	0.0	0.183	0.0	0.0	0.045	0.186
0.0	0.0	0.0	0.048	0.147	0.0	0.058	0.169
0.0	0.0	0.0	0.046	0.0	0.0	0.147	0.151
0.0	0.0	0.0	0.052	0.17	0.0	0.0	0.179
0.0	0.0	0.0	0.0	0.19	0.0	0.0	0.19
0.0	0.0	0.0	0.0	0.0	0.0	0.173	0.173
0.0	0.0	0.0	0.042	0.076	0.0	0.137	0.169
0.0	0.0	0.0	0.0	0.196	0.0	0.0	0.196
0.0	0.0	0.0	0.048	0.119	0.0	0.07	0.151
0.0	0.0	0.0	0.186	0.0	0.0	0.0	0.186
0.0	0.0	0.0	0.0	0.0	0.0	0.191	0.191
0.0	0.0	0.0	0.173	0.0	0.0	0.0	0.173
0.143	0.0	0.0	0.056	0.0	0.0	0.0	0.156
0.0	0.0	0.0	0.046	0.0	0.0	0.159	0.163
0.0	0.0	0.0	0.0	0.058	0.0	0.141	0.156
0.0	0.0	0.0	0.053	0.0	0.0	0.147	0.157
0.0	0.0	0.0	0.047	0.0	0.0	0.195	0.2
0.0	0.0	0.0	0.103	0.0	0.0	0.108	0.166
0.0	0.0	0.0	0.0	0.12	0.0	0.098	0.172
0.0	0.0	0.0	0.055	0.0	0.0	0.18	0.192
0.0	0.0	0.0	0.18	0.0	0.0	0.0	0.18
0.0	0.0	0.0	0.053	0.11	0.0	0.082	0.158
0.0	0.0	0.0	0.0	0.183	0.0	0.0	0.183
0.0	0.0	0.0	0.15	0.0	0.0	0.086	0.19
0.0	0.0	0.0	0.136	0.058	0.0	0.0	0.151
0.105	0.0	0.0	0.0	0.0	0.0	0.115	0.174
0.0	0.0	0.0	0.0	0.0	0.0	0.19	0.19
0.0	0.0	0.0	0.186	0.0	0.0	0.0	0.186
0.0	0.0	0.0	0.0	0.0	0.0	0.169	0.169
0.0	0.0	0.0	0.0	0.199	0.0	0.0	0.199
0.0	0.0	0.0	0.042	0.0	0.0	0.164	0.164
0.0	0.0	0.0	0.169	0.0	0.0	0.047	0.174
0.0	0.0	0.0	0.0	0.0	0.0	0.163	0.163
0.0	0.0	0.0	0.0	0.0	0.0	0.195	0.195
0.0	0.0	0.0	0.173	0.0	0.0	0.0	0.173
0.0	0.0	0.0	0.181	0.0	0.0	0.047	0.186
0.0	0.0	0.0	0.094	0.109	0.0	0.048	0.164
0.0	0.0	0.0	0.0	0.119	0.0	0.116	0.187
0.155	0.0	0.0	0.0	0.0	0.0	0.0	0.155
0.0	0.0	0.0	0.056	0.135	0.0	0.054	0.16
0.0	0.0	0.0	0.096	0.103	0.0	0.0	0.154
0.0	0.0	0.0	0.062	0.064	0.0	0.112	0.152
0.159	0.0	0.0	0.0	0.0	0.0	0.0	0.159
0.0	0.0	0.0	0.048	0.122	0.0	0.082	0.165
0.0	0.0	0.0	0.0	0.0	0.0	0.169	0.169
0.0	0.0	0.0	0.196	0.0	0.0	0.0	0.196
0.0	0.0	0.0	0.0	0.192	0.0	0.046	0.196
0.0	0.0	0.0	0.0	0.111	0.0	0.095	0.161
0.0	0.0	0.0	0.0	0.179	0.0	0.0	0.179
0.0	0.0	0.0	0.049	0.0	0.0	0.193	0.199
0.0	0.0	0.0	0.079	0.12	0.0	0.045	0.158
0.114	0.0	0.0	0.0	0.0	0.0	0.134	0.199
0.0	0.0	0.0	0.0	0.195	0.0	0.0	0.195
0.138	0.0	0.0	0.0	0.0	0.0	0.109	0.199
0.156	0.0	0.0	0.0	0.0	0.0	0.0	0.156
0.0	0.0	0.0	0.0	0.0	0.0	0.177	0.177
0.0	0.0	0.0	0.095	0.117	0.0	0.0	0.166
0.0	0.0	0.0	0.161	0.0	0.0	0.0	0.161
0.0	0.0	0.0	0.05	0.0	0.0	0.148	0.155
0.0	0.0	0.0	0.169	0.0	0.0	0.0	0.169
0.0	0.0	0.0	0.0	0.0	0.0	0.191	0.191
0.0	0.0	0.0	0.163	0.0	0.0	0.0	0.163
0.0	0.0	0.0	0.0	0.157	0.0	0.0	0.157
0.0	0.0	0.0	0.135	0.0	0.0	0.078	0.168
0.0	0.0	0.0	0.0	0.161	0.0	0.0	0.161
0.0	0.0	0.0	0.071	0.0	0.0	0.136	0.163
0.0	0.0	0.0	0.0	0.163	0.0	0.0	0.163
0.0	0.0	0.0	0.049	0.09	0.0	0.113	0.165
0.0	0.0	0.0	0.0	0.0	0.0	0.171	0.171
0.0	0.0	0.0	0.184	0.0	0.0	0.0	0.184
0.0	0.0	0.0	0.054	0.162	0.0	0.053	0.183
0.0	0.0	0.0	0.075	0.101	0.0	0.067	0.156
0.0	0.0	0.0	0.0	0.196	0.0	0.0	0.196
0.0	0.0	0.0	0.042	0.067	0.0	0.161	0.184
0.0	0.0	0.0	0.192	0.0	0.0	0.0	0.192
0.138	0.0	0.0	0.0	0.076	0.0	0.0	0.169
0.0	0.0	0.0	0.153	0.0	0.0	0.045	0.157
0.0	0.0	0.0	0.0	0.0	0.0	0.163	0.163
0.0	0.0	0.0	0.052	0.0	0.0	0.142	0.152
0.0	0.0	0.0	0.0	0.0	0.0	0.191	0.191
0.0	0.0	0.0	0.042	0.0	0.0	0.193	0.193
0.103	0.0	0.0	0.0	0.0	0.0	0.095	0.153
0.0	0.0	0.0	0.057	0.0	0.0	0.164	0.178
0.189	0.0	0.0	0.0	0.0	0.0	0.0	0.189
0.0	0.0	0.0	0.047	0.056	0.0	0.176	0.194
0.0	0.0	0.0	0.0	0.119	0.0	0.09	0.164
0.146	0.0	0.0	0.053	0.0	0.0	0.0	0.156
0.0	0.0	0.0	0.171	0.0	0.0	0.0	0.171
0.0	0.0	0.0	0.129	0.076	0.0	0.0	0.161
0.0	0.0	0.0	0.165	0.0	0.0	0.076	0.195
0.0	0.0	0.0	0.097	0.118	0.0	0.0	0.169
0.0	0.0	0.0	0.123	0.0	0.0	0.113	0.188
0.0	0.0	0.0	0.097	0.0	0.0	0.106	0.158
0.0	0.0	0.0	0.194	0.0	0.0	0.0	0.194
0.157	0.0	0.0	0.055	0.0	0.0	0.0	0.169
0.0	0.0	0.0	0.096	0.107	0.0	0.057	0.172
0.0	0.019	0.0	0.053	0.07	0.0	0.157	0.193
0.183	0.0	0.0	0.0	0.0	0.0	0.0	0.183
0.0	0.0	0.0	0.053	0.189	0.0	0.0	0.199
0.0	0.0	0.0	0.055	0.0	0.0	0.162	0.174
0.0	0.0	0.0	0.086	0.11	0.0	0.0	0.152
0.0	0.0	0.0	0.175	0.0	0.0	0.0	0.175
0.0	0.0	0.0	0.049	0.0	0.0	0.166	0.173
0.155	0.0	0.0	0.054	0.0	0.0	0.045	0.169
0.0	0.0	0.0	0.1	0.0	0.0	0.1	0.155
0.0	0.0	0.0	0.0	0.0	0.0	0.184	0.184
0.0	0.0	0.0	0.084	0.118	0.0	0.058	0.172
0.0	0.0	0.0	0.192	0.0	0.0	0.0	0.192
0.0	0.0	0.0	0.092	0.143	0.0	0.0	0.188
0.0	0.0	0.0	0.114	0.085	0.0	0.061	0.172
0.0	0.0	0.0	0.178	0.0	0.0	0.047	0.183
0.0	0.0	0.0	0.0	0.196	0.0	0.0	0.196
0.0	0.0	0.0	0.048	0.138	0.0	0.06	0.161
0.0	0.0	0.0	0.073	0.0	0.0	0.158	0.186
0.0	0.0	0.0	0.0	0.0	0.0	0.162	0.162
0.0	0.0	0.0	0.176	0.0	0.0	0.06	0.192
0.0	0.0	0.0	0.0	0.106	0.0	0.102	0.163
0.0	0.0	0.0	0.0	0.0	0.0	0.171	0.171
0.0	0.0	0.0	0.0	0.181	0.0	0.0	0.181
0.0	0.0	0.0	0.0	0.158	0.0	0.0	0.158
0.0	0.0	0.0	0.057	0.163	0.0	0.0	0.176
0.0	0.0	0.0	0.0	0.0	0.0	0.154	0.154
0.0	0.0	0.0	0.078	0.0	0.0	0.142	0.175
0.0	0.0	0.0	0.053	0.0	0.0	0.155	0.165
0.105	0.0	0.0	0.0	0.0	0.0	0.131	0.188
0.0	0.0	0.0	0.057	0.0	0.0	0.155	0.169
0.0	0.0	0.0	0.0	0.0	0.0	0.195	0.195
0.0	0.0	0.0	0.0	0.0	0.0	0.194	0.194
0.0	0.0	0.0	0.0	0.0	0.0	0.154	0.154
0.0	0.0	0.0	0.0	0.0	0.0	0.159	0.159
0.0	0.0	0.0	0.165	0.0	0.0	0.0	0.165
0.0	0.0	0.0	0.0	0.0	0.0	0.193	0.193
0.0	0.0	0.0	0.056	0.057	0.0	0.166	0.192
0.0	0.0	0.0	0.0	0.0	0.0	0.191	0.191
0.145	0.0	0.0	0.051	0.076	0.0	0.0	0.184
0.0	0.0	0.0	0.191	0.0	0.0	0.0	0.191
0.0	0.0	0.0	0.056	0.147	0.0	0.0	0.16
0.0	0.0	0.0	0.0	0.171	0.0	0.0	0.171
0.0	0.0	0.0	0.049	0.148	0.0	0.087	0.196
0.0	0.0	0.0	0.148	0.0	0.0	0.075	0.178
0.0	0.0	0.0	0.171	0.0	0.0	0.0	0.171
0.0	0.0	0.0	0.0	0.0	0.0	0.165	0.165
0.0	0.0	0.0	0.0	0.179	0.0	0.0	0.179
0.0	0.0	0.0	0.0	0.0	0.0	0.169	0.169
0.103	0.0	0.0	0.0	0.0	0.0	0.093	0.151
0.0	0.0	0.0	0.0	0.0	0.0	0.191	0.191
0.0	0.0	0.0	0.183	0.0	0.0	0.0	0.183
0.0	0.0	0.0	0.0	0.187	0.0	0.045	0.19
0.0	0.0	0.0	0.0	0.0	0.0	0.177	0.177
0.0	0.0	0.0	0.0	0.0	0.0	0.154	0.154
0.0	0.0	0.0	0.192	0.0	0.0	0.0	0.192
0.15	0.0	0.0	0.0	0.0	0.0	0.094	0.196
0.0	0.0	0.0	0.0	0.171	0.0	0.0	0.171
0.0	0.0	0.0	0.0	0.0	0.0	0.15	0.15
0.0	0.0	0.0	0.163	0.0	0.0	0.0	0.163
0.0	0.0	0.0	0.132	0.0	0.0	0.073	0.161
0.0	0.0	0.0	0.128	0.0	0.0	0.071	0.155
0.0	0.0	0.0	0.0	0.0	0.0	0.154	0.154
0.0	0.0	0.0	0.091	0.0	0.0	0.146	0.19
0.0	0.0	0.0	0.0	0.0	0.0	0.183	0.183
0.0	0.0	0.0	0.0	0.0	0.0	0.191	0.191
0.134	0.0	0.0	0.078	0.0	0.0	0.0	0.167
0.0	0.0	0.0	0.0	0.0	0.0	0.19	0.19
0.0	0.0	0.0	0.0	0.0	0.0	0.192	0.192
0.0	0.0	0.0	0.109	0.0	0.0	0.095	0.16
0.0	0.0	0.0	0.048	0.159	0.0	0.0	0.165
0.0	0.0	0.0	0.0	0.0	0.0	0.19	0.19
0.0	0.0	0.0	0.143	0.0	0.0	0.09	0.186
0.0	0.0	0.0	0.145	0.072	0.0	0.0	0.172
0.0	0.0	0.0	0.114	0.097	0.0	0.0	0.165
0.0	0.0	0.0	0.042	0.0	0.0	0.18	0.18
0.0	0.0	0.0	0.177	0.0	0.0	0.0	0.177
0.144	0.0	0.0	0.0	0.0	0.0	0.075	0.174
0.0	0.0	0.0	0.046	0.0	0.0	0.184	0.188
0.0	0.0	0.0	0.12	0.0	0.0	0.075	0.151
0.045	0.0	0.0	0.0	0.0	0.0	0.17	0.173
0.0	0.0	0.0	0.0	0.084	0.0	0.114	0.153
0.0	0.0	0.0	0.0	0.194	0.0	0.0	0.194
0.0	0.0	0.0	0.077	0.0	0.0	0.124	0.156
0.0	0.0	0.0	0.053	0.073	0.0	0.145	0.183
0.0	0.0	0.0	0.103	0.0	0.0	0.093	0.151
0.0	0.0	0.0	0.0	0.107	0.0	0.095	0.157
0.161	0.0	0.0	0.0	0.0	0.0	0.0	0.161
0.161	0.0	0.0	0.0	0.0	0.0	0.045	0.164
0.0	0.0	0.0	0.062	0.143	0.0	0.0	0.161
0.0	0.0	0.0	0.0	0.0	0.0	0.196	0.196
0.0	0.0	0.0	0.0	0.0	0.0	0.195	0.195
0.0	0.0	0.0	0.0	0.172	0.0	0.054	0.183
0.0	0.0	0.0	0.085	0.12	0.0	0.046	0.164
0.0	0.0	0.0	0.0	0.0	0.0	0.194	0.194
0.141	0.0	0.0	0.057	0.0	0.0	0.0	0.155
0.0	0.0	0.0	0.079	0.056	0.0	0.118	0.166
0.0	0.0	0.0	0.177	0.0	0.0	0.0	0.177
0.0	0.0	0.0	0.053	0.0	0.0	0.171	0.181
0.155	0.0	0.0	0.057	0.0	0.0	0.0	0.169
0.0	0.0	0.0	0.054	0.07	0.0	0.143	0.18
0.0	0.0	0.0	0.0	0.197	0.0	0.0	0.197
0.0	0.0	0.0	0.0	0.0	0.0	0.193	0.193
0.155	0.0	0.0	0.053	0.0	0.0	0.0	0.165
0.145	0.0	0.0	0.054	0.0	0.0	0.0	0.156
0.0	0.0	0.0	0.053	0.185	0.0	0.0	0.195
0.0	0.0	0.0	0.0	0.177	0.0	0.0	0.177
0.0	0.0	0.0	0.0	0.192	0.0	0.0	0.192
0.136	0.0	0.0	0.049	0.0	0.0	0.091	0.188
0.0	0.0	0.0	0.0	0.0	0.0	0.163	0.163
0.094	0.0	0.0	0.078	0.0	0.0	0.11	0.191
0.0	0.0	0.0	0.049	0.0	0.0	0.164	0.171
0.0	0.0	0.0	0.0	0.0	0.0	0.177	0.177
0.0	0.0	0.0	0.0	0.0	0.0	0.189	0.189
0.147	0.0	0.0	0.057	0.0	0.0	0.0	0.161
0.0	0.0	0.0	0.096	0.044	0.0	0.117	0.17
0.0	0.0	0.0	0.114	0.0	0.0	0.095	0.163
0.094	0.0	0.0	0.057	0.0	0.0	0.095	0.159
0.0	0.0	0.0	0.163	0.0	0.0	0.0	0.163
0.167	0.0	0.0	0.0	0.0	0.0	0.0	0.167
0.045	0.0	0.0	0.052	0.0	0.0	0.156	0.169
0.0	0.0	0.0	0.055	0.101	0.0	0.125	0.191
0.0	0.0	0.0	0.0	0.0	0.0	0.169	0.169
0.171	0.0	0.0	0.0	0.0	0.0	0.0	0.171
0.0	0.0	0.0	0.162	0.0	0.0	0.0	0.162
0.159	0.0	0.0	0.053	0.0	0.0	0.048	0.175
0.0	0.0	0.0	0.175	0.0	0.0	0.0	0.175
0.0	0.0	0.0	0.194	0.0	0.0	0.0	0.194
0.0	0.0	0.0	0.173	0.0	0.0	0.0	0.173
0.049	0.0	0.0	0.057	0.131	0.0	0.092	0.198
0.131	0.0	0.0	0.053	0.0	0.0	0.054	0.153
0.0	0.0	0.0	0.0	0.0	0.0	0.171	0.171
0.0	0.0	0.0	0.0	0.163	0.0	0.0	0.163
0.0	0.0	0.0	0.0	0.179	0.0	0.0	0.179
0.0	0.0	0.0	0.0	0.173	0.0	0.052	0.182
0.078	0.0	0.0	0.123	0.0	0.0	0.0	0.156
0.0	0.0	0.0	0.0	0.193	0.0	0.0	0.193
0.0	0.0	0.0	0.0	0.143	0.0	0.08	0.177
0.05	0.0	0.0	0.116	0.06	0.0	0.052	0.151
0.0	0.0	0.0	0.0	0.199	0.0	0.0	0.199
0.0	0.0	0.0	0.0	0.118	0.0	0.111	0.182
0.0	0.0	0.0	0.171	0.0	0.0	0.0	0.171
0.0	0.0	0.0	0.0	0.177	0.0	0.0	0.177
0.0	0.0	0.0	0.181	0.0	0.0	0.0	0.181
0.0	0.0	0.0	0.0	0.188	0.0	0.0	0.188
0.0	0.0	0.0	0.0	0.0	0.0	0.171	0.171
0.0	0.0	0.0	0.0	0.193	0.0	0.0	0.193
0.0	0.0	0.0	0.043	0.12	0.0	0.092	0.168
0.0	0.0	0.0	0.042	0.159	0.0	0.0	0.159
0.0	0.0	0.0	0.0	0.0	0.0	0.193	0.193
0.0	0.0	0.0	0.0	0.167	0.0	0.0	0.167
0.147	0.0	0.0	0.052	0.0	0.0	0.0	0.156
0.0	0.0	0.0	0.174	0.0	0.0	0.052	0.183
0.0	0.0	0.0	0.146	0.0	0.0	0.094	0.193
0.165	0.0	0.0	0.0	0.0	0.0	0.0	0.165
0.0	0.0	0.0	0.069	0.056	0.0	0.156	0.193
0.0	0.0	0.0	0.113	0.106	0.0	0.0	0.173
0.0	0.0	0.0	0.0	0.116	0.0	0.084	0.155
0.0	0.0	0.0	0.0	0.169	0.0	0.0	0.169
0.0	0.0	0.0	0.046	0.152	0.0	0.0	0.156
0.0	0.0	0.0	0.0	0.0	0.0	0.154	0.154
0.0	0.0	0.0	0.0	0.198	0.0	0.0	0.198
0.0	0.0	0.0	0.0	0.175	0.0	0.0	0.175
0.057	0.0	0.0	0.092	0.113	0.0	0.0	0.174
0.056	0.0	0.0	0.048	0.153	0.0	0.059	0.187
0.0	0.0	0.0	0.0	0.0	0.0	0.17	0.17
0.0	0.0	0.0	0.057	0.0	0.0	0.157	0.171
0.0	0.0	0.0	0.0	0.0	0.0	0.161	0.161
0.0	0.0	0.0	0.0	0.0	0.0	0.194	0.194
0.0	0.0	0.0	0.043	0.066	0.0	0.127	0.151
0.154	0.0	0.0	0.0	0.0	0.0	0.0	0.154
0.0	0.0	0.0	0.0	0.0	0.0	0.193	0.193
0.0	0.0	0.0	0.0	0.0	0.0	0.193	0.193
0.0	0.0	0.0	0.121	0.091	0.0	0.0	0.166
0.0	0.0	0.0	0.0	0.173	0.0	0.0	0.173
0.0	0.0	0.0	0.079	0.0	0.0	0.138	0.172
0.15	0.0	0.0	0.0	0.0	0.0	0.088	0.192
0.0	0.0	0.0	0.0	0.163	0.0	0.0	0.163
0.0	0.0	0.0	0.057	0.128	0.0	0.098	0.194
0.049	0.0	0.0	0.047	0.17	0.0	0.054	0.193
0.0	0.0	0.0	0.0	0.199	0.0	0.0	0.199
0.077	0.0	0.0	0.055	0.0	0.0	0.149	0.192
0.188	0.0	0.0	0.0	0.0	0.0	0.0	0.188
0.14	0.0	0.0	0.047	0.0	0.0	0.067	0.168
0.0	0.0	0.0	0.162	0.068	0.0	0.0	0.185
0.0	0.0	0.0	0.152	0.0	0.0	0.0	0.152
0.0	0.0	0.0	0.093	0.0	0.0	0.109	0.157
0.0	0.0	0.0	0.0	0.0	0.0	0.159	0.159
0.0	0.0	0.0	0.0	0.163	0.0	0.047	0.168
0.0	0.0	0.0	0.0	0.167	0.0	0.0	0.167
0.0	0.0	0.0	0.057	0.111	0.0	0.074	0.155
0.0	0.0	0.0	0.075	0.096	0.0	0.094	0.176
0.0	0.0	0.0	0.053	0.06	0.0	0.132	0.159
0.0	0.0	0.0	0.0	0.0	0.0	0.193	0.193
0.0	0.0	0.0	0.0	0.196	0.0	0.0	0.196
0.0	0.0	0.0	0.0	0.074	0.0	0.133	0.162
0.0	0.0	0.0	0.075	0.12	0.0	0.054	0.162
0.053	0.0	0.0	0.0	0.0	0.0	0.181	0.191
0.0	0.0	0.0	0.044	0.167	0.0	0.0	0.169
0.0	0.0	0.0	0.052	0.0	0.0	0.172	0.181
0.0	0.0	0.0	0.166	0.0	0.0	0.054	0.177
0.0	0.0	0.0	0.053	0.181	0.0	0.0	0.191
0.0	0.0	0.0	0.0	0.0	0.0	0.191	0.191
0.0	0.0	0.0	0.171	0.0	0.0	0.0	0.171
0.0	0.0	0.0	0.0	0.167	0.0	0.0	0.167
0.0	0.0	0.0	0.0	0.196	0.0	0.0	0.196
0.0	0.0	0.0	0.057	0.0	0.0	0.166	0.179
0.0	0.0	0.0	0.095	0.12	0.0	0.054	0.18
0.0	0.0	0.0	0.0	0.109	0.0	0.108	0.171
0.0	0.0	0.0	0.0	0.085	0.0	0.112	0.152
0.0	0.0	0.0	0.0	0.0	0.0	0.179	0.179
0.0	0.0	0.0	0.175	0.0	0.0	0.046	0.179
0.171	0.0	0.0	0.0	0.0	0.0	0.0	0.171
0.151	0.0	0.0	0.0	0.0	0.0	0.0	0.151
0.0	0.0	0.0	0.053	0.154	0.0	0.0	0.164
0.0	0.0	0.0	0.0	0.0	0.0	0.196	0.196
0.0	0.0	0.0	0.0	0.0	0.0	0.177	0.177
0.101	0.0	0.0	0.095	0.0	0.0	0.094	0.198
0.0	0.0	0.0	0.076	0.106	0.0	0.061	0.156
0.0	0.0	0.0	0.095	0.0	0.0	0.123	0.172
0.0	0.0	0.0	0.179	0.0	0.0	0.0	0.179
0.0	0.0	0.0	0.053	0.0	0.0	0.17	0.18
0.0	0.0	0.0	0.173	0.0	0.0	0.0	0.173
0.174	0.0	0.0	0.0	0.0	0.0	0.071	0.2
0.0	0.0	0.0	0.0	0.0	0.0	0.192	0.192
0.116	0.0	0.0	0.0	0.0	0.0	0.1	0.17
0.0	0.0	0.0	0.172	0.0	0.0	0.0	0.172
0.0	0.0	0.0	0.0	0.198	0.0	0.0	0.198
0.0	0.0	0.0	0.096	0.0	0.0	0.122	0.172
0.153	0.0	0.0	0.0	0.06	0.0	0.0	0.169
0.0	0.0	0.0	0.0	0.0	0.0	0.166	0.166
0.0	0.0	0.0	0.0	0.068	0.0	0.147	0.171
0.0	0.0	0.0	0.0	0.0	0.0	0.192	0.192
0.0	0.0	0.0	0.0	0.146	0.0	0.054	0.157
0.157	0.0	0.0	0.0	0.0	0.0	0.045	0.16
0.0	0.0	0.0	0.0	0.0	0.0	0.169	0.169
0.0	0.0	0.0	0.042	0.155	0.0	0.0	0.155
0.0	0.0	0.0	0.047	0.143	0.0	0.046	0.152
0.0	0.0	0.0	0.053	0.15	0.0	0.0	0.16
0.0	0.0	0.0	0.047	0.177	0.0	0.0	0.182
0.0	0.0	0.0	0.0	0.0	0.0	0.156	0.156
0.0	0.0	0.0	0.0	0.0	0.0	0.161	0.161
0.0	0.0	0.0	0.169	0.0	0.0	0.0	0.169
0.0	0.0	0.0	0.175	0.0	0.0	0.0	0.175
0.0	0.0	0.0	0.108	0.0	0.0	0.113	0.174
0.0	0.0	0.0	0.098	0.111	0.0	0.041	0.163
0.0	0.0	0.0	0.0	0.0	0.0	0.195	0.195
0.0	0.0	0.0	0.0	0.0	0.0	0.193	0.193
0.0	0.0	0.0	0.0	0.105	0.0	0.108	0.168
0.0	0.0	0.0	0.0	0.0	0.0	0.169	0.169
0.079	0.0	0.0	0.143	0.0	0.0	0.059	0.192
0.0	0.0	0.0	0.052	0.0	0.0	0.166	0.175
0.138	0.0	0.0	0.0	0.0	0.0	0.076	0.169
0.0	0.0	0.0	0.0	0.195	0.0	0.0	0.195
0.0	0.0	0.0	0.0	0.112	0.0	0.093	0.16
0.146	0.0	0.0	0.051	0.0	0.0	0.0	0.154
0.161	0.0	0.0	0.0	0.0	0.0	0.0	0.161
0.0	0.0	0.0	0.054	0.0	0.0	0.16	0.171
0.0	0.0	0.0	0.0	0.0	0.0	0.193	0.193
0.0	0.0	0.0	0.079	0.0	0.0	0.152	0.185
0.0	0.0	0.0	0.07	0.117	0.0	0.086	0.184
0.0	0.0	0.0	0.05	0.0	0.0	0.169	0.176
0.0	0.0	0.0	0.052	0.0	0.0	0.177	0.186
0.0	0.0	0.0	0.0	0.0	0.0	0.193	0.193
0.0	0.0	0.0	0.076	0.056	0.0	0.145	0.189
0.0	0.0	0.0	0.052	0.117	0.0	0.072	0.156
0.0	0.0	0.0	0.048	0.0	0.0	0.184	0.189
0.051	0.0	0.0	0.078	0.108	0.0	0.046	0.155
0.0	0.0	0.0	0.096	0.135	0.0	0.0	0.184
0.161	0.0	0.0	0.0	0.0	0.0	0.0	0.161
0.154	0.0	0.0	0.053	0.0	0.0	0.0	0.164
0.0	0.0	0.0	0.0	0.0	0.0	0.19	0.19
0.0	0.0	0.0	0.05	0.186	0.0	0.0	0.193
0.0	0.0	0.0	0.0	0.09	0.0	0.112	0.157
0.0	0.0	0.0	0.0	0.0	0.0	0.156	0.156
0.0	0.0	0.0	0.0	0.0	0.0	0.165	0.165
0.069	0.0	0.0	0.057	0.128	0.0	0.0	0.167
0.0	0.0	0.0	0.057	0.182	0.0	0.0	0.195
0.16	0.0	0.0	0.0	0.0	0.0	0.045	0.163
0.154	0.0	0.0	0.0	0.0	0.0	0.0	0.154
0.0	0.0	0.0	0.173	0.0	0.0	0.0	0.173
0.0	0.0	0.0	0.0	0.075	0.0	0.122	0.153
0.0	0.0	0.0	0.0	0.0	0.0	0.187	0.187
0.137	0.0	0.0	0.0	0.0	0.0	0.061	0.154
0.14	0.0	0.0	0.0	0.0	0.0	0.08	0.174
0.0	0.0	0.0	0.082	0.121	0.0	0.048	0.165
0.0	0.0	0.0	0.0	0.0	0.0	0.195	0.195
0.0	0.0	0.0	0.044	0.059	0.0	0.173	0.191
0.0	0.0	0.0	0.133	0.0	0.0	0.096	0.182
0.0	0.0	0.0	0.0	0.091	0.0	0.113	0.159
0.0	0.0	0.0	0.0	0.0	0.0	0.196	0.196
0.0	0.0	0.0	0.0	0.064	0.0	0.161	0.181
0.158	0.0	0.0	0.0	0.0	0.0	0.0	0.158
0.0	0.0	0.0	0.143	0.0	0.0	0.105	0.2
0.15	0.0	0.0	0.044	0.0	0.0	0.066	0.174
0.0	0.0	0.0	0.0	0.17	0.0	0.067	0.192
0.147	0.0	0.0	0.0	0.0	0.0	0.06	0.163
0.0	0.0	0.0	0.0	0.0	0.0	0.165	0.165
0.0	0.0	0.0	0.171	0.0	0.0	0.0	0.171
0.0	0.0	0.0	0.109	0.0	0.0	0.106	0.169
0.0	0.0	0.0	0.0	0.0	0.0	0.159	0.159
0.0	0.0	0.0	0.079	0.0	0.0	0.136	0.17
0.0	0.0	0.0	0.0	0.195	0.0	0.0	0.195
0.146	0.0	0.0	0.057	0.0	0.0	0.0	0.16
0.0	0.0	0.0	0.077	0.07	0.0	0.094	0.154
0.0	0.0	0.0	0.107	0.088	0.0	0.045	0.155
0.185	0.0	0.0	0.0	0.0	0.0	0.0	0.185
0.0	0.0	0.0	0.189	0.0	0.0	0.046	0.193
0.0	0.0	0.0	0.057	0.0	0.0	0.178	0.191
0.0	0.0	0.0	0.0	0.198	0.0	0.0	0.198
0.0	0.0	0.0	0.046	0.109	0.0	0.129	0.195
0.0	0.0	0.0	0.054	0.141	0.0	0.054	0.164
0.0	0.0	0.0	0.0	0.0	0.0	0.196	0.196
0.0	0.0	0.0	0.0	0.0	0.0	0.171	0.171
0.0	0.0	0.0	0.053	0.143	0.0	0.0	0.153
0.0	0.0	0.0	0.183	0.0	0.0	0.0	0.183
0.0	0.0	0.0	0.0	0.137	0.0	0.083	0.174
0.0	0.0	0.0	0.062	0.0	0.0	0.167	0.186
0.0	0.0	0.0	0.156	0.0	0.0	0.0	0.156
0.0	0.0	0.0	0.0	0.0	0.0	0.196	0.196
0.0	0.0	0.0	0.0	0.056	0.0	0.16	0.173
0.0	0.0	0.0	0.0	0.0	0.0	0.191	0.191
0.134	0.0	0.0	0.0	0.0	0.0	0.067	0.157
0.0	0.0	0.0	0.181	0.0	0.0	0.0	0.181
0.149	0.0	0.0	0.044	0.0	0.0	0.0	0.151
0.0	0.0	0.0	0.0	0.0	0.0	0.15	0.15
0.0	0.0	0.0	0.114	0.0	0.0	0.108	0.175
0.0	0.0	0.0	0.156	0.0	0.0	0.0	0.156
0.0	0.0	0.0	0.0	0.0	0.0	0.191	0.191
0.155	0.0	0.0	0.0	0.0	0.0	0.0	0.155
0.0	0.0	0.0	0.109	0.0	0.0	0.112	0.175
0.0	0.0	0.0	0.167	0.0	0.0	0.0	0.167
0.0	0.0	0.0	0.194	0.0	0.0	0.0	0.194
0.0	0.0	0.0	0.141	0.0	0.0	0.056	0.155
0.0	0.0	0.0	0.192	0.0	0.0	0.0	0.192
0.0	0.0	0.0	0.0	0.0	0.0	0.159	0.159
0.0	0.0	0.0	0.047	0.181	0.0	0.0	0.186
0.0	0.0	0.0	0.158	0.0	0.0	0.0	0.158
0.0	0.0	0.0	0.171	0.0	0.0	0.0	0.171
0.0	0.0	0.0	0.0	0.0	0.0	0.193	0.193
0.0	0.0	0.0	0.177	0.0	0.0	0.0	0.177
0.0	0.0	0.0	0.191	0.0	0.0	0.0	0.191
0.0	0.0	0.0	0.0	0.072	0.0	0.132	0.16
0.0	0.0	0.0	0.047	0.0	0.0	0.157	0.162
0.072	0.0	0.0	0.0	0.0	0.0	0.131	0.159
0.049	0.0	0.0	0.086	0.098	0.0	0.053	0.158
0.0	0.0	0.0	0.0	0.196	0.0	0.0	0.196
0.0	0.0	0.0	0.0	0.0	0.0	0.161	0.161
0.121	0.0	0.0	0.0	0.0	0.0	0.123	0.196
0.0	0.0	0.0	0.179	0.0	0.0	0.0	0.179
0.0	0.0	0.0	0.05	0.0	0.0	0.193	0.2
0.0	0.0	0.0	0.044	0.076	0.0	0.128	0.162
0.0	0.0	0.0	0.0	0.06	0.0	0.168	0.184
0.0	0.0	0.0	0.185	0.0	0.0	0.0	0.185
0.0	0.0	0.0	0.16	0.0	0.0	0.0	0.16
0.0	0.0	0.0	0.096	0.075	0.0	0.11	0.19
0.167	0.0	0.0	0.0	0.0	0.0	0.0	0.167
0.0	0.0	0.0	0.0	0.197	0.0	0.0	0.197
0.0	0.0	0.0	0.0	0.0	0.0	0.161	0.161
0.0	0.0	0.0	0.0	0.0	0.0	0.151	0.151
0.0	0.0	0.0	0.0	0.0	0.0	0.194	0.194
0.0	0.0	0.0	0.0	0.161	0.0	0.0	0.161
0.0	0.0	0.0	0.095	0.078	0.0	0.067	0.153
0.0	0.0	0.0	0.119	0.0	0.0	0.092	0.166
0.0	0.0	0.0	0.136	0.0	0.0	0.073	0.164
0.0	0.0	0.0	0.178	0.0	0.0	0.0	0.178
0.0	0.0	0.0	0.042	0.079	0.0	0.158	0.192
0.0	0.0	0.0	0.053	0.143	0.0	0.0	0.153
0.0	0.0	0.0	0.199	0.0	0.0	0.0	0.199
0.0	0.0	0.0	0.0	0.171	0.0	0.0	0.171
0.0	0.0	0.0	0.054	0.183	0.0	0.0	0.194
0.0	0.0	0.0	0.0	0.198	0.0	0.0	0.198
0.0	0.0	0.0	0.143	0.0	0.0	0.062	0.161
0.0	0.0	0.0	0.0	0.0	0.0	0.163	0.163
0.0	0.0	0.0	0.116	0.0	0.0	0.093	0.163
0.154	0.0	0.0	0.057	0.0	0.0	0.074	0.196
0.102	0.0	0.0	0.0	0.0	0.0	0.094	0.151
0.0	0.0	0.0	0.095	0.055	0.0	0.116	0.178
0.0	0.0	0.0	0.0	0.0	0.0	0.193	0.193
0.0	0.0	0.0	0.056	0.106	0.0	0.115	0.187
0.0	0.0	0.0	0.115	0.093	0.0	0.0	0.162
0.0	0.0	0.0	0.067	0.0	0.0	0.161	0.183
0.0	0.0	0.0	0.0	0.179	0.0	0.0	0.179
0.0	0.0	0.0	0.095	0.0	0.0	0.118	0.167
0.0	0.0	0.0	0.0	0.138	0.0	0.061	0.156
0.0	0.0	0.0	0.0	0.0	0.0	0.16	0.16
0.15	0.0	0.0	0.0	0.0	0.0	0.06	0.166
0.0	0.0	0.0	0.0	0.176	0.0	0.047	0.181
0.0	0.0	0.0	0.0	0.143	0.0	0.092	0.188
0.0	0.0	0.0	0.171	0.0	0.0	0.0	0.171
0.0	0.0	0.0	0.0	0.0	0.0	0.192	0.192
0.0	0.0	0.0	0.0	0.0	0.0	0.195	0.195
0.0	0.0	0.0	0.0	0.0	0.0	0.161	0.161
0.0	0.0	0.0	0.0	0.0	0.0	0.173	0.173
0.0	0.0	0.0	0.042	0.075	0.0	0.131	0.163
0.0	0.0	0.0	0.057	0.0	0.0	0.171	0.184
0.0	0.0	0.0	0.0	0.099	0.0	0.096	0.15
0.0	0.0	0.0	0.0	0.137	0.0	0.112	0.2
0.0	0.0	0.0	0.042	0.164	0.0	0.047	0.17
0.0	0.0	0.0	0.171	0.0	0.0	0.0	0.171
0.0	0.0	0.0	0.19	0.0	0.0	0.0	0.19
0.0	0.0	0.0	0.148	0.0	0.0	0.045	0.151
0.0	0.0	0.0	0.0	0.0	0.0	0.177	0.177
0.0	0.0	0.0	0.046	0.163	0.0	0.0	0.167
0.0	0.0	0.0	0.0	0.0	0.0	0.159	0.159
0.0	0.0	0.0	0.0	0.0	0.0	0.15	0.15
0.0	0.0	0.0	0.068	0.0	0.0	0.134	0.158
0.0	0.0	0.0	0.0	0.0	0.0	0.192	0.192
0.0	0.0	0.0	0.0	0.0	0.0	0.172	0.172
0.0	0.0	0.0	0.199	0.0	0.0	0.0	0.199
0.0	0.0	0.0	0.116	0.102	0.0	0.0	0.172
0.0	0.0	0.0	0.185	0.0	0.0	0.0	0.185
0.16	0.0	0.0	0.055	0.0	0.0	0.0	0.172
0.0	0.0	0.0	0.183	0.0	0.0	0.0	0.183
0.0	0.0	0.0	0.0	0.0	0.0	0.15	0.15
0.0	0.0	0.0	0.0	0.175	0.0	0.045	0.178
0.153	0.0	0.0	0.0	0.0	0.0	0.0	0.153
0.0	0.0	0.0	0.095	0.111	0.0	0.0	0.161
0.0	0.0	0.0	0.0	0.0	0.0	0.193	0.193
0.0	0.0	0.0	0.153	0.0	0.0	0.0	0.153
0.0	0.0	0.0	0.0	0.165	0.0	0.0	0.165
0.076	0.0	0.0	0.095	0.0	0.0	0.094	0.176
0.0	0.0	0.0	0.0	0.0	0.0	0.2	0.2
0.0	0.0	0.0	0.0	0.082	0.0	0.12	0.157
0.0	0.0	0.0	0.0	0.0	0.0	0.183	0.183
0.0	0.0	0.0	0.045	0.0	0.0	0.169	0.172
0.0	0.0	0.0	0.056	0.186	0.0	0.0	0.198
0.0	0.0	0.0	0.094	0.0	0.0	0.102	0.152
0.155	0.0	0.0	0.0	0.0	0.0	0.066	0.177
0.0	0.0	0.0	0.0	0.161	0.0	0.0	0.161
0.0	0.0	0.0	0.0	0.192	0.0	0.0	0.192
0.0	0.0	0.0	0.054	0.0	0.0	0.141	0.152
0.0	0.0	0.0	0.0	0.0	0.0	0.195	0.195
0.0	0.0	0.0	0.096	0.0	0.0	0.124	0.174
0.0	0.0	0.0	0.0	0.0	0.0	0.171	0.171
0.0	0.0	0.0	0.0	0.113	0.0	0.109	0.176
0.0	0.0	0.0	0.086	0.081	0.0	0.096	0.174
0.183	0.0	0.0	0.0	0.0	0.0	0.0	0.183
0.15	0.0	0.0	0.056	0.0	0.0	0.0	0.163
0.0	0.0	0.0	0.198	0.0	0.0	0.0	0.198
0.0	0.0	0.0	0.142	0.0	0.0	0.06	0.158
0.0	0.0	0.0	0.0	0.12	0.0	0.095	0.169
0.139	0.0	0.0	0.0	0.0	0.0	0.06	0.156
0.173	0.0	0.0	0.057	0.0	0.0	0.0	0.186
0.0	0.0	0.0	0.116	0.0	0.0	0.125	0.193
0.0	0.0	0.0	0.049	0.143	0.0	0.0	0.15
0.0	0.0	0.0	0.0	0.0	0.0	0.192	0.192
0.171	0.0	0.0	0.0	0.0	0.0	0.0	0.171
0.0	0.0	0.0	0.054	0.0	0.0	0.175	0.186
0.0	0.0	0.0	0.191	0.0	0.0	0.0	0.191
0.0	0.0	0.0	0.0	0.19	0.0	0.0	0.19
0.0	0.0	0.0	0.0	0.0	0.0	0.15	0.15
0.0	0.0	0.0	0.0	0.0	0.0	0.193	0.193
0.0	0.0	0.0	0.0	0.183	0.0	0.0	0.183
0.0	0.0	0.0	0.056	0.0	0.0	0.185	0.197
0.167	0.0	0.0	0.0	0.0	0.0	0.0	0.167
0.171	0.0	0.0	0.0	0.06	0.0	0.0	0.187
0.0	0.0	0.0	0.12	0.063	0.0	0.077	0.172
0.0	0.0	0.0	0.054	0.0	0.0	0.152	0.163
0.0	0.0	0.0	0.0	0.0	0.0	0.189	0.189
0.0	0.0	0.0	0.0	0.179	0.0	0.0	0.179
0.162	0.0	0.0	0.0	0.0	0.0	0.046	0.166
0.0	0.0	0.0	0.0	0.103	0.0	0.094	0.152
0.0	0.0	0.0	0.0	0.0	0.0	0.159	0.159
0.0	0.0	0.0	0.0	0.061	0.0	0.163	0.181
0.0	0.0	0.0	0.0	0.0	0.0	0.173	0.173
0.157	0.0	0.0	0.0	0.0	0.0	0.0	0.157
0.0	0.0	0.0	0.133	0.059	0.0	0.046	0.154
0.0	0.0	0.0	0.141	0.057	0.0	0.045	0.158
0.0	0.0	0.0	0.143	0.06	0.0	0.049	0.166
0.128	0.0	0.0	0.085	0.0	0.0	0.054	0.179
0.0	0.0	0.0	0.094	0.0	0.0	0.135	0.182
0.0	0.0	0.0	0.0	0.0	0.0	0.191	0.191
0.0	0.0	0.0	0.0	0.197	0.0	0.0	0.197
0.0	0.0	0.0	0.057	0.143	0.0	0.0	0.157
0.0	0.0	0.0	0.047	0.191	0.0	0.0	0.196
0.0	0.0	0.0	0.057	0.0	0.0	0.166	0.179
0.0	0.0	0.0	0.0	0.0	0.0	0.184	0.184
0.0	0.0	0.0	0.0	0.0	0.0	0.192	0.192
0.107	0.0	0.0	0.0	0.0	0.0	0.108	0.169
0.0	0.0	0.0	0.118	0.059	0.0	0.061	0.152
0.0	0.0	0.0	0.046	0.094	0.0	0.12	0.172
0.0	0.0	0.0	0.042	0.177	0.0	0.0	0.177
0.0	0.0	0.0	0.056	0.0	0.0	0.184	0.196
0.0	0.0	0.0	0.156	0.0	0.0	0.0	0.156
0.0	0.0	0.0	0.0	0.197	0.0	0.0	0.197
0.094	0.0	0.0	0.053	0.0	0.0	0.092	0.152
0.19	0.0	0.0	0.0	0.0	0.0	0.0	0.19
0.0	0.0	0.0	0.05	0.0	0.0	0.192	0.199
0.0	0.0	0.0	0.0	0.0	0.0	0.15	0.15
0.0	0.0	0.0	0.173	0.0	0.0	0.0	0.173
0.0	0.0	0.0	0.053	0.0	0.0	0.143	0.154
0.0	0.0	0.0	0.05	0.181	0.0	0.05	0.196
0.0	0.0	0.0	0.127	0.12	0.0	0.0	0.199
0.0	0.0	0.0	0.053	0.151	0.0	0.075	0.191
0.0	0.0	0.0	0.18	0.0	0.0	0.0	0.18
0.0	0.0	0.0	0.0	0.0	0.0	0.195	0.195
0.0	0.0	0.0	0.157	0.0	0.0	0.0	0.157
0.0	0.0	0.0	0.0	0.165	0.0	0.057	0.178
0.159	0.0	0.0	0.0	0.0	0.0	0.066	0.18
0.0	0.0	0.0	0.0	0.0	0.0	0.19	0.19
0.0	0.0	0.0	0.096	0.112	0.0	0.047	0.168
0.134	0.0	0.0	0.0	0.0	0.0	0.06	0.151
0.0	0.0	0.0	0.0	0.128	0.0	0.099	0.181
0.0	0.0	0.0	0.078	0.0	0.0	0.166	0.198
0.0	0.0	0.0	0.143	0.0	0.0	0.081	0.178
0.0	0.0	0.0	0.053	0.165	0.0	0.058	0.19
0.147	0.0	0.0	0.046	0.0	0.0	0.0	0.151
0.0	0.0	0.0	0.057	0.091	0.0	0.118	0.177
0.0	0.0	0.0	0.0	0.0	0.0	0.187	0.187
0.0	0.0	0.0	0.056	0.12	0.0	0.102	0.189
0.136	0.0	0.0	0.052	0.0	0.0	0.047	0.151
0.0	0.0	0.0	0.077	0.12	0.0	0.044	0.155
0.0	0.0	0.0	0.096	0.0	0.0	0.132	0.181
0.155	0.0	0.0	0.057	0.0	0.0	0.0	0.169
0.0	0.0	0.0	0.177	0.0	0.0	0.0	0.177
0.0	0.0	0.0	0.076	0.0	0.0	0.14	0.171
0.0	0.0	0.0	0.0	0.0	0.0	0.171	0.171
0.0	0.0	0.0	0.0	0.0	0.0	0.181	0.181
0.0	0.0	0.0	0.0	0.0	0.0	0.176	0.176
0.0	0.0	0.0	0.146	0.0	0.0	0.081	0.181
0.0	0.0	0.0	0.0	0.104	0.0	0.12	0.177
0.0	0.0	0.0	0.173	0.0	0.0	0.0	0.173
0.0	0.0	0.0	0.043	0.074	0.0	0.13	0.162
0.0	0.0	0.0	0.113	0.0	0.0	0.092	0.16
0.0	0.0	0.0	0.173	0.0	0.0	0.045	0.176
0.0	0.0	0.0	0.0	0.0	0.0	0.195	0.195
0.0	0.0	0.0	0.0	0.188	0.0	0.0	0.188
0.0	0.0	0.0	0.114	0.0	0.0	0.095	0.163
0.0	0.0	0.0	0.173	0.057	0.0	0.0	0.186
0.0	0.0	0.0	0.078	0.0	0.0	0.131	0.165
0.052	0.0	0.0	0.141	0.0	0.0	0.066	0.172
0.0	0.0	0.0	0.043	0.153	0.0	0.047	0.16
0.0	0.0	0.0	0.0	0.197	0.0	0.0	0.197
0.191	0.0	0.0	0.05	0.0	0.0	0.0	0.198
0.0	0.0	0.0	0.095	0.0	0.0	0.127	0.176
0.139	0.0	0.0	0.0	0.0	0.0	0.082	0.175
0.0	0.0	0.0	0.0	0.198	0.0	0.0	0.198
0.0	0.0	0.0	0.0	0.115	0.0	0.111	0.179
0.0	0.0	0.0	0.195	0.0	0.0	0.0	0.195
0.0	0.0	0.0	0.0	0.196	0.0	0.0	0.196
0.0	0.0	0.0	0.119	0.072	0.0	0.093	0.194
0.0	0.0	0.0	0.196	0.0	0.0	0.0	0.196
0.0	0.0	0.0	0.0	0.0	0.0	0.196	0.196
0.0	0.0	0.0	0.0	0.122	0.0	0.108	0.184
0.0	0.0	0.0	0.053	0.0	0.0	0.19	0.2
0.0	0.0	0.0	0.152	0.0	0.0	0.0	0.152
0.0	0.0	0.0	0.067	0.058	0.0	0.152	0.189
0.0	0.0	0.0	0.168	0.0	0.0	0.053	0.178
0.0	0.0	0.0	0.057	0.12	0.0	0.06	0.151
0.0	0.0	0.0	0.045	0.13	0.0	0.09	0.177
0.0	0.0	0.0	0.0	0.193	0.0	0.0	0.193
0.0	0.0	0.0	0.182	0.0	0.0	0.0	0.182
0.0	0.0	0.0	0.097	0.0	0.0	0.098	0.15
0.0	0.0	0.0	0.047	0.158	0.0	0.07	0.189
0.0	0.0	0.0	0.053	0.0	0.0	0.174	0.184
0.0	0.0	0.0	0.0	0.103	0.0	0.111	0.168
0.0	0.0	0.0	0.095	0.0	0.0	0.141	0.19
0.0	0.0	0.0	0.0	0.0	0.0	0.166	0.166
0.0	0.0	0.0	0.0	0.194	0.0	0.0	0.194
0.0	0.0	0.0	0.075	0.143	0.0	0.0	0.173
0.173	0.0	0.0	0.049	0.0	0.0	0.054	0.191
0.0	0.0	0.0	0.042	0.059	0.0	0.15	0.167
0.0	0.0	0.0	0.053	0.076	0.0	0.139	0.181
0.0	0.0	0.0	0.0	0.192	0.0	0.0	0.192
0.0	0.0	0.0	0.046	0.0	0.0	0.154	0.158
0.148	0.0	0.0	0.0	0.0	0.0	0.095	0.195
0.0	0.0	0.0	0.173	0.0	0.0	0.0	0.173
0.0	0.0	0.0	0.0	0.12	0.0	0.108	0.181
0.0	0.0	0.0	0.198	0.0	0.0	0.0	0.198
0.0	0.0	0.0	0.062	0.16	0.0	0.0	0.178
0.0	0.0	0.0	0.0	0.042	0.0	0.17	0.17
0.134	0.0	0.0	0.0	0.0	0.0	0.061	0.152
0.0	0.0	0.0	0.0	0.119	0.0	0.086	0.16
0.0	0.0	0.0	0.0	0.183	0.0	0.0	0.183
0.0	0.0	0.0	0.0	0.056	0.0	0.162	0.175
0.154	0.0	0.0	0.0	0.0	0.0	0.0	0.154
0.0	0.0	0.0	0.116	0.0	0.0	0.123	0.191
0.0	0.0	0.0	0.175	0.0	0.0	0.0	0.175
0.0	0.0	0.0	0.115	0.08	0.0	0.0	0.15
0.0	0.0	0.0	0.0	0.0	0.0	0.194	0.194
0.0	0.0	0.0	0.0	0.0	0.0	0.183	0.183
0.0	0.0	0.0	0.0	0.184	0.0	0.054	0.195
0.0	0.0	0.0	0.116	0.0	0.0	0.117	0.186
0.0	0.0	0.0	0.0	0.173	0.0	0.0	0.173
0.0	0.0	0.0	0.05	0.076	0.0	0.129	0.168
0.0	0.0	0.0	0.045	0.0	0.0	0.18	0.183
0.0	0.0	0.0	0.127	0.071	0.0	0.045	0.158
0.0	0.0	0.0	0.079	0.12	0.0	0.058	0.169
0.0	0.0	0.0	0.177	0.0	0.0	0.0	0.177
0.0	0.0	0.0	0.0	0.0	0.0	0.151	0.151
0.179	0.0	0.0	0.0	0.0	0.0	0.0	0.179
0.0	0.0	0.0	0.062	0.0	0.0	0.183	0.2
0.0	0.0	0.0	0.046	0.12	0.0	0.11	0.187
0.0	0.0	0.0	0.0	0.0	0.0	0.163	0.163
0.0	0.0	0.0	0.0	0.184	0.0	0.054	0.195
0.0	0.0	0.0	0.0	0.042	0.0	0.152	0.153
0.0	0.0	0.0	0.048	0.0	0.0	0.155	0.161
0.0	0.0	0.0	0.0	0.198	0.0	0.0	0.198
0.0	0.0	0.0	0.057	0.068	0.0	0.125	0.164
0.0	0.0	0.0	0.0	0.0	0.0	0.194	0.194
0.0	0.0	0.0	0.045	0.0	0.0	0.195	0.198
0.0	0.0	0.0	0.0	0.186	0.0	0.0	0.186
0.0	0.0	0.0	0.0	0.0	0.0	0.168	0.168
0.146	0.0	0.0	0.046	0.0	0.0	0.091	0.194
0.0	0.0	0.0	0.056	0.0	0.0	0.137	0.15
0.0	0.0	0.0	0.0	0.0	0.0	0.168	0.168
0.0	0.0	0.0	0.047	0.167	0.0	0.06	0.188
0.158	0.0	0.0	0.0	0.0	0.0	0.0	0.158
0.0	0.0	0.0	0.095	0.0	0.0	0.109	0.159
0.0	0.0	0.0	0.0	0.0	0.0	0.169	0.169
0.0	0.0	0.0	0.0	0.12	0.0	0.074	0.15
0.0	0.0	0.0	0.057	0.0	0.0	0.179	0.192
0.161	0.0	0.0	0.0	0.0	0.0	0.0	0.161
0.191	0.0	0.0	0.0	0.0	0.0	0.0	0.191
0.0	0.0	0.0	0.0	0.109	0.0	0.109	0.172
0.149	0.0	0.0	0.057	0.0	0.0	0.054	0.174
0.0	0.0	0.0	0.0	0.0	0.0	0.192	0.192
0.0	0.0	0.0	0.054	0.056	0.0	0.154	0.178
0.0	0.0	0.0	0.0	0.0	0.0	0.16	0.16
0.0	0.0	0.0	0.0	0.0	0.0	0.195	0.195
0.0	0.0	0.0	0.0	0.0	0.0	0.183	0.183
0.0	0.0	0.0	0.0	0.198	0.0	0.0	0.198
0.0	0.0	0.0	0.161	0.0	0.0	0.0	0.161
0.0	0.0	0.0	0.171	0.0	0.0	0.0	0.171
0.0	0.0	0.0	0.0	0.0	0.0	0.197	0.197
0.0	0.0	0.0	0.103	0.0	0.0	0.121	0.177
0.0	0.0	0.0	0.158	0.0	0.0	0.0	0.158
0.0	0.0	0.0	0.099	0.113	0.0	0.0	0.166
0.0	0.0	0.0	0.078	0.068	0.0	0.092	0.151
0.0	0.0	0.0	0.0	0.179	0.0	0.0	0.179
0.0	0.0	0.0	0.099	0.103	0.0	0.062	0.175
0.0	0.0	0.0	0.0	0.196	0.0	0.0	0.196
0.0	0.0	0.0	0.0	0.12	0.0	0.086	0.161
0.0	0.0	0.0	0.0	0.131	0.0	0.066	0.153
0.0	0.0	0.0	0.144	0.0	0.0	0.07	0.17
0.0	0.0	0.0	0.15	0.0	0.0	0.0	0.15
0.0	0.0	0.0	0.0	0.0	0.0	0.194	0.194
0.0	0.0	0.0	0.166	0.0	0.0	0.0	0.166
0.0	0.0	0.0	0.173	0.0	0.0	0.058	0.187
0.0	0.0	0.0	0.0	0.197	0.0	0.0	0.197
0.0	0.0	0.0	0.043	0.109	0.0	0.137	0.199
0.157	0.0	0.0	0.0	0.0	0.0	0.0	0.157
0.0	0.0	0.0	0.0	0.0	0.0	0.197	0.197
0.0	0.0	0.0	0.0	0.0	0.0	0.185	0.185
0.0	0.0	0.0	0.0	0.0	0.0	0.193	0.193
0.0	0.0	0.0	0.053	0.12	0.0	0.082	0.168
0.0	0.0	0.0	0.164	0.0	0.0	0.0	0.164
0.0	0.0	0.0	0.0	0.0	0.0	0.169	0.169
0.0	0.0	0.0	0.0	0.175	0.0	0.043	0.176
0.141	0.0	0.0	0.053	0.0	0.0	0.0	0.151
0.0	0.0	0.0	0.048	0.147	0.0	0.089	0.195
0.0	0.0	0.0	0.0	0.0	0.0	0.171	0.171
0.0	0.0	0.0	0.178	0.0	0.0	0.043	0.179
0.0	0.0	0.0	0.075	0.0	0.0	0.135	0.166
0.0	0.0	0.0	0.086	0.12	0.0	0.043	0.163
0.0	0.0	0.0	0.161	0.0	0.0	0.0	0.161
0.0	0.0	0.0	0.095	0.103	0.0	0.0	0.153
0.0	0.0	0.0	0.053	0.0	0.0	0.153	0.163
0.0	0.0	0.0	0.0	0.0	0.0	0.193	0.193
0.0	0.0	0.0	0.054	0.059	0.0	0.142	0.169
0.0	0.0	0.0	0.053	0.0	0.0	0.174	0.185
0.0	0.0	0.0	0.05	0.0	0.0	0.159	0.166
0.142	0.0	0.0	0.048	0.0	0.0	0.069	0.173
0.0	0.0	0.0	0.0	0.0	0.0	0.188	0.188
0.0	0.0	0.0	0.157	0.0	0.0	0.0	0.157
0.0	0.0	0.0	0.156	0.0	0.0	0.0	0.156
0.0	0.0	0.0	0.0	0.143	0.0	0.08	0.177
0.0	0.0	0.0	0.148	0.0	0.0	0.045	0.152
0.0	0.0	0.0	0.053	0.165	0.0	0.06	0.191
0.0	0.0	0.0	0.057	0.0	0.0	0.15	0.165
0.0	0.0	0.0	0.0	0.167	0.0	0.0	0.167
0.0	0.0	0.0	0.0	0.0	0.0	0.192	0.192
0.138	0.0	0.0	0.052	0.0	0.0	0.045	0.151
0.0	0.0	0.0	0.051	0.154	0.0	0.0	0.162
0.0	0.0	0.0	0.042	0.0	0.0	0.181	0.182
0.076	0.0	0.0	0.0	0.0	0.0	0.156	0.187
0.0	0.0	0.0	0.053	0.18	0.0	0.045	0.193
0.0	0.0	0.0	0.046	0.0	0.0	0.194	0.198
0.0	0.0	0.0	0.171	0.0	0.0	0.0	0.171
0.0	0.0	0.0	0.194	0.0	0.0	0.0	0.194
0.0	0.0	0.0	0.0	0.152	0.0	0.046	0.157
0.191	0.0	0.0	0.0	0.0	0.0	0.0	0.191
0.0	0.0	0.0	0.046	0.0	0.0	0.18	0.184
0.0	0.0	0.0	0.0	0.0	0.0	0.174	0.174
0.0	0.0	0.0	0.0	0.0	0.0	0.157	0.157
0.147	0.0	0.0	0.085	0.0	0.0	0.0	0.186
0.0	0.0	0.0	0.056	0.088	0.0	0.117	0.173
0.0	0.0	0.0	0.067	0.07	0.0	0.133	0.182
0.0	0.0	0.0	0.095	0.103	0.0	0.0	0.153
0.0	0.0	0.0	0.0	0.103	0.0	0.098	0.156
0.0	0.0	0.0	0.101	0.059	0.0	0.08	0.153
0.0	0.0	0.0	0.119	0.0	0.0	0.093	0.166
0.177	0.0	0.0	0.0	0.0	0.0	0.0	0.177
0.0	0.0	0.0	0.0	0.0	0.0	0.191	0.191
0.0	0.0	0.0	0.056	0.154	0.0	0.045	0.17
0.0	0.0	0.0	0.0	0.085	0.0	0.113	0.153
0.134	0.0	0.0	0.092	0.0	0.0	0.057	0.193
0.044	0.0	0.0	0.153	0.0	0.0	0.0	0.156
0.0	0.0	0.0	0.0	0.0	0.0	0.167	0.167
0.173	0.0	0.0	0.05	0.0	0.0	0.0	0.18
0.0	0.0	0.0	0.045	0.12	0.0	0.08	0.159
0.0	0.0	0.0	0.0	0.15	0.0	0.074	0.179
0.0	0.0	0.0	0.043	0.16	0.0	0.0	0.161
0.143	0.0	0.0	0.0	0.0	0.0	0.054	0.154
0.144	0.0	0.0	0.07	0.0	0.0	0.066	0.191
0.0	0.0	0.0	0.155	0.0	0.0	0.0	0.155
0.0	0.0	0.0	0.172	0.0	0.0	0.0	0.172
0.066	0.0	0.0	0.056	0.0	0.0	0.12	0.156
0.0	0.0	0.0	0.047	0.047	0.0	0.188	0.198
0.0	0.0	0.0	0.056	0.06	0.0	0.15	0.179
0.0	0.0	0.0	0.185	0.0	0.0	0.0	0.185
0.0	0.0	0.0	0.173	0.0	0.0	0.0	0.173
0.0	0.0	0.0	0.143	0.093	0.0	0.0	0.189
0.0	0.0	0.0	0.146	0.0	0.0	0.054	0.157
0.0	0.0	0.0	0.0	0.157	0.0	0.067	0.179
0.17	0.0	0.0	0.054	0.0	0.0	0.046	0.185
0.144	0.0	0.0	0.075	0.0	0.0	0.0	0.174
0.0	0.0	0.0	0.133	0.092	0.0	0.045	0.182
0.0	0.0	0.0	0.049	0.185	0.0	0.0	0.191
0.146	0.0	0.0	0.0	0.057	0.0	0.0	0.16
0.0	0.0	0.0	0.173	0.0	0.0	0.0	0.173
0.0	0.0	0.0	0.057	0.16	0.0	0.0	0.174
0.113	0.0	0.0	0.0	0.0	0.0	0.13	0.195
0.0	0.0	0.0	0.116	0.117	0.0	0.0	0.186
0.153	0.0	0.0	0.0	0.0	0.0	0.0	0.153
0.0	0.0	0.0	0.0	0.174	0.0	0.045	0.177
0.0	0.0	0.0	0.099	0.12	0.0	0.0	0.173
0.163	0.0	0.0	0.052	0.0	0.0	0.0	0.172
0.0	0.0	0.0	0.045	0.0	0.0	0.191	0.194
0.0	0.0	0.0	0.056	0.0	0.0	0.138	0.151
0.0	0.0	0.0	0.056	0.15	0.0	0.0	0.163
0.0	0.0	0.0	0.0	0.0	0.0	0.19	0.19
0.0	0.0	0.0	0.044	0.109	0.0	0.084	0.151
0.0	0.0	0.0	0.05	0.0	0.0	0.161	0.169
0.0	0.0	0.0	0.0	0.062	0.0	0.169	0.187
0.154	0.0	0.0	0.045	0.0	0.0	0.0	0.157
0.0	0.0	0.0	0.045	0.13	0.0	0.09	0.177
0.0	0.0	0.0	0.057	0.076	0.0	0.112	0.158
0.0	0.0	0.0	0.0	0.0	0.0	0.167	0.167
0.0	0.0	0.0	0.0	0.0	0.0	0.195	0.195
0.0	0.0	0.0	0.0	0.147	0.0	0.058	0.162
0.0	0.0	0.0	0.077	0.056	0.0	0.114	0.16
0.137	0.0	0.0	0.057	0.0	0.0	0.0	0.151
0.0	0.0	0.0	0.0	0.0	0.0	0.167	0.167
0.0	0.0	0.0	0.042	0.069	0.0	0.166	0.191
0.0	0.0	0.0	0.054	0.0	0.0	0.164	0.175
0.0	0.0	0.0	0.157	0.0	0.0	0.0	0.157
0.0	0.0	0.0	0.049	0.06	0.0	0.131	0.155
0.0	0.0	0.0	0.173	0.0	0.0	0.0	0.173
0.103	0.0	0.0	0.056	0.0	0.0	0.088	0.16
0.0	0.0	0.0	0.0	0.196	0.0	0.0	0.196
0.0	0.0	0.0	0.056	0.0	0.0	0.141	0.155
0.141	0.0	0.0	0.053	0.0	0.0	0.06	0.168
0.0	0.0	0.0	0.055	0.07	0.0	0.163	0.2
0.0	0.0	0.0	0.0	0.0	0.0	0.194	0.194
0.0	0.0	0.0	0.0	0.0	0.0	0.191	0.191
0.147	0.0	0.0	0.062	0.0	0.0	0.0	0.165
0.0	0.0	0.0	0.118	0.0	0.0	0.112	0.183
0.0	0.0	0.0	0.049	0.148	0.0	0.08	0.189
0.0	0.0	0.0	0.104	0.097	0.0	0.045	0.159
0.165	0.0	0.0	0.0	0.0	0.0	0.0	0.165
0.167	0.0	0.0	0.0	0.0	0.0	0.0	0.167
0.129	0.0	0.0	0.0	0.0	0.0	0.079	0.163
0.114	0.0	0.0	0.0	0.0	0.0	0.092	0.161
0.0	0.0	0.0	0.052	0.16	0.0	0.0	0.169
0.0	0.0	0.0	0.0	0.158	0.0	0.0	0.158
0.0	0.0	0.0	0.0	0.0	0.0	0.171	0.171
0.155	0.0	0.0	0.042	0.0	0.0	0.0	0.155
0.0	0.0	0.0	0.0	0.0	0.0	0.196	0.196
0.0	0.0	0.0	0.049	0.0	0.0	0.159	0.166
0.0	0.0	0.0	0.096	0.0	0.0	0.112	0.162
0.0	0.0	0.0	0.096	0.101	0.0	0.0	0.152
0.0	0.0	0.0	0.0	0.0	0.0	0.194	0.194
0.0	0.0	0.0	0.052	0.0	0.0	0.19	0.199
0.0	0.0	0.0	0.0	0.187	0.0	0.0	0.187
0.0	0.0	0.0	0.0	0.0	0.0	0.195	0.195
0.158	0.0	0.0	0.0	0.0	0.0	0.0	0.158
0.0	0.0	0.0	0.042	0.0	0.0	0.185	0.185
0.0	0.0	0.0	0.055	0.184	0.0	0.046	0.2
0.0	0.0	0.0	0.173	0.0	0.0	0.0	0.173
0.0	0.0	0.0	0.0	0.0	0.0	0.171	0.171
0.0	0.0	0.0	0.118	0.0	0.0	0.121	0.191
0.0	0.0	0.0	0.05	0.0	0.0	0.175	0.182
0.0	0.0	0.0	0.0	0.197	0.0	0.0	0.197
0.0	0.0	0.0	0.0	0.197	0.0	0.0	0.197
0.0	0.0	0.0	0.0	0.198	0.0	0.0	0.198
0.055	0.0	0.0	0.0	0.12	0.0	0.075	0.164
0.0	0.0	0.0	0.052	0.17	0.0	0.0	0.179
0.0	0.0	0.0	0.053	0.0	0.0	0.14	0.15
0.0	0.0	0.0	0.19	0.0	0.0	0.0	0.19
0.0	0.0	0.0	0.0	0.0	0.0	0.155	0.155
0.0	0.0	0.0	0.0	0.0	0.0	0.161	0.161
0.0	0.0	0.0	0.046	0.18	0.0	0.0	0.184
0.171	0.0	0.0	0.0	0.0	0.0	0.0	0.171
0.0	0.0	0.0	0.047	0.147	0.0	0.066	0.174
0.0	0.0	0.0	0.0	0.175	0.0	0.0	0.175
0.0	0.0	0.0	0.094	0.0	0.0	0.115	0.163
0.15	0.0	0.0	0.047	0.0	0.0	0.0	0.155
0.0	0.0	0.0	0.085	0.0	0.0	0.156	0.194
0.0	0.0	0.0	0.0	0.175	0.0	0.0	0.175
0.0	0.0	0.0	0.056	0.096	0.0	0.134	0.196
0.0	0.0	0.0	0.053	0.0	0.0	0.17	0.18
0.0	0.0	0.0	0.054	0.174	0.0	0.0	0.185
0.0	0.0	0.0	0.046	0.067	0.0	0.172	0.198
0.15	0.0	0.0	0.043	0.0	0.0	0.052	0.161
0.0	0.0	0.0	0.095	0.0	0.0	0.132	0.18
0.0	0.0	0.0	0.101	0.0	0.0	0.123	0.177
0.0	0.0	0.0	0.0	0.089	0.0	0.113	0.157
0.0	0.0	0.0	0.048	0.19	0.0	0.043	0.197
0.0	0.0	0.0	0.053	0.0	0.0	0.163	0.173
0.0	0.0	0.0	0.0	0.0	0.0	0.171	0.171
0.0	0.0	0.0	0.158	0.0	0.0	0.0	0.158
0.0	0.0	0.0	0.097	0.0	0.0	0.146	0.195
0.0	0.0	0.0	0.0	0.0	0.0	0.15	0.15
0.0	0.0	0.0	0.0	0.0	0.0	0.194	0.194
0.0	0.0	0.0	0.057	0.06	0.0	0.133	0.164
0.0	0.0	0.0	0.0	0.167	0.0	0.045	0.17
0.0	0.0	0.0	0.0	0.179	0.0	0.0	0.179
0.107	0.0	0.0	0.0	0.0	0.0	0.137	0.196
0.0	0.0	0.0	0.194	0.0	0.0	0.0	0.194
0.108	0.0	0.0	0.049	0.0	0.0	0.085	0.156
0.0	0.0	0.0	0.0	0.137	0.0	0.071	0.163
0.0	0.0	0.0	0.173	0.0	0.0	0.0	0.173
0.0	0.0	0.0	0.0	0.199	0.0	0.0	0.199
0.0	0.0	0.0	0.095	0.0	0.0	0.111	0.161
0.0	0.0	0.0	0.0	0.165	0.0	0.045	0.168
0.0	0.0	0.0	0.117	0.0	0.0	0.078	0.151
0.0	0.0	0.0	0.0	0.808	0.0	0.982	0.996
0.0	0.0	0.0	0.0	0.329	0.0	0.78	0.846
0.0	0.0	0.0	0.045	0.619	0.9	0.858	0.994
0.0	0.0	0.0	0.97	0.796	0.0	0.7	0.998
0.0	0.0	0.0	0.0	0.266	0.0	0.0	0.266
0.0	0.0	0.0	0.057	0.413	0.0	0.907	0.944
0.0	0.0	0.0	0.056	0.565	0.0	0.931	0.969
0.0	0.0	0.0	0.0	0.277	0.0	0.0	0.277
0.0	0.0	0.0	0.0	0.206	0.0	0.0	0.206
0.0	0.0	0.0	0.0	0.2	0.0	0.043	0.201
0.0	0.0	0.0	0.0	0.292	0.0	0.786	0.842
0.0	0.0	0.0	0.055	0.267	0.0	0.0	0.278
0.0	0.0	0.0	0.046	0.974	0.0	0.995	0.999
0.0	0.0	0.0	0.0	0.266	0.0	0.057	0.278
0.0	0.0	0.0	0.0	0.585	0.0	0.986	0.994
0.0	0.0	0.0	0.0	0.159	0.0	0.0	0.159
0.0	0.0	0.0	0.051	0.153	0.0	0.0	0.161
0.0	0.0	0.0	0.134	0.943	0.9	0.919	0.999
0.0	0.009	0.0	0.174	0.058	0.0	0.09	0.23
0.0	0.0	0.0	0.0	0.843	0.0	0.918	0.986
0.0	0.0	0.0	0.057	0.156	0.0	0.175	0.286
0.0	0.0	0.0	0.0	0.284	0.0	0.0	0.284
0.0	0.0	0.081	0.902	0.998	0.9	0.138	0.999
0.0	0.0	0.0	0.0	0.217	0.0	0.0	0.217
0.0	0.0	0.0	0.0	0.2	0.0	0.082	0.234
0.0	0.0	0.0	0.0	0.284	0.0	0.0	0.284
0.0	0.0	0.0	0.513	0.999	0.9	0.972	0.999
0.0	0.0	0.0	0.0	0.284	0.0	0.0	0.284
0.0	0.0	0.0	0.0	0.284	0.0	0.0	0.284
0.0	0.0	0.0	0.0	0.212	0.0	0.0	0.212
0.0	0.0	0.0	0.0	0.209	0.0	0.0	0.209
0.0	0.0	0.0	0.056	0.185	0.0	0.95	0.958
0.059	0.0	0.0	0.047	0.22	0.0	0.066	0.259
0.0	0.0	0.0	0.0	0.188	0.0	0.0	0.188
0.191	0.0	0.0	0.094	0.964	0.9	0.976	0.999
0.0	0.0	0.0	0.045	0.297	0.0	0.0	0.299
0.0	0.0	0.0	0.0	0.196	0.0	0.0	0.196
0.0	0.0	0.0	0.0	0.196	0.0	0.0	0.196
0.0	0.0	0.0	0.0	0.214	0.0	0.0	0.214
0.0	0.0	0.0	0.054	0.611	0.0	0.697	0.879
0.0	0.0	0.0	0.046	0.0	0.0	0.196	0.2
0.15	0.0	0.0	0.055	0.0	0.0	0.047	0.167
0.0	0.0	0.0	0.0	0.585	0.0	0.963	0.984
0.0	0.0	0.0	0.0	0.21	0.9	0.76	0.979
0.0	0.0	0.0	0.262	0.999	0.72	0.915	0.999
0.0	0.0	0.0	0.0	0.808	0.0	0.941	0.988
0.0	0.0	0.0	0.042	0.185	0.0	0.07	0.211
0.0	0.0	0.0	0.0	0.0	0.0	0.196	0.196
0.0	0.0	0.0	0.0	0.199	0.0	0.0	0.199
0.0	0.0	0.0	0.0	0.22	0.0	0.0	0.22
0.0	0.0	0.0	0.0	0.17	0.0	0.062	0.188
0.0	0.0	0.0	0.0	0.199	0.0	0.0	0.199
0.0	0.0	0.0	0.97	0.986	0.9	0.989	0.999
0.0	0.0	0.0	0.964	0.84	0.9	0.965	0.999
0.0	0.002	0.0	0.6	0.937	0.9	0.94	0.999
0.0	0.0	0.0	0.0	0.28	0.0	0.041	0.28
0.0	0.0	0.0	0.0	0.0	0.0	0.225	0.225
0.0	0.0	0.0	0.042	0.185	0.0	0.045	0.189
0.154	0.0	0.0	0.0	0.0	0.0	0.0	0.154
0.0	0.0	0.0	0.0	0.266	0.0	0.0	0.266
0.0	0.0	0.0	0.0	0.637	0.0	0.552	0.83
0.0	0.0	0.0	0.045	0.0	0.0	0.16	0.163
0.0	0.0	0.0	0.057	0.056	0.9	0.428	0.942
0.0	0.0	0.0	0.079	0.0	0.0	0.144	0.177
0.0	0.0	0.0	0.0	0.272	0.0	0.057	0.284
0.0	0.0	0.0	0.0	0.445	0.8	0.695	0.963
0.0	0.0	0.0	0.12	0.999	0.9	0.927	0.999
0.0	0.0	0.0	0.0	0.0	0.0	0.21	0.21
0.0	0.0	0.0	0.053	0.91	0.8	0.971	0.999
0.0	0.0	0.0	0.785	0.983	0.72	0.993	0.999
0.0	0.0	0.0	0.0	0.218	0.0	0.043	0.219
0.0	0.0	0.0	0.057	0.998	0.9	0.872	0.999
0.0	0.0	0.0	0.0	0.198	0.0	0.049	0.204
0.0	0.0	0.0	0.054	0.998	0.9	0.911	0.999
0.0	0.0	0.0	0.049	0.138	0.0	0.061	0.163
0.0	0.0	0.0	0.0	0.27	0.0	0.0	0.27
0.0	0.0	0.0	0.944	0.585	0.0	0.096	0.977
0.0	0.0	0.0	0.0	0.0	0.0	0.171	0.171
0.0	0.0	0.0	0.045	0.212	0.0	0.0	0.215
0.0	0.0	0.0	0.0	0.266	0.0	0.0	0.266
0.0	0.0	0.0	0.0	0.2	0.0	0.0	0.2
0.0	0.0	0.0	0.928	0.999	0.9	0.894	0.999
0.0	0.0	0.0	0.176	0.991	0.9	0.993	0.999
0.0	0.0	0.0	0.053	0.864	0.0	0.923	0.989
0.0	0.0	0.0	0.056	0.647	0.0	0.739	0.905
0.0	0.0	0.0	0.0	0.197	0.0	0.0	0.197
0.0	0.0	0.0	0.042	0.608	0.72	0.925	0.991
0.0	0.0	0.0	0.042	0.084	0.0	0.129	0.169
0.0	0.0	0.0	0.0	0.196	0.0	0.0	0.196
0.0	0.0	0.0	0.05	0.305	0.9	0.51	0.963
0.0	0.046	0.0	0.889	0.966	0.9	0.978	0.999
0.0	0.0	0.0	0.057	0.864	0.0	0.103	0.875
0.137	0.0	0.0	0.079	0.876	0.9	0.427	0.993
0.0	0.0	0.0	0.0	0.0	0.0	0.171	0.171
0.0	0.0	0.0	0.0	0.112	0.0	0.124	0.188
0.0	0.0	0.0	0.0	0.733	0.9	0.619	0.988
0.0	0.0	0.0	0.0	0.284	0.0	0.0	0.284
0.0	0.0	0.0	0.0	0.266	0.0	0.0	0.266
0.0	0.0	0.0	0.0	0.196	0.0	0.0	0.196
0.0	0.0	0.0	0.049	0.809	0.72	0.89	0.993
0.0	0.0	0.0	0.0	0.955	0.9	0.944	0.999
0.0	0.0	0.0	0.0	0.571	0.8	0.865	0.987
0.0	0.0	0.0	0.049	0.199	0.0	0.048	0.211
0.0	0.0	0.0	0.927	0.998	0.9	0.992	0.999
0.0	0.0	0.0	0.0	0.445	0.0	0.787	0.876
0.0	0.0	0.0	0.0	0.294	0.0	0.0	0.294
0.0	0.0	0.0	0.0	0.207	0.0	0.0	0.207
0.0	0.0	0.0	0.0	0.808	0.9	0.7	0.993
0.0	0.0	0.0	0.078	0.201	0.0	0.117	0.293
0.0	0.0	0.0	0.115	0.836	0.9	0.935	0.998
0.0	0.0	0.0	0.0	0.536	0.0	0.788	0.897
0.0	0.0	0.0	0.298	0.998	0.9	0.99	0.999
0.0	0.0	0.0	0.0	0.364	0.0	0.741	0.828
0.0	0.0	0.0	0.056	0.286	0.0	0.0	0.297
0.0	0.0	0.0	0.052	0.22	0.0	0.0	0.228
0.0	0.0	0.0	0.0	0.197	0.0	0.0	0.197
0.0	0.0	0.0	0.047	0.716	0.9	0.357	0.98
0.0	0.0	0.0	0.0	0.0	0.0	0.21	0.21
0.0	0.0	0.0	0.0	0.197	0.0	0.0	0.197
0.0	0.0	0.0	0.0	0.808	0.9	0.961	0.999
0.118	0.078	0.377	0.781	0.858	0.8	0.955	0.999
0.0	0.0	0.0	0.0	0.808	0.9	0.921	0.998
0.0	0.0	0.0	0.095	0.972	0.9	0.977	0.999
0.0	0.0	0.0	0.0	0.637	0.8	0.128	0.931
0.134	0.0	0.0	0.0	0.0	0.0	0.062	0.152
0.0	0.0	0.0	0.053	0.977	0.54	0.944	0.999
0.0	0.0	0.0	0.14	0.596	0.0	0.556	0.832
0.0	0.0	0.0	0.988	0.959	0.54	0.533	0.999
0.0	0.0	0.0	0.0	0.284	0.0	0.0	0.284
0.0	0.008	0.188	0.575	0.682	0.0	0.374	0.922
0.0	0.0	0.0	0.0	0.191	0.0	0.0	0.191
0.0	0.0	0.0	0.053	0.969	0.72	0.985	0.999
0.0	0.0	0.0	0.12	0.093	0.0	0.0	0.167
0.0	0.0	0.0	0.0	0.197	0.0	0.0	0.197
0.0	0.0	0.0	0.0	0.22	0.0	0.0	0.22
0.0	0.0	0.0	0.0	0.924	0.9	0.966	0.999
0.0	0.0	0.0	0.055	0.953	0.0	0.952	0.997
0.0	0.0	0.0	0.0	0.218	0.0	0.065	0.238
0.0	0.0	0.0	0.0	0.0	0.9	0.074	0.903
0.0	0.0	0.0	0.0	0.284	0.0	0.807	0.856
0.0	0.0	0.0	0.0	0.196	0.0	0.083	0.231
0.0	0.0	0.0	0.0	0.214	0.0	0.0	0.214
0.0	0.0	0.0	0.354	0.651	0.9	0.533	0.988
0.118	0.081	0.376	0.176	0.858	0.8	0.869	0.998
0.0	0.0	0.0	0.049	0.166	0.0	0.061	0.19
0.0	0.0	0.0	0.0	0.934	0.0	0.657	0.976
0.0	0.0	0.0	0.227	0.998	0.9	0.985	0.999
0.0	0.0	0.0	0.0	0.56	0.0	0.79	0.903
0.0	0.0	0.0	0.0	0.192	0.0	0.0	0.192
0.0	0.0	0.0	0.0	0.913	0.9	0.965	0.999
0.0	0.0	0.0	0.0	0.196	0.0	0.0	0.196
0.0	0.0	0.0	0.0	0.173	0.0	0.0	0.173
0.0	0.0	0.0	0.0	0.192	0.0	0.0	0.192
0.0	0.0	0.0	0.099	0.112	0.0	0.0	0.165
0.0	0.0	0.0	0.0	0.219	0.0	0.0	0.219
0.0	0.0	0.0	0.0	0.227	0.0	0.0	0.227
0.0	0.0	0.0	0.0	0.169	0.0	0.0	0.169
0.0	0.0	0.0	0.0	0.284	0.0	0.0	0.284
0.0	0.0	0.0	0.0	0.202	0.0	0.0	0.202
0.0	0.0	0.0	0.057	0.997	0.9	0.995	0.999
0.0	0.0	0.0	0.0	0.808	0.8	0.781	0.99
0.0	0.0	0.0	0.049	0.142	0.0	0.058	0.164
0.0	0.0	0.0	0.885	0.963	0.9	0.984	0.999
0.0	0.0	0.0	0.134	0.995	0.72	0.962	0.999
0.0	0.0	0.0	0.0	0.194	0.0	0.0	0.194
0.0	0.0	0.0	0.056	0.186	0.0	0.045	0.203
0.0	0.0	0.0	0.095	0.56	0.0	0.554	0.806
0.0	0.0	0.0	0.924	0.998	0.9	0.88	0.999
0.0	0.0	0.0	0.516	0.858	0.72	0.993	0.999
0.0	0.0	0.0	0.048	0.809	0.9	0.437	0.988
0.0	0.0	0.0	0.053	0.633	0.9	0.657	0.986
0.0	0.0	0.0	0.0	0.197	0.0	0.122	0.264
0.0	0.0	0.0	0.078	0.198	0.0	0.067	0.249
0.0	0.0	0.0	0.0	0.382	0.0	0.719	0.819
0.0	0.0	0.0	0.052	0.161	0.0	0.112	0.232
0.0	0.0	0.0	0.0	0.116	0.0	0.142	0.209
0.137	0.0	0.0	0.176	0.994	0.9	0.971	0.999
0.0	0.0	0.0	0.0	0.585	0.0	0.8	0.913
0.0	0.0	0.0	0.115	0.837	0.72	0.993	0.999
0.0	0.0	0.0	0.0	0.196	0.0	0.0	0.196
0.0	0.0	0.0	0.104	0.903	0.9	0.448	0.994
0.0	0.0	0.0	0.203	0.673	0.0	0.847	0.956
0.0	0.0	0.0	0.057	0.891	0.0	0.618	0.957
0.0	0.0	0.0	0.053	0.861	0.9	0.985	0.999
0.0	0.0	0.0	0.0	0.197	0.0	0.0	0.197
0.0	0.0	0.0	0.0	0.278	0.0	0.0	0.278
0.0	0.0	0.0	0.46	0.795	0.0	0.924	0.99
0.0	0.0	0.123	0.247	0.683	0.0	0.255	0.823
0.0	0.0	0.049	0.0	0.808	0.8	0.059	0.961
0.0	0.0	0.0	0.896	0.938	0.9	0.972	0.999
0.0	0.0	0.0	0.057	0.995	0.9	0.882	0.999
0.0	0.0	0.0	0.0	0.0	0.9	0.0	0.9
0.0	0.0	0.0	0.82	0.964	0.9	0.974	0.999
0.0	0.0	0.0	0.0	0.284	0.0	0.0	0.284
0.0	0.0	0.0	0.0	0.217	0.0	0.0	0.217
0.0	0.0	0.0	0.063	0.111	0.0	0.147	0.227
0.118	0.077	0.377	0.743	0.466	0.8	0.957	0.999
0.0	0.0	0.0	0.0	0.717	0.9	0.531	0.985
0.0	0.0	0.0	0.0	0.281	0.0	0.0	0.281
0.0	0.0	0.0	0.044	0.991	0.8	0.974	0.999
0.0	0.0	0.0	0.69	0.996	0.9	0.991	0.999
0.0	0.0	0.0	0.0	0.284	0.0	0.0	0.284
0.0	0.0	0.0	0.0	0.895	0.0	0.54	0.949
0.0	0.0	0.0	0.0	0.195	0.0	0.08	0.227
0.0	0.0	0.0	0.0	0.196	0.0	0.0	0.196
0.0	0.0	0.0	0.053	0.997	0.9	0.826	0.999
0.0	0.0	0.0	0.263	0.924	0.0	0.942	0.996
0.0	0.0	0.0	0.301	0.808	0.9	0.94	0.999
0.0	0.0	0.0	0.0	0.585	0.9	0.376	0.971
0.0	0.0	0.0	0.0	0.513	0.0	0.787	0.892
0.0	0.0	0.0	0.053	0.192	0.9	0.259	0.935
0.0	0.0	0.0	0.0	0.219	0.0	0.0	0.219
0.0	0.0	0.0	0.0	0.498	0.9	0.795	0.988
0.0	0.0	0.0	0.047	0.19	0.0	0.0	0.195
0.0	0.0	0.0	0.057	0.823	0.9	0.787	0.995
0.0	0.0	0.0	0.0	0.196	0.0	0.0	0.196
0.0	0.0	0.0	0.0	0.18	0.0	0.081	0.214
0.0	0.0	0.0	0.0	0.212	0.0	0.0	0.212
0.0	0.0	0.0	0.081	0.251	0.0	0.0	0.282
0.0	0.0	0.0	0.193	0.0	0.0	0.0	0.193
0.0	0.0	0.0	0.896	0.998	0.9	0.986	0.999
0.0	0.0	0.0	0.045	0.599	0.0	0.933	0.972
0.0	0.0	0.0	0.0	0.336	0.54	0.458	0.82
0.0	0.0	0.0	0.0	0.0	0.0	0.297	0.297
0.0	0.0	0.0	0.0	0.382	0.0	0.88	0.922
0.0	0.0	0.0	0.0	0.655	0.9	0.66	0.987
0.0	0.0	0.0	0.0	0.218	0.0	0.0	0.218
0.0	0.0	0.0	0.0	0.195	0.0	0.0	0.195
0.0	0.0	0.0	0.0	0.1	0.0	0.096	0.151
0.0	0.0	0.0	0.0	0.206	0.0	0.0	0.206
0.0	0.0	0.0	0.096	0.123	0.0	0.0	0.173
0.0	0.0	0.0	0.0	0.209	0.0	0.0	0.209
0.0	0.0	0.0	0.139	0.664	0.8	0.975	0.998
0.0	0.0	0.0	0.0	0.197	0.0	0.0	0.197
0.0	0.0	0.0	0.0	0.284	0.0	0.0	0.284
0.0	0.0	0.0	0.0	0.22	0.0	0.0	0.22
0.0	0.0	0.0	0.0	0.187	0.0	0.0	0.187
0.0	0.0	0.0	0.071	0.222	0.0	0.0	0.246
0.0	0.0	0.0	0.096	0.203	0.0	0.106	0.299
0.0	0.0	0.0	0.053	0.0	0.0	0.189	0.199
0.0	0.0	0.0	0.048	0.069	0.0	0.118	0.15
0.0	0.0	0.0	0.0	0.215	0.0	0.0	0.215
0.0	0.0	0.0	0.049	0.196	0.0	0.0	0.202
0.0	0.0	0.0	0.047	0.785	0.0	0.874	0.972
0.0	0.0	0.0	0.0	0.219	0.0	0.0	0.219
0.0	0.0	0.0	0.045	0.412	0.9	0.455	0.965
0.0	0.0	0.0	0.045	0.225	0.0	0.0	0.228
0.0	0.0	0.0	0.0	0.138	0.0	0.169	0.253
0.0	0.0	0.0	0.0	0.112	0.0	0.17	0.231
0.0	0.0	0.0	0.0	0.808	0.9	0.959	0.999
0.0	0.0	0.0	0.662	0.894	0.8	0.977	0.999
0.0	0.0	0.0	0.053	0.266	0.0	0.0	0.275
0.0	0.0	0.0	0.0	0.209	0.0	0.0	0.209
0.0	0.0	0.0	0.0	0.95	0.9	0.761	0.998
0.0	0.0	0.0	0.0	0.536	0.0	0.761	0.884
0.0	0.0	0.0	0.0	0.0	0.0	0.258	0.258
0.0	0.0	0.0	0.185	0.0	0.0	0.055	0.197
0.0	0.0	0.0	0.0	0.808	0.72	0.942	0.996
0.0	0.0	0.0	0.055	0.143	0.0	0.0	0.155
0.0	0.0	0.0	0.052	0.928	0.0	0.506	0.964
0.0	0.0	0.0	0.0	0.0	0.0	0.26	0.26
0.0	0.0	0.0	0.12	0.198	0.0	0.069	0.285
0.0	0.0	0.0	0.624	0.998	0.9	0.99	0.999
0.0	0.0	0.0	0.889	0.141	0.0	0.047	0.901
0.0	0.0	0.0	0.0	0.498	0.0	0.68	0.832
0.0	0.0	0.0	0.195	0.0	0.0	0.066	0.215
0.0	0.0	0.0	0.048	0.143	0.0	0.113	0.213
0.0	0.0	0.0	0.097	0.22	0.0	0.0	0.265
0.0	0.0	0.0	0.0	0.22	0.0	0.0	0.22
0.0	0.0	0.0	0.0	0.293	0.0	0.0	0.293
0.0	0.0	0.0	0.064	0.854	0.0	0.494	0.925
0.0	0.0	0.0	0.0	0.884	0.9	0.928	0.999
0.0	0.0	0.0	0.0	0.196	0.0	0.0	0.196
0.0	0.0	0.0	0.0	0.585	0.0	0.832	0.927
0.0	0.0	0.0	0.0	0.296	0.0	0.0	0.296
0.0	0.0	0.0	0.148	0.56	0.9	0.977	0.999
0.0	0.0	0.0	0.645	0.997	0.9	0.985	0.999
0.0	0.0	0.0	0.054	0.07	0.0	0.856	0.862
0.0	0.0	0.0	0.0	0.599	0.8	0.927	0.993
0.0	0.0	0.0	0.0	0.215	0.0	0.0	0.215
0.0	0.0	0.0	0.0	0.192	0.0	0.0	0.192
0.158	0.0	0.0	0.0	0.056	0.0	0.0	0.171
0.0	0.0	0.0	0.117	0.947	0.0	0.821	0.991
0.0	0.0	0.0	0.057	0.987	0.0	0.652	0.995
0.0	0.0	0.0	0.0	0.25	0.0	0.0	0.25
0.0	0.0	0.0	0.0	0.284	0.0	0.0	0.284
0.0	0.0	0.0	0.0	0.196	0.0	0.0	0.196
0.0	0.0	0.0	0.0	0.626	0.9	0.875	0.994
0.0	0.0	0.0	0.094	0.998	0.9	0.947	0.999
0.0	0.0	0.0	0.053	0.0	0.0	0.139	0.15
0.0	0.0	0.0	0.886	0.717	0.9	0.806	0.999
0.093	0.002	0.0	0.173	0.246	0.0	0.992	0.995
0.0	0.0	0.0	0.0	0.211	0.0	0.0	0.211
0.0	0.0	0.0	0.093	0.808	0.9	0.958	0.999
0.047	0.0	0.0	0.0	0.158	0.0	0.0	0.163
0.0	0.0	0.0	0.067	0.193	0.0	0.0	0.214
0.0	0.0	0.0	0.0	0.0	0.0	0.161	0.161
0.0	0.0	0.0	0.195	0.875	0.9	0.862	0.998
0.0	0.0	0.0	0.928	0.942	0.0	0.731	0.998
0.0	0.0	0.0	0.0	0.599	0.72	0.942	0.992
0.0	0.0	0.0	0.0	0.217	0.0	0.0	0.217
0.0	0.0	0.0	0.0	0.206	0.0	0.0	0.206
0.0	0.0	0.0	0.119	0.192	0.0	0.0	0.257
0.0	0.0	0.0	0.896	0.999	0.9	0.988	0.999
0.0	0.0	0.0	0.056	0.626	0.9	0.973	0.998
0.0	0.0	0.0	0.049	0.202	0.0	0.048	0.215
0.0	0.0	0.0	0.078	0.814	0.9	0.979	0.999
0.0	0.0	0.0	0.049	0.808	0.72	0.988	0.999
0.0	0.0	0.0	0.0	0.196	0.0	0.0	0.196
0.0	0.0	0.0	0.095	0.993	0.72	0.989	0.999
0.0	0.0	0.0	0.0	0.294	0.0	0.0	0.294
0.0	0.0	0.0	0.0	0.197	0.0	0.055	0.208
0.0	0.0	0.0	0.0	0.218	0.0	0.0	0.218
0.0	0.0	0.0	0.0	0.297	0.0	0.957	0.968
0.0	0.0	0.0	0.0	0.192	0.0	0.17	0.3
0.0	0.0	0.0	0.0	0.273	0.0	0.0	0.273
0.0	0.0	0.0	0.0	0.912	0.8	0.937	0.998
0.0	0.0	0.0	0.3	0.683	0.9	0.967	0.999
0.0	0.0	0.0	0.0	0.56	0.9	0.945	0.997
0.0	0.0	0.0	0.189	0.866	0.8	0.704	0.992
0.0	0.0	0.0	0.0	0.196	0.0	0.0	0.196
0.0	0.0	0.0	0.056	0.112	0.0	0.167	0.24
0.0	0.0	0.0	0.0	0.959	0.9	0.944	0.999
0.0	0.0	0.0	0.0	0.196	0.0	0.0	0.196
0.0	0.0	0.0	0.056	0.689	0.0	0.88	0.961
0.0	0.0	0.0	0.0	0.329	0.0	0.78	0.846
0.0	0.0	0.0	0.0	0.266	0.0	0.0	0.266
0.0	0.0	0.0	0.0	0.117	0.0	0.087	0.159
0.0	0.0	0.0	0.0	0.585	0.0	0.878	0.947
0.0	0.0	0.0	0.0	0.199	0.0	0.0	0.199
0.368	0.894	0.422	0.917	0.901	0.9	0.968	0.999
0.0	0.0	0.0	0.049	0.826	0.72	0.943	0.997
0.0	0.0	0.0	0.0	0.288	0.0	0.0	0.288
0.0	0.0	0.0	0.996	0.324	0.9	0.783	0.999
0.0	0.0	0.0	0.0	0.0	0.0	0.228	0.228
0.0	0.0	0.0	0.0	0.207	0.0	0.0	0.207
0.0	0.0	0.0	0.0	0.194	0.0	0.0	0.194
0.0	0.0	0.0	0.095	0.143	0.0	0.0	0.191
0.0	0.0	0.0	0.049	0.22	0.0	0.91	0.928
