P60898	Q9CX30
O35607	P07147
Q80Z64	Q14C37
Q6PIE5	O70496
Q2VPR5	P70318
P26043	Q9CXW3
P97875	Q61069
P50405	P48432
O88597	Q6P5H2
P68181	O35646
Q08481	Q9WUZ5
P70399	Q80WE4
B1AZR0	E9PUZ9
Q8BGI3	Q6ZWN5
Q8BJ42	P97783
Q9JJ66	Q569L8
P04344	P61249
Q80XI4	Q03160
Q9ERE8	O35942
Q3UMU9	Q6PGD2
Q61241	P59672
Q8K099	Q8K1G9
P56844	Q9D5I4
P26687	Q8CI19
E9Q9D8	Q8K2X3
Q91WF3	Q91Z61
Q810P3	P09542
Q8R1H0	P33174
Q9QXZ0	Q3TJD7
Q8BZL8	Q924A0
P51163	O55142
Q9R1W5	Q810B3
Q8BIS8	Q8CJ67
Q91WA3	O35207
Q9R0T8	Q9Z191
Q9WUZ9	Q8BH24
Q9EP75	Q9CQX2
Q99PU8	Q9R226
Q3UPZ5	Q5NBU8
P43021	Q9WU40
Q91WQ3	Q9WVQ5
Q8K023	Q9JLT2
O54799	P30873
Q9DBG3	Q8R1Q0
Q6ZWX0	Q8R3R8
P48615	Q8CIZ8
Q9CZW4	Q8BHB4
Q5RJY2	Q91X43
E9PYF4	Q8R5M2
P20722	O09116
Q61792	Q8R3V5
Q62011	Q9QUI6
Q5U406	P62259
Q80UV9	Q9JLT2
P62823	Q8BG92
P70696	Q7TPM6
Q8C3I8	E9PV04
Q61490	P16092
Q8BGT1	Q8CFG8
P61226	Q8R516
Q3UHF7	Q91WA3
Q8CCA5	Q8BI41
Q9CXP4	Q3UHC7
O35103	D3Z6P9
O88532	Q6ZQ58
E9Q9D5	Q9D7T1
Q64324	A6H6A9
Q6PF93	P52332
O88456	P05064
P21275	O55222
Q8K4Q7	Q9D5R2
O70230	P08046
P24815	Q9Z110
Q64467	P61957
P61168	Q9Z0R9
Q9CWP6	O55183
Q9R187	Q00977
P28653	Q9WV04
P63300	Q91XM9
P09103	P62774
Q5F226	Q8K4L3
Q6P5H2	Q2VLH6
P41438	P70170
Q8CGC7	A2A432
Q61999	Q8C3K5
Q8CCS2	Q6W3F0
Q8C0R7	P19123
Q8BHC0	P51676
Q07231	P62984
Q61137	Q8BX51
Q5SGK3	Q9CQ62
Q80X71	Q8BHY8
Q04735	O55229
Q8C4U3	P62965
A2BFE8	P86547
Q9WVS8	Q6NWW5
Q6ZWX6	Q9CY50
Q0VGU4	A2AM80
Q3UJD6	Q80TP3
Q8BUB4	Q9CR42
Q61983	Q00898
Q06890	P29391
P27808	P56399
Q60695	Q9D7C9
Q8C0L0	Q8BVP2
Q9Z2W1	P29351
P47911	P03903
Q9JJK5	Q64669
P63032	P70207
P61021	Q91V93
Q91YI6	Q8CFI7
E9PWZ3	Q3UJB0
G3X942	P47867
A0PK84	Q9JJR9
Q8CEF1	P68372
Q9Z2F7	Q64332
P46099	O09110
Q5SZA1	Q99LB7
Q8BGS3	Q7TPM1
P61957	P48972
Q80T14	Q9QZS8
P79457	P61025
Q61598	P30416
Q80VJ2	Q9D695
Q6ZPJ3	P42682
P01580	Q810G3
O35257	Q9DAV8
Q9R1C6	P60191
Q6PFR5	Q9CQD0
Q91Z38	Q6ZPJ3
Q3UHX9	Q6NS57
Q5DTU0	A2VDH7
Q9R0P5	P70694
Q9EQU3	Q3UVY1
Q5SSH8	P31310
Q99N93	P24604
P07356	P26618
Q8BMT9	Q3V3I2
P39053	Q6DIC0
O54967	P07356
P97823	Q9CZN8
P86448	P10922
Q9QZB6	E9Q043
Q9D140	Q9EPQ1
Q8BI08	Q8CF98
Q9DCN2	Q3UQA7
P59729	Q9QYB1
P52795	Q9CQM2
Q9WU01	Q9EST3
P01132	P11911
Q8K2C8	Q9D6Y9
P37217	P05622
Q8BTF8	Q8BIV3
Q6NVE9	Q6PD03
Q9Z0N2	Q8K224
P56671	Q61164
Q9CWT6	Q8BFS9
Q8VHQ2	Q62077
Q3UZD7	Q9WUG6
Q99JT5	Q61072
Q9JJK5	Q8R527
Q7TMC9	Q9Z172
Q9CXL1	Q8R4E9
Q99KC7	O35130
Q9DCC8	Q9CPU2
Q8K2Z4	Q9WTK8
O35182	E9Q6R7
Q9EQF2	E9PZQ0
Q6PHZ2	Q925I4
Q80T69	O35491
Q9D4C9	P33175
Q02357	Q60780
Q6P4P1	Q8K0D2
Q6PGB8	Q64302
Q8BLV3	B1AYB6
Q9EQI8	Q3UVY1
P21761	Q8VHV1
P70677	Q61656
Q7TQK0	P27577
P10126	O35696
A2AV41	Q8R293
Q5F285	Q60930
O35627	Q64726
Q9DCA5	Q9EQI8
Q8BMJ7	A2AFH2
Q921D9	Q9QYC3
P60469	Q8BG02
P18242	Q3MI99
E9Q7L6	Q8R0F5
Q9Z2Y3	Q8VDC0
Q8K010	Q8K0Z7
Q8BU33	Q6PEB4
Q5SWZ9	P62881
Q9R0Q7	Q8BH00
Q9WV60	P12850
Q8R4K2	Q9DC58
A2AVJ5	P97378
Q68FG1	Q9EQ28
P01325	Q69AB2
P62071	Q61161
O35655	A2AQP0
Q9JKP5	P33175
Q9D6V8	O70333
Q6GQU6	Q91VC3
Q8K2V1	Q9DAD6
P63239	O55143
P13379	P51675
Q8K4B0	Q3UCQ1
O35723	Q9CQ28
P63168	Q8CI94
P52482	E9Q166
P81122	P18762
P62746	Q8BVR5
A2AW65	Q99JF8
Q8BWA8	Q3U4B1
Q9D8M4	Q01320
E9Q3E1	Q9WUA6
P12658	Q8CGV2
P97493	E9PY39
Q9CXF7	Q921J4
Q6NXM2	Q08943
Q8VH31	Q8C767
Q8BG31	Q62414
Q9JLY7	Q8C6A8
P58355	Q3UMM4
P45377	P45700
Q91WC9	Q3UW68
P97348	Q8BUG2
Q5SUG4	P33175
Q3TV70	P20263
Q9EQ20	P52825
Q9DB40	Q9CQ56
Q80Z68	P31750
P20693	O35604
D3Z5F7	O08750
Q62120	B1AUC4
Q9R008	B2RXA7
Q99J62	Q9JJA2
Q9D939	P62814
P48760	Q9WU40
Q6IMB2	P63280
P23813	Q8BMN3
A0A140LJK6	P47811
F7BJB9	Q9WTV6
Q8BW49	Q6PHZ8
P25799	D3YU81
Q68FH0	Q61144
Q9EST3	Q60750
P63141	Q7TNS7
Q8VHG2	Q99PM3
B2KF05	Q09XV5
Q8BJL9	P32883
O35490	P00184
Q9JJS0	Q0VDQ9
Q99JG2	Q99MK8
Q8BG17	Q91VR5
Q8VDU1	Q4G5Y1
Q60750	P70425
Q80VP1	O35250
Q9QZZ4	Q8BHD0
Q3TPE9	Q8BM72
P62983	P28184
Q9WTL4	Q61457
P20033	Q8K1K9
B1AVD1	Q9R061
B1AY13	Q6PIJ4
Q8BIF2	Q9ESN4
Q03717	P19123
Q9R118	Q8BHC7
Q00262	A2AVA0
P30285	Q62018
Q3UNZ2	Q8BPC6
F6YTZ4	Q9WTM5
Q6PAJ1	Q8K094
Q9WTR6	P70121
Q9WUJ8	Q8K339
P29037	O08609
Q60996	Q9QXT1
F6SF53	Q9QY61
Q9WTV6	Q8BSU2
E9PWQ3	B2RY56
Q8CI43	Q9CZX8
Q6NXK7	P68404
Q8R516	P59279
P29754	Q9Z2V4
Q9Z218	Q62443
Q02956	P17125
Q9QXP0	P63013
A2AQH4	O35613
O54834	P62761
O35317	V9GWY9
Q9WTS5	Q61527
Q0PHV7	Q9R0M1
Q8C078	Q8K3G5
Q01768	Q9D9D8
Q3UMY5	A2AQH1
Q3UHC1	P54761
P48772	Q8CFU8
Q3V038	E9Q238
Q9CQ10	Q9JKV5
Q9D1X0	O54788
Q8CI75	Q9ESX4
Q2MH31	Q792Y8
Q61233	Q9DAM2
Q3UEB3	A2AL13
Q9QXD1	Q9DBI0
P01216	Q8VDR9
Q62315	Q8BU00
P20662	P61957
Q78PY7	P81269
E9Q777	Q9JIA7
Q8VBX4	Q9DCX8
Q80UJ9	A2AR02
Q6IRU7	Q8BHY8
P13562	Q9EPV7
Q80XJ3	Q8VCE9
Q6A4J8	P97391
P70406	Q91Z83
Q8BGL1	Q80XL6
Q6P6M7	Q9WUD1
Q9QY48	P31649
Q8K0L2	O35660
P12813	P51448
Q00898	P49935
P62631	Q9D0B0
Q9QXX4	Q8C0Q9
Q9DBG7	Q3SXD3
D3Z5F7	Q9ERV1
Q8VFX7	Q91WD0
Q9R0L9	P49443
Q80UW2	P0C1T1
Q99J27	Q9R1V7
Q9Z0R6	Q60775
Q8JZV9	Q8K2B3
O88186	P47811
Q8R256	A0A087WP21
P17897	A2AQ92
P28663	Q6NS69
P70333	Q8R5K2
Q80ZX8	G5E870
Q9ESL9	Q2NKI2
Q8R3P9	Q6NZQ8
Q9JM62	P63276
O35425	Q9JM13
P15037	P36895
Q6PFD6	Q9D0D5
Q64339	Q62445
Q7M732	Q9QYE3
D3Z4I3	D3Z3N4
P14231	O70401
Q61263	Q3UHQ6
Q05738	O88566
Q5RL51	Q9DB85
P20152	Q9D8B3
Q8R0V5	P58058
Q06985	B8JJX8
O35613	Q9CY62
Q4FK66	Q9Z130
Q80TN7	Q9EQN9
O88741	O08599
Q9D9M4	P40749
Q6PGF7	Q8VEA8
Q8BZ25	Q8BGR6
Q8BFR4	P10085
Q62074	O35595
P29452	Q99P87
Q8BFS9	O70571
Q61211	Q64685
Q9D0N7	Q61982
Q8CI96	P67871
Q6NWV3	Q8VIK5
Q3UV74	Q9JMH9
Q5SX40	Q9DBJ1
Q3THF9	Q6XPS7
Q02085	Q08091
E9PV24	P04768
Q80ZX0	O08601
Q9D270	Q8CFE3
P17809	Q9CX84
Q61001	P70321
O70443	Q5QD11
P70441	Q7TNP2
P48760	P10078
Q9R0P6	Q8QZR5
Q8R5H1	Q60953
P26262	Q80XR2
P00184	Q07279
Q91XC8	O89013
Q9JHF7	Q9Z0P4
P46099	P40240
Q6NVF0	F7B5D6
Q3TRM8	P28650
P26149	Q9CYK1
P53798	D3YZG8
Q8VGP5	Q3SXH8
Q63844	Q921L5
Q9D415	Q9ERH4
Q8VCA5	Q8VD46
Q61701	P22933
Q9Z0J7	Q8K4B2
Q9CXK8	Q6PFR5
Q8VDU3	Q8CB87
Q9JKP5	O89090
Q9JIA1	Q8BIZ1
D3YXK2	Q91YI6
Q9D7R2	P15116
Q9Z2B9	Q3UHC1
Q04899	Q8CGP5
A2A654	Q3V080
Q8BUN5	K9J7E2
D3YYW9	P63216
Q62407	P09411
Q6PCN3	P36993
Q8R105	Q8K2B0
Q2EMV9	Q8K4S1
P28653	A0A140T8L1
Q02858	A2A5Z6
Q923E4	B2RXR6
A0A0G2JDV3	A2AWR3
Q9D1P2	Q8CIB9
E9PVG8	O70309
Q8VEM8	Q9CXV1
Q8R189	Q99JW2
Q91V57	Q4V9Z5
P97466	O88513
A2AWR5	Q9CZ69
Q8VE80	Q91WG4
Q7TQZ2	Q8VF14
P62325	Q8R316
Q80Y24	Q99K10
Q8K298	Q569L8
P14434	Q8BVN0
E9Q956	P68368
P00416	P00687
Q8BMT4	Q8BGD9
Q8BIV3	F8VQG7
Q91Z61	O35174
S4R1M3	Q9QYL0
Q9QUQ5	P62761
Q02357	O89094
Q80T41	Q9WV86
Q8BX22	P07901
Q91ZT7	Q6ZWQ0
P70335	O55028
P70452	P05480
P16879	Q794H2
Q9DBA9	Q91VB4
Q9JLM8	Q6P9J5
O89032	Q6P1E8
P01587	P97304
Q8K4X7	Q9D0Q7
A6H5Z3	O88983
P61202	P56212
D3Z451	Q99KP3
Q9JM52	P35546
Q9Z2Z9	Q9D081
Q7TSH4	Q9DBN9
Q60641	Q922B9
O08586	A2ABG4
Q60688	Q9WVA2
Q8K4Z5	A2ARM1
P40749	O35474
P04627	O35280
A2AVC4	Q8VGM8
P28658	Q566J8
Q8R3F5	Q9DBG7
P35545	Q80ZP0
Q03734	Q5U405
P46096	Q8K0S5
P00184	Q91Y47
Q07646	P54310
Q91WK5	P16332
Q8BSH2	Q9EPW9
F6S4B9	Q01705
Q9QZ05	Q91Y86
Q61037	Q9QXX0
Q8BGN8	D4PHA7
P97291	A2A891
Q3V0H9	Q8BG51
Q8VBU5	Q8CIC2
O09112	Q64143
P62838	D3YYI8
Q8VEA4	Q8CFD4
Q91V89	P14404
P63089	Q8K0B3
Q8K2F0	O35643
P62500	Q9CTN4
Q8BWQ5	Q8BHC1
Q8CIP5	Q3UUF8
Q8VDF2	Q8K4J0
P70194	Q5XPI3
Q9JHG1	Q6PGF2
Q6ZWS8	B2RWW0
P97314	E9Q5G3
Q6P1I6	P70704
Q3U5Q7	Q9CY28
P70194	P26262
Q5HZK2	Q9JIA1
Q6PHZ2	P61087
Q8CGK7	P10833
Q3U4I7	E9Q414
Q8C0X2	Q8R0I4
Q8VDD5	Q9D3N8
Q9ERT9	P10749
Q8K4Q0	Q5DU25
Q5SRX1	Q8C7R4
Q91XU0	E9PWW9
A2A8V7	P62984
G5E870	Q91ZR5
O70201	O08709
Q99MR0	Q60676
Q7TN31	O88554
P48320	Q5HZK2
E9Q3G8	Q08639
Q9JLI2	Q9DA01
Q7TNR9	Q9JLN9
Q5DTH5	Q3UPR7
Q9R0K7	A6H584
Q8K0B3	P62322
Q9CX80	Q1RME4
Q8BGE7	Q9WU81
Q9WUT3	Q3U1V8
Q149F3	J3KMP9
Q8BVP2	P63085
P58281	P70406
Q62048	Q9JIX8
Q9QZM0	Q569Z5
Q7TRJ1	Q0ZNK3
Q8QZT4	A0A087WP46
Q9DAN1	Q9R0P3
Q9R1C7	Q6ZPV2
Q9QUI0	Q9QXN0
Q00420	Q8CHS4
Q9D4F2	Q9JKC0
Q9CXW3	Q3UKJ7
P23738	Q80UN9
Q8C0T1	Q91W67
Q569Z5	Q924W5
Q9CQ89	Q61176
Q60675	P04370
Q80SY4	O08738
E9Q6R7	Q7TQ48
Q3V300	Q9WTZ9
Q9D1B9	O08600
Q9JKC6	Q8BNC6
Q9EQY0	P54830
Q80VQ0	P97865
Q6T3U4	P50992
Q9CQ46	P97366
Q61345	Q9JM83
Q91WH2	E9PXN7
Q64511	Q9JI78
O35718	P41233
Q9D2R6	Q3ULF4
Q64514	Q9Z2N8
A2A5R2	G5E870
P70434	F8VQL7
P11531	P05064
Q9CU65	Q60668
E9Q4R4	Q64339
Q64362	Q8CBH7
Q61200	F6ZSM3
Q8BK35	Q7TT28
Q91YN5	A2AAJ9
Q8VEH3	Q3U0S6
Q9D2J7	Q9WUA6
P17156	Q80Z38
Q9D4I2	J3QK54
P34914	P00688
P05201	Q60994
Q9Z0S2	Q61687
P63080	Q8CHZ8
Q924D0	Q9D2G2
Q920M5	P21274
Q60668	Q9CR57
F6XS56	Q5SWD9
Q62160	P33175
Q14BI7	P07978
O54918	Q06831
Q9DAJ5	P01027
P42232	Q5S006
Q7M6U3	P05532
F2Z4A3	Q9WVL7
Q91X51	Q921C5
P16675	Q03249
Q99LH2	Q3ULL6
Q8BUN9	Q8K386
P37237	Q2WG76
B2RUS7	Q8R070
Q8CE64	Q9WU38
Q9Z1L4	Q60934
P70406	Q3UFD7
Q9CZU0	Q9JIL4
Q9WTM4	Q8R2P1
P17156	P55271
Q00560	Q6P9Q3
Q9R020	Q8CC27
Q9JKE1	P18340
Q60634	Q99JB8
Q99M80	Q61391
Q8R0A2	P63046
P04186	Q3U0A6
A2A4P0	A2VDH3
Q9D8K3	Q9ER00
Q9R1Z7	Q9EQ08
Q9JK53	Q9QUL3
F6Z9B9	Q80T79
Q60893	Q8C0T9
E9PUP3	P59024
Q812A2	Q05915
Q0QWG9	Q3TN34
Q3THE2	Q8BYR1
Q5DU05	E9Q7N9
Q8C1Q4	P48453
Q8VCZ8	Q91XI1
Q8R3P9	Q9QZR5
Q3UDF0	P63032
O89110	Q9JJF9
P07750	P60122
Q8C8H8	G3X8Y1
Q8VD98	Q71KU9
P01101	Q9DBR7
Q99NH0	O88904
O88643	Q9CWR0
Q9DBS4	Q91WG7
Q61712	A2A4X6
P16879	Q61169
Q8C0M9	Q8R4K8
Q9EPC1	Q64737
D3Z643	D3YXS5
Q8BGW6	Q810B6
Q920A7	Q9D2G2
Q80TL1	Q8K0T0
Q9Z130	Q7M6Z0
P27773	Q61790
E9PXX9	P06800
P51680	Q9D4H1
P35293	P97823
P28575	W8DXL4
Q06180	Q6P1F6
Q99JY4	Q8BIP0
P98191	Q8BH55
Q6PDG5	Q9DBN9
Q62463	G3UWD9
P51860	Q9ERK7
Q8BID8	Q3UHJ0
Q80ZJ7	P63028
O88507	Q9ESM3
Q5DTZ6	P23881
Q3U9N9	Q03146
Q7TR10	F6QIW7
Q8BU14	Q61139
Q80UW8	Q4VGL6
P05202	P47740
P97813	Q91V24
Q8C131	P50149
Q8BVU0	Q80TT8
Q6I6G8	Q6PFX9
Q62376	P14576
Q9QYM8	Q8K2X3
A0A1Y7VP35	P70232
Q99MI1	Q61083
Q80TC6	Q9QY36
Q99PG4	Q8QZW8
Q8CFV9	P25119
Q9QXK3	Q99P88
Q3U515	Q69ZX8
Q9WTX5	O88967
F8VPS6	Q6TXD4
P62259	Q62192
Q8C4V4	Q9D2Y9
Q9Z2G1	Q3SXC5
Q8R0F5	Q3V1V3
D3Z6H8	Q9DBI2
Q99MR8	Q3UEG6
Q99J95	Q497L1
Q80XI1	Q69Z89
Q61410	Q3UQ40
P60764	Q61771
A2CEK7	P32261
Q9D7I8	Q8R4E9
O70372	P28352
Q8CIE6	Q60780
Q8BFR4	Q64374
Q3V384	Q61035
Q8C0I1	Q9R1Q8
P63276	Q4KL25
A2A8L1	Q3UN16
E9PVD1	Q8BH60
Q924A0	Q8VIJ6
O35640	P37804
O70166	P60766
Q9R0E1	Q9JII6
Q52KR2	Q6PFC5
Q61823	Q9WUF3
P11928	Q4QQP3
Q9JIA7	Q6ZQ88
Q8K0W3	Q6P1D5
Q91XP5	Q14BI2
Q9EQJ9	Q99N94
Q920Y8	E9Q346
Q80TL0	Q99M31
Q9Z2Z9	Q8R2Z3
Q3TKT4	Q9DBS4
Q61666	A2AQ07
Q3URQ4	P19324
Q61036	Q8K099
Q9Z2E3	O35626
O35392	Q9JKK8
Q9D1G1	Q91W67
P21550	Q8C079
Q61165	Q571C7
Q8VIG1	Q91V14
J3QMJ9	Q8R296
Q80ZQ7	P09041
P28571	Q91ZK0
Q60862	Q8BL66
P25916	O88516
P10630	Q9QUN7
Q09XV5	P97304
Q7M6X5	Q9WV60
Q9Z1K7	D3YXK0
Q9R0K7	Q6NZQ6
D3Z3C6	Q78F42
Q8BL48	Q3V096
Q60848	Q3TJB1
A0A0N4SVF2	Q3UGX3
Q80VC6	P17225
Q9R233	Q64191
Q9JMC3	Q571C7
Q8CGB6	P61022
G3X9K3	Q8BUG2
P70404	P00860
Q61845	Q8K057
Q9Z0Y7	Q9JJ78
P43027	Q3V3R4
Q9ESN2	Q9JLM8
Q8R1M2	Q7TMY8
Q8C2K5	Q9QZ05
Q8VE38	P40630
O54824	O88952
E9Q777	Q6ZWQ0
P46062	P25911
E9PV48	Q9ESW4
Q7TMM9	P37913
P06240	Q9EQF4
Q9D819	P56402
P80560	Q9WU32
Q7TQD2	O54942
Q14C59	Q91V98
Q9Z1P8	Q64449
A0A087WQ44	Q91W36
Q8VGJ0	Q7TRI4
P28738	Q99JX3
P05784	O09167
A0A1L1SVG7	A3KGY4
Q05769	Q8R4G6
J3QQ23	Q9D3U4
Q8R0T2	E9PYH6
Q6P6M5	Q62148
Q8BPT6	Q2VPA6
Q8C570	P09631
B1ASB6	P63271
Q5SSW2	Q9QZW0
Q62209	A8E0Y8
P06800	Q80TL0
Q91VL9	Q8R1S9
Q80ZU0	Q91W69
Q811I0	P97760
Q99L28	Q60865
Q9QZL0	P68181
O70191	P97430
P70227	O35942
P04186	Q60795
Q9Z1N5	P63115
F6ULY1	P16294
Q61838	Q9WU20
P68254	L7N1X4
Q80U63	Q64467
Q9D404	Q9QZ82
Q9QZL0	Q9JLV5
Q3UY34	Q9JJ04
Q9JJN5	O70570
Q9WUN2	Q9Z0Y7
Q64704	Q6IMB1
Q66JW3	F8VPZ5
Q8VC56	P47811
Q922Y0	Q9ERD7
Q9R0W9	Q80ZU7
Q8R050	Q6PAK3
P01831	F6R5P4
Q9CZ04	P52431
Q8K1J6	P61216
Q60750	Q8BPT6
P61407	Q9QUK3
P27790	Q61818
Q91W89	Q9QYJ7
A2A825	Q3UR70
Q6ZWY6	P62492
Q91ZX7	Q8C9S4
A2APF3	P09092
E9PV98	Q64522
P05125	P28563
Q9JK42	P41242
Q9QZL6	O35491
Q9ERU9	Q9QY42
Q5SZ99	O70145
Q9QZQ8	Q7TMY8
Q9EQW6	Q60575
P29477	P20108
Q9Z0Y1	Q9DAK9
Q6NVE9	O54910
O35607	Q02257
Q9CY99	Q91VJ4
P49442	Q91Z67
Q9CWZ3	Q9CPS7
Q3UNA4	Q9WTK8
Q7TNC8	Q6PFG8
O35737	P62908
Q8C2W3	Q1WG82
Q8BH43	Q8CBW7
Q0GGX2	O70435
P01101	Q922U2
Q64331	Q80TY0
Q80TP3	Q61656
P70453	P31649
Q8JZM7	Q61239
Q811D0	A0A140LJ87
Q8R0F5	Q6P3Y5
P11942	Q9Z2H6
Q5F226	P59528
Q9D7C9	Q9JJ78
Q3UHK1	Q8K469
Q810B7	Q9D428
P16879	Q8BHB9
Q9D4B2	Q3U1T3
Q9R0N0	P21550
A2AR95	Q8BH27
Q9Z1N2	Q8C2B3
P58043	Q9D8B4
B8QI36	Q9QXL2
Q9WV85	B1AVZ0
Q9R0M0	P13595
Q9WTN0	Q9JLT4
P32648	Q8BMT0
Q571I9	Q9D1D4
F6YK91	Q6P068
Q8K2G4	Q91ZD4
P18242	Q6IRU5
Q8BJ63	P28571
Q64520	Q9CY73
Q8K2B0	Q68FG2
Q8BJL0	Q8K1R7
Q9ET77	Q6P9K9
Q64339	Q9Z0H8
Q9D6X6	Q8BY89
Q91Z96	Q9JKP8
A2BE23	P62918
P70257	P43136
P20263	Q8CIB9
P41233	Q00993
Q9Z2U1	Q99MD6
Q99KU1	P81066
G3X9Y6	Q9QXD1
Q61083	P21761
Q9WTK8	P15539
Q91WC9	Q99KC8
Q9ERK0	Q64337
Q9JJ78	Q91UZ5
A2AN08	Q9D269
Q3U7U3	Q9WUP7
Q5S006	Q9EQM6
Q9Z0L2	Q8R4G0
Q8BM92	Q8BUM3
F6UCX4	O89100
Q8K0C9	Q8BG95
A6PWE0	Q61532
Q60696	P22366
Q91XU0	Q922D8
Q99PI8	A0A1D5RMF0
O55203	P09022
Q08943	Q9EPQ8
Q91VE0	Q01063
Q80TL0	Q3TUF7
P0C605	Q8VII8
Q8R1C3	Q61168
P32883	P35330
Q9JL18	Q9QUR6
Q9Z1J2	Q99PT9
Q91XQ6	Q8K1C7
P70403	Q04887
V9GXQ3	Q9DBI2
Q8BGS7	Q6ZPY5
Q8VDS8	Q8BL66
P63101	P58682
Q6IMB2	Q5SVR0
P32443	Q6PD28
Q04211	Q8BUL5
O35437	Q8K3Q3
P21274	P0C0S6
A6H690	Q6P5B0
Q8VE11	Q8K337
Q3V3Z3	Q52KR2
Q9QZB9	Q61879
Q68FE8	Q80T14
Q62147	Q9WVH9
Q8R0X2	Q8R2R5
Q91XL2	Q6WVG3
P68181	Q9CQ26
Q9Z1A1	Q08775
Q9CR89	Q9WUF3
Q8BVW0	P63239
Q69ZT1	Q640N2
Q8BRX9	P62835
Q8VCY6	Q8CES0
Q8BGG0	Q9EST5
Q05AC5	Q8K469
Q99JP6	P20782
P13597	Q920G3
E9PZF0	G3UWD7
Q9D2G2	O09131
P06683	Q8VDU3
Q6P8W9	P29319
Q3UHK1	P28843
Q8VCQ8	A2AQP0
Q06806	Q91VA3
Q3TJ91	Q03526
Q80TE0	Q5M8M9
Q8BHB9	O09127
O08804	O54707
Q9DA08	P58465
Q9DBP0	Q91XU0
Q04857	A6H630
Q9EQC0	O35954
Q61483	Q8BG48
Q8BYG0	E9Q264
Q68FL6	Q66JT0
Q9Z2Q6	Q9CR23
Q9CZX8	Q6P5F9
A2AQ07	Q9QZD8
Q68FD5	O88587
P41230	Q99MD8
Q9R0M8	Q9JII5
P48025	P60843
P70441	Q9R155
Q7TQ40	P41136
O54833	Q9Z2B5
P14106	O08573
Q9QYR6	Q80TE7
Q9CZW5	Q99LG0
P18155	Q8QZT1
Q62255	Q9ERZ3
O89033	Q3TYL0
Q99L45	Q3U564
A2AMD2	O89110
Q6PFR5	Q9ESU6
Q9QUM7	Q3V3E1
L7N480	P10856
Q5SQM0	O88379
Q5SW46	P04919
P35582	P97500
Q64522	P48453
Q9JKR6	Q9D676
Q8R0G7	P04760
P62900	A2A4X6
Q9D5T7	Q6PDQ2
P35235	O55022
Q9D6P8	Q3U0J8
F7BCN0	P60904
Q9CQ70	Q8CH19
Q61187	F6ZDS4
Q3UQN2	O09106
Q8QZW3	Q61120
Q8CFZ4	P70403
Q6VNS1	O54851
Q63912	O88485
Q8BS90	O88477
P97821	P08071
Q6PCP3	Q8CEE7
Q9WUR0	Q9D9D3
Q9JJZ4	O35495
P19228	P32261
P09671	Q7TSV6
Q8C129	Q8BPX9
Q9ESX5	P62311
O70548	Q9ESF1
Q8VDU1	Q3UDF0
Q80X73	Q9D6F9
Q3V080	Q64339
Q9EQN3	Q9CWH5
Q8BG02	E9PZ87
Q9JI59	Q61490
Q9D159	P48318
Q810Z1	Q8CFW1
Q3TEA8	J3KMI9
Q8R4D1	Q8VI23
P70696	G3X9G9
Q8K4Q8	Q91Y57
P09026	Q8CIN6
Q9EQB5	Q9QWU6
P30677	P70425
Q8CF89	Q8BWU3
Q71FD5	B2RUR8
P97291	Q5STE3
A9Z055	Q7TR54
Q9WUD1	P70351
Q9JMD0	Q69ZC8
Q9QX29	Q9JJ69
A2A825	Q8C8R3
Q5XFR0	F6Q785
Q3THF9	Q91YL3
Q8VC85	P05201
F6WF45	P25799
Q8VC85	Q9D892
G3X964	Q3UMU9
P12813	P49615
O88520	P42682
Q91VA0	P04117
Q7TQK0	E9QA22
F7CYK6	Q7TQZ8
Q1HL35	Q8VDG6
Q9Z0J1	P28301
Q60680	P63032
P54822	Q9CWT6
Q9D856	O54754
Q9EPR5	Q8BXR5
Q64331	P62137
Q62230	Q80UL9
Q01279	Q6PZE0
Q9D411	Q9ES18
O08599	Q64336
P10855	P56386
Q8K4P8	Q5SUG4
Q8C0N0	P63085
P52480	Q3TLP5
Q8N9S3	Q05921
Q7TRI4	Q8VFC1
P13634	Q07456
Q9R0C8	Q00993
P35283	Q60605
Q8BX22	P70658
Q8CH62	E9Q1U1
Q8CDM8	A2RSJ4
Q9D9J3	Q9D5J5
D3YXK1	P48972
Q7M747	Q9JKK1
Q8R059	P04627
Q9DAN1	Q61335
Q5XG71	G3X8X0
Q9D506	Q7M762
O08911	Q569N2
Q6ZQ89	Q5SYD0
E9Q9D5	P15920
Q60676	P97793
Q9CWW6	O88312
Q45HK4	Q8CFA1
Q0VF94	D3Z5M2
Q62230	Q9D783
P48986	Q80TE7
O70624	Q8BUI3
A0A140LJ87	P97377
O70514	Q3U962
Q8R418	Q8BGV5
Q3U481	Q9R1S3
P47811	P97363
O55087	P70227
Q9R0E2	Q9WUP0
P63015	Q7TSU7
Q9Z0W3	P50580
Q6ZPL9	Q9R1K9
J3QML9	Q60673
Q64478	Q99LG0
Q9JHD1	Q02085
O35305	O70460
P37040	P48377
A0A087WQA9	F6YG85
P56546	Q60952
Q91XB7	O88696
A0A0U1RPC4	Q8BZ21
P52332	P11032
V9GWT9	O88552
P59281	Q6PGG2
P61022	Q80X60
Q9CR53	Q5SUG4
Q80SY4	G3UY53
Q6VSS7	P11440
Q8VEK2	Q8BGG6
Q8R5F7	Q8CG16
Q8CE50	A2AIX1
Q80X68	O08600
Q8C8R3	Q9ERK0
O54941	P09602
Q9ESK4	Q9ES18
Q64336	Q9CXC9
Q9D952	Q60773
P23116	Q9JIH2
Q8VCA8	Q9QXS6
Q9CQR7	D3Z291
Q9JHI8	P13516
Q0PD08	P18872
Q571H0	Q9CRT8
Q60575	Q99KJ8
Q9D1P0	Q8C042
Q9CQM9	A2AA28
P47931	Q9Z1T2
Q9D2G5	Q8BYH7
P35242	Q9JKL5
Q9JMB8	P33175
Q64339	Q07243
Q6NWV3	A2A6Q5
Q924Z6	Q6P3Y5
Q9WU19	P63276
Q8R0F6	P06800
P54728	P13439
Q3ULA8	P86048
P63268	Q8BKX1
Q61699	Q3UH53
A2ASZ8	Q8BRH0
Q8BYU6	Q91XT4
Q7TS40	F6WLJ2
Q61406	E9Q5K4
Q61024	Q61001
Q91ZT7	O08736
Q8VDN2	Q68FL6
P61759	P59997
Q8K2W3	Q8CHS2
Q8BGQ7	D3Z286
Q58Y75	Q6JPI3
Q5ND52	Q5RJG7
P18760	O08644
P27038	Q9Z176
Q6PDG8	P50405
Q8CHG7	Q3SYJ2
P63072	Q62296
Q9CQG0	Q7TR95
Q6P2K3	Q91V51
B1ARH2	Q7TMN8
P35375	P48758
Q14CH7	Q91Z61
Q0VGU4	Q8BTF8
O88398	Q9D9D8
Q00993	P0CW02
Q8R332	P39054
Q91Z61	Q673U1
Q91VD9	Q8VIG0
Q8R2V3	Q8C129
P10518	Q9WTP7
P52293	Q61089
Q64704	O54774
P50296	Q9EP96
P97783	P26339
Q76HP3	Q8BSK8
P61028	O54714
Q3V1M1	O35385
Q8BQM8	P80313
Q9DA69	Q8BQY8
Q80ZN5	Q99MY0
P42682	Q80TL7
Q99N16	Q58NB6
Q8BNQ3	F8VPJ8
P97952	Q9D6Y1
Q8C2S0	P30416
Q9WV60	Q9R1Z7
Q9D7W4	Q9D1D1
Q61831	Q99MK8
Q8C052	Q8R080
P97288	Q8BVK9
Q31615	Q9D113
Q6TAC4	P97793
O35648	Q922H2
Q8BWC0	Q704Y3
P19973	Q9ERL7
P52479	Q61699
Q62093	Q922G0
Q8CIG8	O55131
Q8VBW6	Q91VT1
P0DP26	P41183
Q6IRU2	E9Q5G3
Q9JLK7	Q149M0
Q9CZD3	Q91WJ8
O88708	Q61102
A2CEL0	Q8VC23
P55200	P49429
E9PZQ1	Q80W54
O35379	P63017
G3X8U2	Q6P924
Q9JLJ1	Q8QZR5
P97865	Q8C092
Q8CE22	Q9DC40
P61458	Q9CZU0
O35387	P39054
Q9Z2I8	S4R2L8
P50608	Q80ZF8
Q9QYE5	P35456
Q3TLI0	Q91VC9
P26040	P83093
Q8CD19	P30677
Q9R0M1	P05532
Q8BRT1	P29341
Q9EP72	Q14AZ4
O54798	P97288
Q8VI94	Q9WVJ3
A2CEL0	O88783
Q9CQY5	Q99MJ6
Q8BVZ1	Q4LDG0
Q9ERL9	Q8BGA3
P27641	O09044
P41245	P97290
P61406	Q9D2Y9
Q8K1A0	P56546
P70460	Q91VH2
Q3UA06	Q3UHK1
Q9JJV5	Q9JJR9
Q62186	P23979
P30276	P62962
P19785	P10648
Q9JKD9	Q6PB97
Q810J8	Q8CBF3
Q8BH88	P56931
Q9ESC8	Q8VDD9
V9GXC4	Q8BUE4
Q80YE4	Q9D2R8
Q99PE9	Q9DAI2
P25799	Q9WVQ5
F6ZIS7	Q91W64
Q8BH66	Q8BHE3
Q00286	Q32M02
Q7TN16	Q1JRP2
O08689	O88351
Q91X46	Q9JIF3
P52624	P00860
Q6F3F9	A6H694
A0A0N4SWA5	Q64133
Q8VCK3	P39053
Q9CY94	Q32ME0
Q1HFZ0	Q64368
Q8R4G9	Q8BVT7
Q60855	P09922
A2AKM2	Q3U214
P21981	P55850
Q62417	Q7TPM6
Q8BPU7	P62492
Q8C878	Q69ZF3
Q3U0D9	Q924C1
Q61288	Q9QXV9
P45481	B2RR83
P70424	Q9JK84
Q9CQV7	P82350
Q64731	P31316
Q8BMZ5	P09671
Q9JHK4	Q8VEH3
Q04592	Q9Z0W1
O54941	Q60866
Q8C031	Q91V14
Q8BYJ6	Q6PHN9
Q6ZPV2	A2AIX1
Q8C1Z7	Q9ERV7
Q6ZWR4	P63042
Q99NH0	Q80YT3
Q7TSC1	P07934
Q60610	Q80YD6
Q3UX61	Q3UYV9
Q8BID6	P48455
Q8BVI4	Q9CZS1
Q3THS6	P0C1T1
O70145	Q60994
Q8BVT6	Q91ZT9
P81183	Q99MR0
Q9D6Z1	Q99JX7
Q9Z2W1	Q8K419
J3QMW5	A0A140T8U4
P52624	Q9D1N9
P14873	Q9EQT6
Q9NYQ2	Q07417
Q9JM73	Q9D9G2
Q8BP48	O35658
P28649	P28704
P28867	Q9JLK7
P20443	Q01102
Q9DB38	Q8VI94
Q8BPP1	Q61409
Q6DIB5	D3Z0N3
Q99NE5	P84075
Q60932	Q99PU8
P23780	Q99P31
Q62059	P35230
Q99MR1	Q9R0P9
P33435	O35177
P57780	Q76MZ3
Q9D2Y4	Q9D6K5
P09023	Q9CXG9
A2AI93	P56842
Q9D3N2	Q8BTI9
Q64695	P0DOV1
Q4G5Y1	Q69ZK0
B2RVN1	P30681
Q6ZPS6	Q6S7F2
Q61694	Q7TMY7
P18572	P62492
Q80U72	Q9WUM3
Q2KHI9	P02468
Q58A37	P32848
P25911	Q61592
Q9WTV6	Q6P1F6
Q8CAM5	P47758
D3YVF0	Q62420
Q64442	Q99N90
E9Q3T0	P09405
Q9WUK6	Q8CGN4
Q9CWF2	O88904
Q8BRG6	Q9ERK0
O88693	Q91Z53
P10749	P70375
Q3THE2	Q67DU8
P48985	Q61327
Q8BIF2	Q8BIV7
P17225	Q8BKZ9
Q3UYI6	Q9D8T3
Q9D6K8	Q3U1N2
Q9QXP0	Q7TQE6
P43277	Q80WG7
Q8R1G2	Q9WUR2
C0LLJ0	A0A087WR44
E9PXQ7	Q8C419
O70291	P49650
Q9CWU0	P09671
P09922	Q3V0C5
O88939	Q8BUN5
Q68FF6	Q8BHD0
Q8K2Z2	Q3TKY6
D3Z4T1	Q99J85
Q61039	Q9QWV9
Q61810	Q64096
P18052	P60764
Q61263	Q9WVP1
Q3TZX3	Q99LX0
Q6URW6	Q9DAV6
Q5RJY2	O89114
P05063	P97493
Q8BG99	Q8R1H0
P70315	Q8BKG3
P57784	B2RY53
P63001	Q8R173
P98154	O09012
Q9D0I9	P70669
Q059Y8	A2AHC5
F8VPZ3	Q3V0K9
Q3U0D9	Q5DTT4
Q80U78	O35604
E9PVZ3	Q64339
Q64105	Q9CQN1
P54823	A6H619
P32082	P48986
Q9QXK3	Q8CJG0
Q8BU33	Q9CPV4
Q3UD82	Q9R0K7
Q9R171	Q61850
Q9Z2G0	P70398
P10923	O35452
Q6NS69	Q8BJI1
P01132	Q63810
O35660	P25688
Q8K1T1	O35298
Q8BYK5	Q9QZ04
Q61188	O08919
P20918	P55097
Q3ULD5	D3Z497
P62627	Q9CR96
Q8BH66	Q6PGE7
Q8K4C5	Q61098
Q9JJN2	Q60611
Q3UFF7	Q8CC35
Q07832	P27467
P28271	Q9DCV3
Q8VCR7	O09164
Q8R3C7	Q91VF5
Q5SUG4	Q91V24
Q8C551	Q9CPV5
Q61006	Q925K9
G3X996	Q9WUA2
Q5RJI5	D3Z757
Q8CIR4	Q62084
Q8BQC3	Q7TQF2
Q8BHI9	A2A825
B1AUH1	Q3V3A1
Q8CI75	Q99NH2
O08810	P29037
P70458	Q8BKS9
Q80XS6	Q8CHP6
Q01822	Q8K402
Q8BVD2	A6X935
P20357	P20293
P63013	P97401
P62748	Q91ZX1
Q9Z172	S4R1L6
A2AKN9	Q91XD3
P28798	Q9DBY4
A0A0N4SVF2	Q9Z218
Q14AZ4	G3UW82
E9PV96	Q8R290
Q8VHP6	B2RXV4
Q8K304	Q9ESP1
P20108	Q8VI97
Q9Z277	Q61501
Q9CXV1	Q8K0D0
Q5SW75	P60766
Q8BUY8	Q63ZW6
Q2NL51	Q8VCE9
Q8K396	Q8VDF2
Q8BG60	Q9DCE5
P58462	Q01815
Q3V1F8	Q8R139
P10833	A2AQ19
Q64280	Q9EPZ6
Q9CYX7	Q91W29
F6RZ85	A2AVB0
A0A087WNP1	P35545
Q571C7	Q9JHD2
Q8VDS8	Q3SXC5
P70372	O89110
O35600	O35308
P70697	Q11136
P01887	Q3U128
P60761	O54839
J3QPY3	O08863
W8DXL4	Q3UYV9
P54279	P53349
P05213	Q91YQ3
Q61790	P23611
P49222	Q9DCZ1
Q8K1L5	Q8C0R9
Q924W5	Q8K368
Q8BTK5	Q8CGC6
P62852	Q6DFW4
Q9DCH4	Q7TQ48
Q8BP86	Q9JHJ5
Q6PCZ4	P16014
Q6NZL1	Q8C4G9
Q9QZF2	Q9R0E1
P25911	O08573
Q9WVM8	Q9D5J6
E9Q236	Q9DC28
Q9CQF0	Q8CAQ8
A2AFI6	Q9D710
Q9EQG3	Q99PE2
P00683	P70348
P53566	Q8BKI2
Q3UV70	P16283
Q8C0P5	Q3THK7
Q80UV9	Q9WTZ2
Q99P81	P18572
P18653	Q62432
Q8VFH7	Q8VG59
P02340	Q9CZM2
Q8CHR6	Q5HZJ0
Q8BX80	Q8VEL2
Q7TSZ8	Q8BKT7
Q9D4I8	Q9Z1Y4
E9Q7T7	Q9CX86
Q9WV70	Q9JHD2
P63280	Q6PZD9
P23738	Q99P68
P48432	Q9QZR5
Q61626	P70660
P21447	P97742
Q99KR3	O88712
Q80Y86	A6H6S0
Q9D7A6	Q9D554
Q9JL95	Q9JM83
P16951	Q8K3G5
Q61191	P97470
A7L9Z8	Q8VHS2
P63072	A7KBS4
Q91W67	Q8BGX0
Q8C1F5	P63072
O09174	Q8K248
Q8BUN5	J3QP73
D3Z5F7	P35585
Q8VE70	Q8VHQ3
P42128	P51945
E9PZM4	P62254
O88895	Q3V3W4
Q91ZA6	Q8BK62
O08746	Q9Z238
Q9D5U5	Q8CDM1
Q08639	Q3LR78
Q68ED2	P70211
P01887	P31240
O35719	V9GXQ2
Q80YR7	Q3U3S3
Q8BX22	L7N208
Q61035	Q9D8W5
Q9QXL2	Q3V1U8
Q80X98	Q9WVG6
P11590	Q9CQS2
Q1H9T6	Q9R0Q7
O70133	Q9CQ76
Q8VIG6	Q9ERK7
Q5U4E0	Q9R0N3
E9PX29	A0A087WR13
Q91YU8	O88587
P09632	Q9D0N8
B7ZCR6	Q924C1
Q61116	P51859
Q9JHD2	Q80V23
Q9CR50	Q8VI47
Q9CWF2	Q08274
Q14AZ4	P62774
Q8BYP3	O35607
Q05910	Q8CFK6
Q8BHK0	O88485
P35585	D3YVM5
Q9DAJ7	P63075
Q8BHC1	P97343
Q91ZX6	Q8CFW1
P30678	Q9JMD0
Q8CDD9	Q8C080
A5H0M4	Q8VHH7
Q8C2B3	P24610
Q80YR5	Q8BYH8
E9Q6M3	O70445
P18893	P07146
Q3TD16	Q31093
D3Z643	Q8VEL0
P68510	P37237
Q9DAK3	Q8K3H0
Q8BTY2	A8VU90
Q9WV60	Q03142
Q9D8G5	K3W4T6
Q09XV5	Q9CY97
Q9JHI8	Q8BWF0
Q9Z0G0	Q9WVJ3
P0C090	Q8BJ34
Q99PU8	P24547
J3QPV5	E9PV95
Q8BHE3	Q641K1
P61089	A2RT62
Q9WV95	Q810B7
P48776	P43345
Q80TY5	P06804
Q4PZA2	Q8R366
Q569E4	Q91Y44
Q9CQV8	Q9EQF6
Q9QY48	A2AIW0
P97493	O09061
Q80W54	Q8BXA5
B2RUJ5	Q5RKR3
A0A087WRT7	E9PXX9
Q9QZ57	Q8BM86
Q9QXA5	P45878
Q9R0H2	P63137
Q80SY3	P22366
Q8C3P7	Q99JX7
Q3V0U9	O70279
Q8C7B6	Q8BXH3
Q99KL7	P61079
P24369	Q8K099
Q8VDW4	Q9D4J1
Q8BPK2	Q9D0T1
Q9WVF8	Q8BG48
O70310	Q7TPV2
Q8CC14	E9Q6D3
Q8BGT0	Q04519
P97351	P35700
P0C7M9	Q8VEA4
P12658	O88632
Q9CQR6	Q8C632
Q5SW46	P47199
Q9CZU3	B2RXZ1
O55028	Q6P8J7
Q91VA7	Q64521
Q3UHE1	Q3TFD2
Q91X17	Q8QZW3
Q8VEV7	Q7TRG0
Q05910	G5E870
Q80T14	B1AVK5
Q715T0	Q7TSI0
Q8CGK3	Q9QYI6
P70695	Q9JIM5
P52825	O35943
A9Z055	Q96DY5
O70507	Q03391
Q8K348	G5E8K5
P46460	P59470
Q8K4Z2	P14404
Q8K4L0	P0C8K7
Q60829	Q99LS0
Q80V23	Q91VS7
Q69Z26	Q5SSZ5
Q9R0B9	P40338
Q3UIA2	Q9CR52
Q00899	P70398
Q61881	Q9DD18
Q8BPW0	Q9JJE7
P14106	Q9D0N7
Q61390	Q9DCC4
Q6PCM2	Q62383
Q61411	Q8R1Q0
Q64462	G3UWD9
P49182	Q99MT6
Q9ESS0	Q5SYL1
Q7TS55	O70138
Q3UGR5	Q9R182
D3YUH6	Q60929
Q8BT60	P23950
Q03401	Q9D9G2
Q80XP8	Q9JJX7
J3QPC5	Q5HZJ0
P14148	Q9D8S4
Q0VBD2	P83887
P62482	Q922P9
Q8BPX9	Q9WTN6
Q9CXF7	Q6ZWZ2
Q8BW10	Q9Z2B5
Q8CFA7	P51859
Q61169	Q9WU42
P09405	Q9QZQ8
O70577	Q923Z4
Q9WUU9	Q61493
Q6ZQ82	Q3UCQ1
Q5QD15	P68368
P28352	E9QJT2
P43300	Q99NE9
Q7TQA3	Q6ZPS2
P23204	P29621
Q7TNU7	Q6VV64
P61226	B1AUC4
E9PYF4	Q9CQM6
Q91XE7	Q9JJF0
Q9Z1Y9	P97438
Q9QYH6	Q9R0Q4
Q9WV60	O35626
P05627	Q9DCJ1
Q8K224	Q5EBP8
P49718	P84104
Q9CQ02	A0S860
Q8K3F2	Q3UHN9
Q8C3S2	Q9DBY0
P26618	O35988
Q20BD0	P17710
Q5GH67	Q61137
Q8R0H9	Q9EPU0
Q8K004	Q8R1U1
Q91YT0	Q9CQV7
P18762	P17879
Q62261	P47809
Q62120	A0A140T8I4
Q8CGF5	Q8R420
Q8VGS2	A2RS33
P63024	P62737
Q9CR57	Q6P9Q6
Q05910	Q07797
Q8VIB5	Q6PFG8
Q3UEP4	Q9D548
Q8BGW8	P70424
Q9CQA3	P62956
P10601	G5E845
Q9ERE3	Q6T3U4
Q6NS52	Q8JZM4
Q9Z2Q6	Q8BH66
Q9D6T1	P43404
Q8C0N2	Q4KWH5
J3QPZ4	Q64522
P05213	Q05816
Q99P81	Q9Z0L6
Q9QYE3	P01887
Q8R5M2	F8VQL7
Q505D7	Q7TS43
P10855	Q80YW0
B2RUQ2	Q7TQH0
B2RVE2	Q80XQ2
Q9D1G1	Q6P549
A2ART2	Q9JJ66
Q99MZ3	Q924A0
Q9JLN6	Q60718
Q07076	O35099
Q5SSL4	Q8K2Q7
Q8CCT7	Q6PFR5
Q9EPQ8	Q9D7M8
P47738	P51642
O35732	P06795
Q3I5G5	E9Q3L2
Q9QYJ3	O08738
P86448	Q924Y0
Q8VDP4	P10107
Q9CPY0	Q6DG52
P63242	P47753
O08850	Q8R3L8
Q9CX86	Q9Z132
Q8CHG3	Q3UHD3
Q9QXK7	P10639
O88866	A2AJX4
O54863	Q8C854
P54103	Q3TJD7
Q62448	Q8CH18
Q9JID9	P35991
P42682	Q8CFI2
Q9QZB7	Q8K214
Q9Z108	P58389
P27814	Q91WD9
Q9CQN1	Q8BU30
Q32ZM2	P0DJE0
P51960	Q80ZJ6
P18762	Q9DBC3
Q99MA9	Q6P566
P29594	P97820
O70456	Q6PD05
Q9CPU0	Q68FD5
Q6NZQ6	O09130
G3X8U2	Q9D2F0
Q9R1P0	Q91X58
P09092	Q9D030
Q8CGY8	Q61315
Q9JLV1	Q9D0M5
Q6NVG7	Q9WUB3
Q91XL1	Q5Y4Y6
Q61086	P49582
Q91X97	Q7TSQ1
P17717	Q9CRB3
G3X982	Q64285
Q9D504	O88848
Q9QUK6	Q9Z280
Q99J83	O35730
Q69ZA1	E9PVF1
O09000	Q6ZQ03
Q3UMR0	Q5NCY3
Q2KHK3	Q9Z0V2
A2ANU3	P48986
Q9ET54	Q9Z186
Q9DBG7	O88958
Q9D4C6	Q6P5G6
Q9JI08	Q6W3E0
P12961	Q8K377
Q6P8W9	P00015
Q80YV3	Q9QY14
A0A1D5RMC2	A2RST1
Q6ZQH8	E9Q7G0
Q921V7	P32037
Q64487	O35136
Q9JLI3	P56818
Q3V016	Q60969
P21447	Q5U4D8
P48964	Q7TPD1
P41234	Q9CZW4
Q5SUV5	Q0VBD0
Q9ERK0	Q9WUH5
P63330	Q8BGR2
P24860	P28322
P16879	P47791
Q64261	O88848
Q8BFQ6	Q07235
Q922H1	Q6PDG5
Q9QWY8	Q01063
P70321	P54843
P10605	O54990
P15392	G5E8L9
O88833	Q923W1
Q6E1M8	Q9D240
Q8K1I3	A2A974
P35279	P42125
Q5U4C9	A8VU90
Q9R1K5	Q61467
A0A087WSK7	Q9EQG7
Q9D1H7	P05555
Q3U0M1	Q8K572
Q3UMK4	Q8BJ25
O88559	Q8JZQ5
Q7TQY5	Q9QY00
Q91WG2	Q9QUI0
Q9QUI0	P42228
P84228	Q8VI33
P63254	Q3V0T4
Q8R4A3	Q6PDY2
Q0P5W1	O54834
Q9QXT8	Q9WV76
Q9QYI8	Q9D706
Q8VDN4	Q9Z2W8
Q9Z1K5	Q99K90
P02340	O55135
Q63844	A2APB8
Q3UX10	Q8CFP6
E9PYH6	A2A8V7
P22387	P02104
Q5U464	Q8BRN9
Q0P538	P11672
Q9ESL4	P20029
Q14CH1	Q8BH69
E9PW05	B1ASD8
Q8VE38	Q8QZT1
E9Q3A7	P31648
O35954	Q9EQ16
P47738	O88822
Q3UNC9	Q9D8Y8
Q9QY30	Q5SXG7
Q62376	P82019
Q64441	A2A591
Q9EST5	P62307
Q9DC53	P04925
G3X982	Q8BGG9
Q9WV32	Q9JHJ0
Q9EQZ6	Q9D4P0
O35298	O35732
O09046	Q63844
P97360	Q69Z37
Q9Z0M3	Q8BLK3
P16110	Q91YX0
P55050	Q8VHD8
Q99KG5	Q3UD82
Q6NZM9	Q8CG46
O54794	Q05BQ1
Q8BFZ4	O88967
Q8BPS4	Q9D531
P00536	Q8C0N1
Q9CZB0	Q9CQX2
Q9CYN9	P97399
Q3V0J4	B1AZP2
P48754	P11862
Q60961	Q9WTX5
B2RRD7	Q5U464
Q9WTZ8	P70694
P04938	Q91XD3
Q9WVI9	Q8CD60
Q7M6Z4	E9PZ87
Q5NCM1	Q8BGD4
P57780	Q8CI43
Q91ZE0	Q9QXD1
Q62280	Q641P0
P14152	P05213
Q00519	Q8CIZ8
Q923X4	Q8BND5
P63006	P10284
D3Z5T3	A7MAW9
Q4QQP3	O88895
P29812	Q9Z1T1
Q99MV1	O08538
Q69ZS0	Q8BGT6
Q922H2	Q8CFY5
Q8CG65	P48346
Q8BHD1	Q62190
O35536	O08762
Q9Z204	Q9Z2I8
Q9Z0V8	Q8R050
P63280	Q5GIG6
Q91VA0	Q8K3I9
Q9QX98	Q61490
O70468	Q62417
P22605	Q69Z66
P56383	F6XVH0
Q61090	P52795
Q05860	Q9ERL9
Q8K202	P70187
Q8CBW7	Q9Z2P8
P62309	P59325
Q9QYX7	F6ZGR6
Q99LQ7	Q8CIF4
Q3TFD2	Q924K1
Q60632	P35584
Q8VD63	Q9Z1S5
Q3TKT4	Q8BRH0
O88509	Q62351
Q6NZL8	Q91YQ7
Q8CGC7	Q8VBT0
Q62252	Q9EQX4
Q5RJI5	O89084
Q8BP31	Q5M6W3
Q9DB75	Q6ZQ08
Q9JLY0	Q920Q8
P97368	P97875
P04918	P04918
O09000	Q9D0D5
O09000	Q8BKT3
P35438	P39087
P08882	P08882
Q08509	Q08509
O35423	O35423
Q91XX1	Q91XX1
P45481	Q02248
P31310	P41778
O54714	Q08874
P97311	Q9Z1X9
P11798	Q62108
P01865	P04214
P11416	Q60974
P06869	P35456
P01942	P01942
O55203	Q8BZL8
Q07440	Q91ZE9
P25911	P25911
P02468	P19137
Q9D309	Q9D309
P35438	P70175
P63166	Q9WUF3
P98192	Q9R1Z7
Q5SSL4	Q62108
P63328	Q9JJW5
O09106	Q60973
P07141	P09581
P17433	Q04742
Q8BW74	Q8R1B8
O88597	Q8VD65
Q8K439	Q8R0T2
Q07279	Q8BLR9
Q07279	Q8CCE9
O35137	P31310
P01843	Q58E56
P70196	Q8N7N6
Q61188	Q9WUL8
Q3UNW5	Q9ERA0
P22366	Q8R4K2
P10417	P53566
O09106	Q61188
P39429	P39429
O35716	P15261
P42225	P42227
P14429	P84099
P15066	Q9D275
P01897	P06339
Q9EPB4	Q9EPB4
P28033	Q80YE7
O88554	O88554
Q61545	Q9DCD2
O88574	Q60520
Q60710	Q60710
P62984	P70196
A0NA69	P01646
P62754	Q8BSK8
P08505	P25799
P84244	Q61666
P70196	Q9QYK7
P97772	Q99JP6
Q9QWW1	Q9QWW1
P06344	P14434
P03953	P03953
P15307	Q3U4B1
P70288	Q6ZQ88
P47811	P47811
P01635	P01646
P22682	P39688
P23927	P42227
P97760	Q9DBS8
Q62559	Q62559
Q9JKE2	Q9JKE2
Q07243	Q9QZB6
O08785	Q9WTL8
P48985	Q61909
Q9R002	Q9R002
Q80W49	Q80W49
Q60520	Q8BR65
P31809	P31809
Q62108	Q9R1V6
P15919	P15919
P01660	Q5R3X1
P15806	Q9CPV7
O08740	Q99NE9
Q60769	Q60769
P09528	P09528
P97471	Q62432
P35456	P35456
P63328	Q9JK37
O88508	O88509
Q9CQ48	Q9CQ48
P30412	P30412
P29452	Q3UP24
P01101	P09450
B7ZBX1	Q61412
Q62315	Q921E6
Q60803	Q9WUN2
O08749	P63101
B2KG64	P49710
P97311	P97311
Q4JIM5	Q4JIM5
P70288	Q60520
Q80ZV0	Q9CQ18
O88513	Q8R4E9
P62965	P62965
P30282	P30285
P23979	P23979
P22892	P22892
P04925	P04925
Q8VDP3	Q8VDP3
O89110	P25446
Q61066	Q61066
P05132	P63248
P70365	P70365
P27512	P39429
P26350	Q9Z2X8
O35137	P80206
P23804	Q9CXW4
P04223	Q91YE7
Q04207	Q9WTK5
A2ASQ1	A2ASQ1
Q99JB8	Q99JB8
P04187	P70677
O89053	O89053
P12023	P97318
Q61553	Q62108
Q8BKH7	Q9JLN9
Q61545	Q8C7B8
Q9CUN6	Q9Z2F2
Q9EP71	Q9WUL8
Q3U4B1	Q9WVB3
Q61545	Q921X6
P25799	Q9WTK5
O54828	P62881
P40338	P97481
P04214	P04223
Q07279	Q9D0D5
P70196	Q80TQ2
P56873	Q9D0C1
P06876	P22091
P02088	P02088
P70196	Q60769
P11103	P27790
P15307	Q9EQ14
Q8CBB9	Q8CBB9
Q99PM3	Q9D2H6
P40764	Q8VI67
Q60668	Q9WUL8
P11531	P51637
P01837	P01869
P02340	Q9Z1E3
P12382	P35438
Q99J99	Q99J99
Q60862	Q61881
P15806	Q6PGF3
P07750	Q60591
Q61687	Q9Z2D6
Q9ESN9	Q9ESN9
P20917	Q99PI8
P61458	Q925B0
F6SEU4	Q8BKX1
P58462	P97471
P35438	Q8BMF4
P42225	Q64339
P10085	P15806
P60843	Q6NZJ6
P11531	Q9D2N4
O35137	O35602
O55201	Q925E7
Q99104	Q99104
Q80W03	Q9WTU0
P63085	Q62132
O09100	P22091
P25206	P97310
P59997	P59997
P01631	P18529
S4R1L6	S4R1L6
Q62165	Q62165
P97802	P97802
Q80ZD8	Q80ZD8
P13405	P25322
O88522	Q07279
P15307	P43431
P04223	Q64329
Q62193	Q9Z1N2
Q60675	Q60675
O08785	Q9R194
F6SEU4	Q3UXZ6
Q8CCI5	Q9CQJ4
O88351	O88522
P06876	Q9Z2U2
P18111	Q9D0D5
Q9Z0H0	Q9Z1N2
Q61626	Q62108
P18654	P63085
P11440	P51943
P20263	Q6PDQ2
Q60862	Q9QZ41
F6SEU4	Q01097
P63101	Q03265
P15314	P22366
Q04742	Q61179
Q9Z0G9	Q9Z0G9
P63166	Q505F1
Q9WVE8	Q9WVE8
P58929	Q9WTP9
Q07279	Q9JI90
P35438	Q9D415
O09106	P48432
P40764	Q64317
Q8R5A3	Q8R5A3
P43136	P50220
P15806	Q99NE9
Q8R4I1	Q9JHD2
P0C192	P0C192
P61969	P61969
P22366	P22366
P02340	Q60520
P17919	Q924Z4
Q9JLB9	Q9JLB9
P26450	P42337
P09092	P60898
O35137	P35582
P40645	Q80W03
F6SEU4	Q80UP3
P15919	P21784
Q4ACU6	Q9CQV8
O09130	O09130
P23819	Q925T6
Q99P58	Q99P58
P35438	Q8BFV3
P02340	Q9Z2U2
Q3UHF7	Q9WUL8
P15307	P25799
P15314	P23611
D3YZU1	Q4ACU6
Q3UH93	Q3UH93
P0DOV2	P0DOV2
P63157	Q9CXU1
Q8CDG1	Q99MV1
A2NUE8	P01837
Q8K3K8	Q9WUN2
P14439	P18469
P62259	Q61234
P63101	Q76MZ3
P16054	P23242
O35486	O35486
Q6ZQG6	Q8CGW9
P63044	Q62277
O08547	O08547
Q01147	Q01147
P0CG50	Q6R3M4
B1AWK6	Q99NE9
Q04744	Q9QX99
O35526	P63044
Q9CQG4	Q9CQG4
O88597	P10417
P62259	Q8BYJ6
O08856	Q920Q8
Q8BM92	Q8BM92
P62627	P62627
P01837	P01863
O55144	Q8VDQ8
P23804	P23804
O09108	P08046
P11798	P28652
Q07279	Q62240
Q60770	Q60770
Q9CQB2	Q9Z1A1
P05132	P31324
O08788	Q6A078
Q62108	Q811P8
Q3UA06	Q6PDQ2
P46938	Q7TSJ6
P01851	P01851
P27038	Q9D6K5
Q9CYZ8	Q9JKU8
P01887	P11610
P50220	Q00288
Q91XL9	Q91XL9
P68433	P83917
P27601	P27601
Q62108	Q9QYS2
Q61545	Q6P3E7
P01630	P01630
O88522	P25118
F6SEU4	P16054
F6SEU4	Q8C8R3
Q5SXA9	Q80TS7
F6SEU4	O70318
P70168	P70168
Q9R1Z7	Q9R1Z7
Q64487	Q64487
O70589	Q811D0
Q3UHD9	Q9D415
Q80UF7	Q9WUN2
P30282	Q64261
P26450	P31041
P27782	Q9JM05
P97310	Q9Z1N2
Q99PJ1	Q99PJ1
Q04742	Q61169
P01867	P01869
Q07243	Q924Z4
P80206	Q04742
Q3TBT3	Q9WUN2
O35317	Q8K5B8
P68369	Q61699
P15806	Q8BVL5
O35137	P18111
P46414	P51943
P56873	P80313
Q9D7V9	Q9D7V9
P63005	P63005
P23242	P39447
Q8C5D8	Q9ESZ8
P61458	Q9WV72
P35922	Q9WVR4
P41969	Q63844
P03966	Q9JHE6
P12815	Q9CQ85
Q01705	Q8C863
Q9D032	Q9WV72
P25446	P63280
Q1H9T6	Q1H9T6
P10148	Q04207
O70405	O70405
P54818	Q61207
Q9EQH3	Q9QZ88
Q69ZK9	Q69ZK9
O88890	Q9QUM4
P29391	P63017
P08074	P08074
P70196	Q3TL44
O08686	Q01147
O35305	P39429
Q6NZB1	Q6NZB1
O35317	Q08624
P21836	P21836
O88898	P02340
P52293	Q3UHK8
P13405	Q08775
P35438	Q61495
P46662	P46662
O35718	Q62120
O35310	O35310
O09000	Q925H1
Q62073	Q8CF89
Q9R0G6	Q9R0G6
Q9QZM2	Q9QZM2
Q04863	Q9Z1E3
P60879	P63044
O88485	Q61768
P26043	Q62170
O55203	O88609
Q62108	Q9R0P5
O88621	P42582
O88597	O88597
P35438	P63318
P20263	Q8CCI5
P41136	Q60722
Q64317	Q9ER42
Q9CPU0	Q9CPU0
P48281	Q8BUN5
Q60769	Q9D032
O09000	Q924Z4
P97801	Q9CQG4
P29037	Q6PDZ2
P01837	P01867
P17433	P23772
Q9JJX7	Q9JJX7
P35235	P35569
Q91ZK0	Q91ZK0
Q3UHD9	Q62108
Q62348	Q62348
