Q7D4P3	P07948
Q7D5J3	Q9UJV2
Q7D5J3	O95453
Q10516	Q9UEB9
Q10516	P35638
P9WI81	Q9HB61
Q10516	Q8IZL5
Q10516	Q7Z569
Q7D4P5	Q68DZ3
Q7D4P3	E9PI54
Q7D4P3	Q96MG9
Q10516	Q96SI8
Q10516	Q96E67
P9WPH9	Q9UEX3
Q7D4P5	Q9Y2K2
P9WI81	Q59FY0
Q10516	Q9NNZ9
Q7D4P3	Q75N87
Q7D4P3	Q9P283
Q7D4P3	Q9HAZ1
P9WPH9	Q9UDI3
Q7D4P3	Q92601
Q7D4P3	Q9UCX7
I6WXK4	Q92650
Q10516	P63173
Q10516	Q8IUS3
Q7D4P3	Q96NZ6
Q7D4P3	Q9BUG1
Q7D4P3	Q86XD7
Q10516	Q9BQF0
Q7D5J3	P16581
Q10516	Q9UDG1
Q10516	Q9UMX2
Q7D4P3	Q9UL53
Q10516	Q59E99
Q7D4P3	Q9NWB7
Q7D4P3	Q8NB68
Q10516	Q5T648
Q10516	Q9Y2C9
Q10516	O95450
Q7D5J3	P61163
Q10516	Q9UFQ1
Q7D4P3	P39019
Q7D4P3	Q9HD66
Q7D4P3	Q9UBB1
Q7D4P3	Q9UNA8
Q10516	Q9P152
Q7D4P3	Q99842
Q7D4P3	Q6LD15
Q10516	Q9UC57
Q10516	Q9Y6J0
Q7D4P3	Q9UCX5
Q7D4P3	Q6ICQ7
Q7D4P3	Q8N173
Q7D5J3	Q16027
Q10516	Q9P2C2
Q7D4P3	Q15405
Q10516	Q9UDC2
P9WI81	Q9BW83
Q7D4P3	Q9P082
Q10516	Q9BVZ0
Q10516	Q8TDK9
I6WXK4	H9KV45
P9WI81	P52564
Q7D4P3	Q6DK23
Q10516	Q5M8S9
Q7D4P3	Q9Y6U3
Q7D4P3	Q8N422
Q7D4P5	O43739
Q7D5J3	J3QS46
Q7D4P3	Q96G29
P9WI81	Q6ZT57
Q10516	Q96C16
Q7D4P3	Q6UWL3
Q10516	Q9NT88
Q10516	Q92768
Q10516	Q8N679
Q7D4P3	Q9UFF4
Q7D4P3	Q8N721
Q7D4P3	Q96I38
Q7D5J3	P07478
Q10516	Q6FHA2
P9WI81	Q9BTT1
Q10516	Q8IVR6
Q7D4P3	Q9Y6K9
Q10516	Q8NE16
Q7D5J3	Q9CY33
Q7D4P3	Q9NZ06
P9WI81	P43405
Q7D4P5	Q9NRH9
P9WI81	Q9UIT9
Q10516	Q9BTK8
Q7D4P3	Q9NSL1
Q7D4P3	Q13904
Q7D4P3	Q96HF9
Q7D5J3	Q96SI8
Q7D5J3	Q96J22
Q7D4P3	P49674
Q7D4P3	Q6PB27
P9WI81	Q6LES0
Q10516	Q8N5L4
Q7D4P3	Q9XRX2
Q7D4P3	Q53XV2
Q10516	P62249
Q7D4P3	Q9UDI2
Q7D4P3	Q92885
Q10516	Q9UHL1
Q7D4P3	Q9UKK8
Q10516	Q2I102
Q7D4P3	Q96EM8
I6WXK4	Q9Y6F4
P9WI81	Q9HBC0
Q7D4P3	Q9NRG0
Q7D4P3	Q9BXR6
Q7D4P5	Q5M8S9
P9WI81	Q9UQN5
Q10516	Q9UDL4
Q10516	Q9UKP4
Q7D4P3	Q9BWY3
P9WI81	Q96J22
P9WI81	P62834
Q7D4P3	Q9HCB6
Q7D5J3	Q9UH94
Q7D5J3	Q6LES0
Q7D4P3	A6NFM0
Q10516	Q96BA0
Q7D4P5	Q9NTK6
Q7D4P3	Q96HA5
Q7D5J3	Q9BST0
P9WI81	Q9UFU0
Q10516	Q92759
Q7D4P3	Q9UEB9
Q10516	Q8N1A5
Q10516	Q53Y81
Q10516	Q9Y697
Q7D4P3	Q9Y386
Q7D4P3	Q5SXU8
P9WNK5	Q9BU31
P9WI81	Q5T059
Q7D5J3	Q9BUK9
Q7D4P3	Q2MJR1
Q7D4P3	Q9P0M5
Q7D5J3	Q8N1C0
Q7D4P3	Q5T059
Q7D4P3	Q9Y684
Q7D4P3	Q6NUP8
Q7D5J3	Q9TP70
Q10516	Q6LD15
Q7D4P3	P51687
P9WI81	Q9NUZ2
P9WI81	Q8TAJ6
Q7D4P3	Q92558
Q7D5J3	Q9UNP1
Q7D4P3	Q9UN99
Q7D4P3	Q9UQ13
Q7D4P3	Q9UP46
Q7D4P3	Q75MC9
Q7D4P3	Q8VC50
Q7D4P3	Q6IB00
Q7D4P3	Q5TZX1
Q7D5J3	Q7Z301
Q10516	Q9UE78
Q7D4P3	Q96CH0
Q10516	Q9NTK8
P9WI81	Q9UPL8
Q7D4P3	Q15778
Q7D4P3	Q9UM80
Q10516	Q9NSP1
Q7D4P3	Q99649
P9WI81	Q13414
Q7D5J3	Q2M3B4
Q7D4P3	Q15596
Q7D4P3	Q9NRQ1
Q7D4P3	Q9UNV8
Q7D4P3	Q969S4
Q7D4P3	Q8WWQ6
Q7D4P5	Q6ICP8
Q10516	Q9UE83
P9WI81	Q6LER8
Q7D4P3	P02708
Q10516	Q93042
Q7D4P3	Q9UQD6
Q7D4P3	Q504W0
Q10516	B4E1Z4
Q10516	Q9BQC5
Q7D5J3	Q6FGX6
Q7D4P3	Q07889
Q7D5J3	Q9Y684
Q7D4P3	Q9UCC6
Q10516	Q96HD7
Q7D4P3	Q6IBU8
Q7D5J3	Q9P2G8
Q7D4P3	Q9H001
Q7D4P3	Q9UII1
Q7D4P3	Q9P279
Q7D5J3	Q9BW17
Q7D4P3	Q92479
Q7D4P3	Q96AF6
Q10516	Q17RZ2
Q7D4P3	Q8IYW3
Q10516	P62851
Q10516	Q92532
Q10516	Q96RW5
Q7D4P3	Q9NUC9
Q7D4P3	Q04917
Q7D4P3	Q6IBD4
P9WI81	Q86W08
Q10516	P41182
Q10516	Q5TZY3
Q10516	Q6P1N3
Q7D4P3	Q9H472
Q7D4P3	Q96RW5
Q7D4P3	Q9Y3W0
Q7D4P3	Q6PIE6
Q10516	Q9NZ42
Q10516	Q969T5
Q7D4P3	Q9UE68
Q10516	Q9P2Z3
Q7D4P3	X5D9C8
Q7D4P3	Q6PKG5
Q7D4P5	Q9NYB3
Q10516	Q9Y317
P9WI81	Q9UN34
Q10516	Q9P234
Q7D4P3	P12004
Q7D4P3	Q9UNM5
Q10516	Q9UDG5
Q10516	Q45F09
P9WI81	Q8TC35
Q7D4P3	Q13414
Q7D4P5	Q9Y4K4
Q10516	Q9NZN5
Q10516	Q8N173
P9WI81	Q68DZ3
Q7D4P3	Q9UQE9
Q7D4P3	Q14520
Q10516	P46934
Q10516	Q9NSL8
Q10516	Q9NUI0
Q7D4P3	P78560
Q7D4P5	Q8IZ71
P9WI81	Q6IB18
Q10516	Q9UCA1
Q7D4P3	Q9BTT1
Q7D5J3	Q9BRR9
Q10516	Q6ZN33
Q7D4P3	Q96QJ0
Q10516	Q92774
P9WI81	Q8NHX1
Q7D4P3	Q8IYD6
Q7D4P3	Q53RR6
Q7D4P3	Q92840
Q7D4P3	Q9UQR1
Q7D4P3	Q6IBM5
Q7D4P3	Q9UQL6
Q10516	Q9NRD3
Q10516	Q16215
Q10516	Q2M249
Q10516	Q96BD9
Q10516	Q9UN32
Q10516	Q9UC56
Q10516	Q9Y4Y7
Q7D4P3	Q9NUZ2
Q7D4P3	Q6FG87
Q7D4P3	Q6FGY6
Q7D4P3	Q86YK6
Q10516	Q9UG90
P9WI81	Q9UIU7
Q7D5J3	Q9UPT2
Q7D4P3	Q9BYM9
Q10516	P08156
Q10516	Q9UM57
Q7D4P3	Q9Y331
Q7D5J3	Q14520
Q7D4P3	Q4TTG0
Q10516	Q99879
Q7D4P3	Q8WW97
Q10516	Q9BR78
Q10516	Q9NRE6
Q7D4P3	Q9NYB8
Q7D5J3	Q9ULH1
Q10516	Q9UDH8
Q10516	Q9H3V5
Q10516	Q96F91
Q7D5J3	Q9GZZ9
Q7D4P3	Q14935
Q7D4P3	Q9UMK2
Q7D4P3	Q5T654
Q10516	O43150
Q7D4P3	Q9UCM9
Q10516	Q6P2P6
Q10516	P21371
Q7D4P3	Q9UMK3
Q10516	O75297
Q7D5J3	Q9UII1
Q10516	Q53TU5
Q7D4P3	Q9UDE5
Q7D4P3	Q9UMV4
Q7D4P3	Q9NQD9
P9WI81	Q9Y589
Q7D4P3	Q8NEN8
Q10516	Q9H023
Q7D4P3	Q9H240
Q7D4P3	Q8TDX0
Q10516	Q9UQD8
P9WI81	Q9UE72
Q7D5J3	Q4ZGJ6
Q7D5J3	Q9UNT4
Q7D5J3	Q96HA5
Q10516	Q3KNQ9
Q7D5J3	O60500
Q7D4P3	Q9HB61
Q10516	Q96HC5
Q10516	Q9UDH7
Q7D4P3	Q71U36
Q10516	Q7Z746
Q7D5J3	Q9NRH9
Q10516	Q9UBV8
P9WI81	Q9NQT8
Q10516	Q76M58
Q7D4P3	Q8N5E5
Q10516	Q96HR2
Q10516	Q9UJM4
Q7D5J3	Q99723
Q7D4P3	P46776
Q7D4P3	Q3KNQ9
Q7D4P3	Q9HD25
P9WI81	Q9BZK6
Q7D4P3	Q9H2B9
P9WNK5	A0A3B3ISY8
Q7D5J3	Q9H8E4
Q7D4P3	Q9UMD2
Q10516	Q6IBN3
Q7D4P3	Q7M4R4
Q10516	Q5IFM8
Q10516	Q6IB08
Q7D4P3	Q58F96
Q10516	Q9UCF3
Q10516	Q99418
Q10606	Q9UBZ9
Q7D4P3	Q8IYN8
Q10516	Q5U0M8
Q7D4P3	Q9UM99
Q7D4P3	Q14638
Q7D4P3	Q96QM6
Q10516	Q9UPK1
Q7D4P3	Q9BS04
Q10516	Q9P060
Q7D4P3	P36507
Q10516	Q9BV24
Q7D4P3	Q498Y0
Q10516	Q5JTE3
Q7D4P3	Q8WV28
Q10516	Q9Y2Z3
Q10516	Q9NS91
Q7D4P3	Q9UQM6
P9WPH9	Q92524
Q7D4P3	Q9UND6
Q10516	Q9H901
Q7D4P3	Q9UIU2
Q7D5J3	Q8NI05
Q10516	Q9UHP8
Q7D5J3	Q96DI4
Q7D4P3	Q9UPF2
Q10604	H9KV45
P9WI81	Q9Y6E0
Q10516	Q9P2Y8
Q7D4P3	Q9UJZ0
Q7D4P3	Q9Y4H7
Q10516	Q53XV2
Q7D4P3	Q53HK3
Q10516	Q9UJY0
Q7D4P3	Q96PR7
Q7D4P3	O14757
Q10516	Q9UMF9
Q7D4P3	Q6NX41
Q10516	Q8IYZ5
Q7D4P3	Q96AH8
Q7D4P3	Q9UG30
Q7D4P3	Q9BZL7
Q7D4P3	Q3KQR8
P9WI81	O14757
Q7D4P3	Q9UMA7
I6WXK4	Q9UJ41
Q7D4P3	Q8WV41
Q10516	Q9UH94
Q7D4P3	Q9BWA3
Q10516	Q9Y5K5
Q10516	Q9UQ61
Q7D5J3	Q6IB15
Q10516	Q92560
Q7D4P3	Q96HB7
Q10516	Q9UKZ3
Q7D5J3	Q93079
Q7D5J3	Q9P2N4
Q10516	Q9UCQ3
Q10516	Q9UN03
P9WI81	Q99746
Q10516	Q9BWA3
Q10516	Q92820
P9WN49	O14562
Q7D4P3	Q9BUS6
Q10516	Q8TBD1
Q10516	Q8IXL4
Q10516	Q9H2B9
P9WI81	Q9Y3T2
Q7D4P3	Q9BSH7
P9WPH9	A5LHX3
Q7D4P3	Q96PR8
Q7D4P3	Q9Y2Z9
P9WI81	Q9UQE9
Q7D5J3	Q9P082
Q7D5J3	Q9NP28
Q7D4P5	Q9UHD1
Q10516	Q8NG46
P9WI81	Q53EQ8
Q7D4P3	P41182
P9WI81	Q59H33
Q7D4P3	Q6WWJ7
Q10516	Q8WW97
Q10516	P22083
Q10516	Q6IRL7
P9WI81	Q6Q317
Q10516	Q9UMV4
Q7D4P3	Q8NIA4
Q7D5J3	Q9NUI0
Q7D4P3	Q53X65
P9WI81	Q8WUB0
Q10516	Q86Y61
Q7D4P3	Q8IZ71
Q7D5J3	Q9Y4X2
P9WI81	Q96AF7
Q10516	Q9BXB3
Q7D4P3	Q96DA1
Q7D5J3	Q8N1A4
Q7D4P3	Q9Y669
Q10516	Q9BTK9
Q7D4P3	Q8IVA6
Q10516	Q8N5C8
Q10516	Q53XK2
Q7D5J3	Q8TE59
P9WI81	Q9Y5Q1
P9WI81	Q9NQU5
P9WI81	P49674
Q10516	P31323
P9WI81	Q02750
Q7D5J3	Q6IB00
Q10516	Q92466
Q10516	Q96HJ0
Q7D4P3	Q8N3Z2
Q10516	Q6IB57
Q10516	Q6I9S4
Q10516	Q9UJV6
Q7D4P3	Q6IAY3
P9WI81	Q8N3M1
Q7D4P3	Q9NS91
P9WPH9	H9KV45
Q7D4P3	Q9UNA4
Q10516	Q8J013
Q7D4P3	Q6UW88
Q7D5J3	Q9UHD1
Q10516	Q8NDC7
Q7D4P3	Q9UMZ5
Q7D5J3	Q9UH35
Q10516	Q6LER8
Q10516	Q9P0M5
Q7D5J3	Q9Y6U3
Q10516	Q9BZK6
Q10516	Q6URK5
Q10516	Q93009
Q7D4P3	Q9UIQ3
Q10516	Q9BQL0
Q10516	Q8TCV6
P9WI81	Q9BZB6
Q10516	Q9UPU4
Q10516	O15066
Q7D4P3	Q5TZC0
Q7D4P3	Q96IP8
Q7D4P3	Q9UC41
Q10516	Q63059
Q10516	Q13524
Q10516	Q9UKQ4
Q10516	Q9BUQ0
P9WI81	Q53ES8
Q7D4P3	Q9NR61
Q10516	Q6LCP6
Q7D4P3	Q9ULC2
Q7D5J3	P52566
Q7D5J3	Q9UFU0
Q7D4P3	Q8TAT3
Q10516	Q9UCR6
Q10516	Q9Y535
Q10516	Q86TF2
Q7D4P3	P46109
Q7D4P3	Q9UDA5
Q7D4P3	Q24JU2
Q10516	P15169
Q7D4P3	Q7Z2I6
Q10516	Q9UED7
Q7D4P3	Q9BUN4
Q10516	Q92769
Q7D4P3	P62195
Q10516	Q9UFS6
Q10516	O14966
Q7D4P3	Q8WYK4
Q10516	Q6IS14
Q7D4P3	Q9UKX5
Q10516	Q9BVU8
Q10516	Q504W0
Q7D4P3	Q8N1A1
Q7D4P3	Q9Y3B2
Q10516	Q9Y5V2
Q7D4P3	Q9UN83
Q10516	Q96K94
Q7D5J3	Q9UPP8
Q10516	Q9NWN0
Q7D5J3	Q969D8
Q7D5J3	Q9UC20
Q10516	Q9P2P3
Q7D4P3	P14784
P9WI81	Q9UCE9
Q7D4P3	Q9H1Y4
Q7D4P3	Q8NHL6
P9WI81	Q29R80
Q7D4P3	Q5VUF1
Q7D4P3	Q9UPH0
Q7D4P3	Q9NUI0
Q7D4P3	Q8TCW5
Q7D4P3	Q8N191
Q7D4P3	Q8IZL7
Q7D4P3	Q75MM2
Q7D4P3	Q9NYB3
Q10516	Q9UQM6
Q7D5J3	Q9UHX7
Q7D5J3	Q8NDU5
Q10516	Q9BW83
Q7D4P3	Q8N719
P9WI81	Q9UDI1
Q10516	Q9UDJ6
Q10516	Q8TD38
P9WI81	C9J0E9
Q7D4P3	Q6QEF7
Q7D4P3	Q9NZE4
Q10516	Q9GZS1
I6WXK4	Q96J47
Q7D4P3	Q9NYF9
Q10516	Q86TL9
Q7D4P3	Q7Z301
P9WI81	Q59GZ4
Q7D4P3	P11233
Q7D4P3	Q9UNT7
Q7D4P3	P60568
Q7D5J3	Q9NS62
Q7D4P3	Q86XE6
Q7D4P3	Q8N578
Q7D4P3	Q14595
Q7D4P3	Q9HB32
P9WPH9	Q96AZ3
Q10516	Q16472
P9WKE3	Q9UHD1
Q7D4P3	Q9H4A2
P9WI81	Q8NI07
Q7D4P3	Q96KX2
Q7D4P3	Q86YJ2
Q7D4P3	Q6LDT9
Q7D4P3	Q96FP6
P9WI81	Q9BXY3
Q7D5J3	Q9BSB1
Q7D4P3	Q9UEQ6
Q7D4P3	Q9NXG1
Q7D4P3	Q16103
I6WXK4	Q9NQQ4
Q10516	Q9UER7
P9WJL5	Q8NHS2
P9WI81	Q9UMF9
Q7D4P3	Q2NKM6
P9WI81	Q5U065
Q7D4P3	Q9UNC9
Q10516	Q9UDK2
Q7D4P3	Q9UQ90
Q7D4P3	Q9UIS7
Q7D4P3	Q9UCN7
Q7D4P3	Q6FHV5
Q10516	Q86UQ7
Q10516	Q06413
Q10516	P56282
Q7D4P3	Q6PID4
Q10516	O95818
Q10516	Q7Z6E4
Q7D5J3	Q9UF77
Q7D4P3	Q99836
P9WI81	Q6FHV5
Q7D4P3	Q9UIP5
Q10516	Q53Y80
Q10516	Q96B74
Q7D4P3	Q8IYZ5
Q7D5J3	Q9UH50
Q10516	Q8N3M1
Q10516	Q9Y6Y9
Q7D4P3	Q9UDG1
Q7D4P3	Q9HBK4
Q10516	P62857
Q7D4P3	Q969D8
Q7D4P3	Q96AU2
Q10516	Q8NI00
Q10516	Q8IVG0
Q7D4P3	Q53YA2
Q10516	Q8N721
Q7D4P3	Q92533
Q7D4P3	Q9UE19
Q7D5J3	A0A1W2PQS6
Q7D4P3	Q9UJL3
Q7D4P3	Q9UCI0
Q7D5J3	Q9H4M5
Q10516	Q9Y4Y0
Q7D4P3	Q9H9S0
Q7D4P3	Q9UD42
Q7D5J3	Q9H787
Q10516	Q9UGI0
Q10516	Q96HF9
Q7D4P3	Q9UQB8
Q10516	Q96J12
I6WXK4	Q9BWB6
Q7D4P3	Q6FHW1
Q10516	Q9Y239
Q7D4P3	Q99756
Q10516	Q9NR70
Q10516	P40429
P9WI81	Q96AU2
Q7D4P3	Q9Y535
Q7D4P3	Q9UMU2
Q7D4P3	Q9H4T5
Q7D4P3	Q9UGF1
Q10516	Q93004
Q7D4P3	Q8NHS2
Q10516	Q5BJI0
Q10516	Q8IX07
Q10516	Q9UD85
Q7D4P3	Q6IPY3
Q7D4P3	O60469
P9WI81	Q86YJ2
Q7D4P3	P06734
Q7D5J3	Q8WWI9
Q7D5J3	Q9NY59
Q10516	Q9UNP3
Q7D4P3	Q9BVQ5
P9WI81	Q969S4
Q7D5J3	Q8IW95
Q10516	Q9BYF2
Q10516	Q9BR62
Q7D4P5	Q9BU83
Q10516	Q9NY42
Q7D4P3	Q8IY86
Q10516	Q9UC55
Q10516	Q52LC9
Q10516	Q9UEU1
Q7D4P3	Q9BU00
Q7D4P3	Q5JYJ8
Q10516	Q9BUM7
Q10516	Q9Y5S8
P9WKE3	E9PI54
Q7D4P3	Q9UNT4
Q10516	Q6UXB4
P9WI81	O43150
Q7D4P3	Q569J6
Q7D5J3	Q9BTS8
Q7D5J3	Q8IZ61
Q7D4P5	P21371
P9WI81	Q0VG87
Q10516	P46109
Q10516	P06899
Q7D4P3	Q8N5C8
P9WI81	Q96N96
Q7D4P3	Q9BTC1
Q10516	Q8NHB2
Q7D4P3	Q9NVT4
Q10516	Q9UQ58
Q7D5J3	Q96HB7
Q7D4P3	Q8N4D9
Q7D5J3	Q5TCL6
Q7D5J3	Q9XRX6
Q7D4P3	O00629
P9WI81	Q17RT7
Q7D4P3	Q8TD38
Q7D4P3	Q13485
Q7D4P3	Q9UPX1
Q7D4P3	Q9H3V5
Q7D4P3	P62316
Q10516	Q96AZ3
Q7D4P3	P47755
Q10516	Q9Y6K9
P9WI81	Q9H3P0
Q7D4P3	Q9UCT6
Q10516	Q9NYB9
Q7D4P3	O14966
Q7D4P3	Q86VB3
Q10516	Q9NTK6
Q7D4P3	Q9NWN0
Q7D4P3	Q9NUU9
Q10516	Q9UKV0
Q10516	Q9UKD2
Q7D5J3	Q9NNX6
P9WI81	Q6FI99
Q7D4P3	Q9UM82
Q7D5J3	Q5VX94
Q7D4P3	Q9NWE7
Q7D4P3	Q9UKS3
P9WI81	Q8WTQ7
Q7D4P3	P25685
Q10516	Q5VW80
Q7D4P3	Q8NI05
Q10516	Q5FWF0
Q7D5J3	Q9H5D2
Q10516	Q96NT4
Q7D5J3	P06899
P9WI81	Q969R3
Q10516	Q9UMR1
Q10516	Q9UH59
Q10516	Q9Y4I3
Q7D5J3	Q9UBV8
P9WI81	Q96D10
Q10516	Q9UEN7
Q7D4P3	Q15576
Q10516	P02771
Q10516	Q9BUT4
Q7D5J3	Q8N2S1
Q7D4P3	Q96CL1
Q7D4P3	Q9UEU1
Q7D4P3	Q9Y317
Q10516	Q8WTZ6
Q7D4P3	Q9H370
Q7D5J3	Q53XP7
Q10516	Q9BWB6
Q7D4P3	Q9UJ41
Q10516	Q9UQM2
Q10516	Q58J86
Q7D4P3	P78315
Q7D5J3	Q7Z743
Q10516	Q9UNJ9
Q7D4P3	Q9UPF7
Q7D4P3	Q99608
Q7D4P3	Q9UDU6
Q7D4P3	Q9P1X9
Q7D4P3	V9GYT4
Q10516	Q9Y6E5
Q10516	Q9UNB3
P9WI81	Q9Y6T3
Q7D4P3	Q99433
Q10516	Q96CL1
Q10516	Q9NYE7
Q10516	Q53S28
P9WI81	Q9UGF1
Q7D4P3	Q96F51
I6WXK4	Q9Y5L9
I6WXK4	Q8NCX9
Q7D4P3	Q6FHD2
Q7D4P3	Q6IB86
Q7D4P3	Q99523
Q10516	P17947
Q7D4P3	Q9UPZ2
Q10516	Q5JQT5
P9WI81	Q7Z301
Q10516	Q9UJZ0
Q7D4P5	Q9UDL4
Q7D4P3	Q9UN57
Q7D5J3	Q6IAU6
Q10516	Q96DH1
Q10516	Q9NXY5
Q7D4P3	Q6URK5
Q10516	Q4KN36
Q7D5J3	P80075
Q7D4P3	Q9BRD5
Q7D5J3	Q99759
Q10516	Q86VD2
Q7D4P3	Q92767
Q10516	Q6IPH1
Q7D4P3	Q5T5N2
I6WXK4	Q9H1P2
Q7D4P3	Q9BWB6
Q7D5J3	Q96N96
Q7D4P3	Q9UM06
Q7D4P3	Q9UHD9
Q10516	Q93076
Q7D4P3	O76020
Q10516	Q9BUQ8
Q10516	Q53TS4
Q7D5J3	Q8IVC5
Q7D4P3	Q99968
Q7D4P3	Q9UND5
Q10516	Q8N922
Q7D5J3	Q99883
Q7D4P3	P19387
Q10516	Q96E27
Q7D4P3	P06493
P9WI81	Q6DHZ3
P9WPH9	Q96J48
Q7D4P3	Q9UEU8
P9WI81	Q6PIE6
Q10516	Q9H965
Q7D4P3	Q6IRL7
Q10516	Q5SR48
Q7D4P3	Q5H9B3
Q10516	Q6IB60
Q7D4P3	Q5VW80
Q7D5J3	Q86XE6
Q7D4P3	Q9UEI7
Q7D4P3	Q7Z721
P9WI81	Q9UJB3
Q7D4P3	Q96J22
Q7D4P3	Q9UDR7
Q7D4P3	Q99878
Q7D4P3	Q9BV24
Q7D5J3	Q96AF6
Q7D4P3	Q9UEN7
Q10516	Q9H8Y2
Q10516	Q17R67
Q10516	Q2VPI7
Q7D4P3	Q9Y5K5
Q7D4P3	Q9Y2Y1
Q10516	Q9Y6Q0
Q10516	Q96JB0
Q7D4P3	Q3MIB1
P9WPH9	Q8TBD1
Q7D4P3	Q9Y3R6
Q7D4P3	Q8TAJ6
Q10516	Q9UQ54
Q7D4P3	Q9UHL1
Q7D4P3	Q9UQB3
Q7D4P3	Q92976
Q7D4P3	Q99814
Q7D4P3	Q9UG86
Q10516	Q9HAP4
Q7D4P3	Q6NSK6
Q10516	Q86XE6
Q7D4P3	Q9Y6E0
Q7D4P3	Q5TA35
Q10516	Q6LDS9
Q7D4P3	Q96A08
P9WNK5	Q8NI05
Q10516	Q9NSR6
Q7D4P3	Q9UIW5
Q10516	Q9UQF2
Q10516	Q9UI88
Q10516	Q6FG87
Q10516	Q9Y2Z9
Q10516	Q9UD42
Q7D4P3	Q53QM2
Q7D4P3	Q9BRB5
P9WI81	Q8IXL2
P9WJL5	Q9NQM6
Q7D4P3	Q9H060
Q7D4P3	Q9H8Y2
Q10516	Q9UQH6
Q10516	Q96I38
Q7D4P3	Q9NST7
Q7D4P3	Q9BQ44
Q7D4P3	Q9BZZ4
Q7D4P3	Q8NE16
Q7D4P3	Q6IBS3
Q7D4P3	Q8IW95
Q7D4P3	Q53EK9
Q10516	Q9NZ22
Q7D4P3	Q8WYM1
Q7D4P3	Q9UII8
Q10516	Q9Y6W6
Q7D4P3	Q14332
Q7D4P3	Q9ULJ5
Q10516	Q9UPP8
Q7D4P3	P21854
Q7D4P3	O00399
Q7D4P5	Q13485
Q10516	Q99842
Q10516	Q9NZC0
Q7D4P3	Q52LZ2
Q7D5J3	Q96DW5
Q10516	Q8WUM6
Q7D4P3	Q8IZX3
Q10516	Q6IPY3
Q10516	Q8NF52
Q7D4P3	Q86UQ7
Q7D4P3	P62318
Q7D4P3	Q9Y361
Q7D4P3	Q6I9S4
Q10516	Q96MN3
Q10516	Q9H0S0
Q7D4P3	Q96MX6
Q7D4P3	S4R3J4
Q10516	Q9C0K3
Q7D4P3	Q9Y5S8
Q7D4P3	Q9UQV9
Q7D4P3	Q7Z569
Q7D4P3	Q5VVL8
Q10516	Q96AF6
Q10516	Q9UL53
Q7D5J3	Q6FHD5
Q7D4P3	Q9H1D9
P9WI81	Q9NZC0
Q7D4P3	Q5FWF0
Q7D4P3	Q9BVC7
Q10516	Q9UM26
Q7D4P3	Q9UMM7
Q10516	Q96E97
Q10516	Q96IP8
Q10516	Q8NDZ7
Q7D4P3	Q9BWR0
Q7D4P3	Q8N592
Q10516	Q99836
Q7D4P3	Q9NXT4
P9WI81	Q9UQR3
Q10516	Q8J012
P9WI81	Q9UCC0
Q7D4P3	Q6IB60
Q7D4P3	Q9UL18
Q10516	Q9Y492
Q10516	Q2L882
Q10516	Q9P2W2
Q10516	Q6IAS5
Q10516	Q96J22
Q10516	Q6IBD1
Q10516	Q99649
Q10606	Q5T1S7
Q7D5J3	Q59FH7
Q10516	Q9Y4K3
Q7D5J3	Q9P1U1
Q10516	Q9UQ96
Q7D4P3	Q9UPN7
Q10516	Q9NR36
P9WI81	Q9BQC5
Q7D4P3	Q96GG7
Q7D4P3	Q8IUE5
Q7D4P3	Q8TE59
Q10516	Q9Y6J5
Q10516	Q9Y6N5
Q10516	Q00535
Q10516	Q9UHX7
Q7D4P3	Q99858
Q7D4P3	Q9ULE9
Q7D5J3	Q6FG87
Q10516	Q9UK94
Q7D4P3	Q99966
Q7D5J3	Q5SRH4
P9WI81	Q9BUS6
Q7D4P3	Q9UME3
Q7D4P3	Q8TF74
Q7D5J3	Q6UXB4
Q7D4P3	P24588
Q7D4P3	Q8IV34
Q10516	Q6FHX3
Q7D4P3	Q16197
Q7D5J3	Q96MN3
Q7D4P3	Q96J45
Q7D4P3	Q9ULS8
Q7D4P3	Q9UCG4
Q7D5J3	Q9NW54
Q7D4P3	Q96AC5
Q7D4P3	Q2PP16
Q7D4P3	Q9UMN0
Q7D4P3	Q8TDK9
Q7D4P3	Q9UKN2
Q10516	Q6IPY4
Q7D5J3	Q96CF5
Q7D4P3	Q7M4P1
Q7D4P3	Q0VGC7
Q7D5J3	Q9P2X1
Q10516	Q96GI8
Q7D4P3	Q9UPL0
Q10516	Q5W0H3
Q7D5J3	Q8IX07
P9WI81	Q9UEU9
Q7D4P5	Q9Y4Y0
Q10516	H0Y8J7
P9WI81	Q2XNF2
Q7D4P3	Q9UQ58
Q10516	Q9UP74
P9WI81	Q9UN56
P9WI81	Q5U0M8
Q10516	Q9Y6L8
Q7D4P3	Q96ES4
Q10516	Q5JYJ8
Q7D4P3	Q86V33
Q7D4P5	Q00007
Q10516	Q59FH7
Q10516	P00995
Q7D4P3	Q99672
Q7D4P3	Q13576
Q7D5J3	P04271
Q7D4P3	Q14191
Q7D4P3	Q4VAV9
P9WI81	O60469
Q10516	Q9UD95
Q10516	Q6LDY0
P9WI81	Q9UKW0
Q7D5J3	Q9UQM1
Q7D4P3	Q4VBP8
P9WI81	Q8IY91
Q7D4P3	Q9UKS8
Q7D4P3	P49915
Q7D4P3	Q9UDL5
Q10516	Q8IVD1
Q7D5J3	Q86YJ2
P9WI81	Q9Y220
Q7D4P3	Q8WUB0
Q10516	P52566
Q7D4P3	Q6IBZ5
Q7D4P3	Q9NQD0
Q10516	Q96PR5
P9WI81	Q53XN9
Q7D4P3	Q9NSJ4
Q10516	Q9UEW1
Q10516	Q9BW98
Q7D4P3	Q9H1K3
Q10516	Q9NW54
Q7D5J3	P30086
Q7D4P3	O14562
Q7D4P3	Q96SI8
Q7D5J3	Q99615
Q10516	Q96H96
Q7D4P3	Q9H391
Q10516	Q9H1Z1
Q10516	Q96G93
Q10516	F8W876
Q7D4P3	Q96Q20
Q7D4P3	Q7Z6E4
Q10516	Q9H1E9
P9WKE3	Q5T3P9
Q10516	Q8IWI7
Q10516	Q6DHZ3
Q7D5J3	Q9BQ21
Q7D4P3	Q9UQ61
Q10516	Q5VVL8
P9WI81	Q16027
Q7D4P3	Q9NQ14
Q7D4P3	Q6FHD7
Q7D4P3	Q5U0R4
Q7D5J3	Q9H7X7
P9WPH9	Q9Y265
Q7D4P3	Q8IYI6
Q7D4P3	Q99877
Q7D5J3	O60884
Q10516	Q16197
Q7D4P3	Q9UJR2
Q7D4P3	Q9NQM6
Q7D5J3	Q9NRF7
Q7D4P3	P61247
Q7D4P3	Q9H324
P9WI81	Q9ULS8
P9WI81	Q86YK6
Q7D4P3	Q92596
Q10516	Q9NVR8
Q10516	Q9UDI3
Q7D4P3	Q9BQF0
Q7D4P3	Q9UDG5
Q7D5J3	O43739
Q7D5J3	Q9BYM9
Q10516	Q96GA7
Q7D4P3	Q9Y589
P9WI81	Q9BQ44
Q7D5J3	Q29RG0
Q7D5J3	Q96FJ2
Q10516	Q969J9
Q7D4P3	Q8N5A4
Q10516	P62316
Q10516	Q96EM2
Q10516	Q8N5V4
Q10516	Q86X55
Q7D5J3	Q52M77
P9WI81	Q9UPH4
Q7D4P3	Q93077
Q7D4P3	Q9UIU7
Q10516	Q969Z9
Q7D5J3	Q8NBR3
Q7D4P3	Q4VBQ0
Q7D5J3	Q9Y6G9
Q10516	Q15576
Q10516	Q3MJ87
P9WI81	Q45F09
Q10516	Q9UIU7
Q7D5J3	Q9UEP9
Q10516	Q86VB3
Q7D4P3	Q92934
Q7D4P3	Q9HCX9
Q7D4P3	Q9UMF9
Q7D4P3	Q9H1P2
Q10516	Q9UHJ2
Q7D4P3	Q5VYR8
Q10516	Q7Z5Z3
Q7D4P3	O95396
Q10516	Q9NPK2
Q10516	Q9BQ42
Q10516	Q7KYU9
P9WJL5	A0A3B3ISY8
Q7D4P3	Q9UKB6
Q7D4P3	Q6FHD5
Q7D4P3	Q6FGN3
Q7D4P3	B8ZZV2
Q7D4P3	Q9UJY0
Q7D5J3	Q9H023
Q7D5J3	Q9UQB3
Q10516	Q549Z0
Q7D4P3	Q96FV4
Q7D5J3	Q9UGM8
Q7D4P3	Q9H3M5
Q7D5J3	Q17RN1
Q7D4P3	Q9BYF2
Q7D4P3	Q05CA4
Q7D4P3	Q6IBE1
Q7D5J3	A0A3B3ISY8
Q7D5J3	Q9UKX2
Q10516	Q6IBS3
Q10516	Q5SQ07
Q10516	Q9NR31
Q7D4P3	Q92783
Q7D4P5	Q9UIQ3
P9WI81	Q5K546
Q7D5J3	Q9BXZ8
Q7D4P3	Q9NQ86
Q7D5J3	Q9BXY3
Q7D5J3	Q9Y2M8
Q7D4P3	Q9H4M5
Q10516	Q6IAU6
Q7D4P3	Q9NTK6
P9WI81	Q9ULH1
Q7D4P3	Q8WV88
Q7D4P3	Q6SLK1
Q7D4P3	Q9UHW5
Q10516	Q9BZ04
Q10516	Q5BKT2
Q7D5J3	Q96NS4
Q7D4P3	Q9BR78
Q7D4P3	Q9BZB9
P9WI81	Q9UPU4
P9WI81	Q8N3Z2
Q10516	Q9Y5L1
Q10516	Q9UGM4
Q7D4P3	Q6NW05
Q7D4P3	Q6IBD1
Q7D4P3	Q9Y2M8
Q10516	Q9HCE5
Q7D4P5	Q8N6Z7
Q10516	Q13637
Q7D5J3	Q6I9S4
Q10516	Q14283
Q10516	Q9UPB0
I6WXK4	Q9BUB1
Q7D4P3	Q9BTL5
Q7D4P3	Q9NTZ3
P9WI81	Q86VD2
Q7D4P3	Q5R2W0
Q10516	Q9NQ05
Q10516	Q4VAK2
Q10516	Q86XU4
Q7D5J3	Q9UPP0
Q10516	Q99878
Q7D4P3	Q7Z5G6
Q7D4P3	Q8IZK9
Q7D4P3	Q9NYE7
Q7D4P3	P78366
Q10516	Q53T45
Q10516	Q9UGQ4
Q7D4P5	Q5T3P9
Q7D4P3	Q9NSE9
Q10516	Q96IG6
Q7D4P3	Q6PJZ7
Q7D4P3	Q9UKA9
Q7D5J3	Q9Y669
Q7D5J3	Q9NQ86
Q10516	Q9Y3W6
Q7D4P3	Q6IAU6
Q10516	Q96B73
Q7D4P3	Q96KQ3
Q7D4P3	Q9UFB8
Q10516	Q86Y48
Q7D4P3	Q9UNE7
Q10516	P51124
Q10516	Q15040
P9WI81	Q9BTS3
Q10516	Q9Y2D1
Q7D4P3	Q96H99
Q10516	P20132
Q10516	Q12959
Q10516	Q9UCS6
Q7D4P3	Q86VI3
Q10516	Q3B726
Q10516	Q9UK55
Q10516	Q9Y5Z3
Q10516	Q96CF5
P9WI81	Q6UWF0
Q10516	Q9NZX9
Q7D4P3	Q9UPH4
Q7D4P3	Q53XK2
Q10516	Q92533
Q7D5J3	Q59ES9
P9WI81	Q9UCE2
Q10516	Q9UQM0
Q7D5J3	Q15831
P9WI81	Q9UEJ4
Q10516	Q9UD88
Q7D4P3	Q9NNX6
Q7D4P3	Q9H3P3
Q7D4P3	Q9UN32
Q10516	Q8NDU5
Q10516	Q86V33
Q7D4P3	O15066
Q7D4P3	Q96NE6
Q7D4P3	Q9NR70
Q7D5J3	Q8WVV7
P9WI81	P24941
Q10516	Q96KP2
Q10516	Q969W6
Q7D4P3	Q96IM1
Q7D4P3	Q9Y572
Q7D4P3	Q9NY59
P9WI81	Q96H59
Q10516	Q8IWT4
Q10516	Q9NUZ2
Q10516	Q9NRY4
Q7D5J3	Q9NWN0
Q7D4P3	Q14620
Q7D5J3	Q53XK2
P9WPH9	Q5T3P9
Q10516	Q96AU2
Q7D5J3	Q99806
Q7D5J3	Q9NRY4
Q7D4P3	Q9Y6V7
Q7D4P3	Q9P1U0
Q7D4P3	O75689
Q10516	Q5T1G3
Q7D4P5	Q9HB61
Q7D4P3	Q9UPX8
Q7D4P3	Q9UC56
P9WI81	Q9HAZ1
Q10516	Q9UEU9
Q10516	Q9BZL7
Q7D4P3	P17947
Q10516	Q9NT58
P9WI81	Q9UG86
Q7D5J3	Q9BZD4
Q7D4P3	Q5U035
Q7D5J3	Q9Y6E0
Q10516	Q9NRF7
Q10516	Q8WW07
Q7D4P3	Q99418
Q10516	Q9UQH5
Q10516	O14687
Q10516	Q8WWQ6
Q7D5J3	Q9BWG3
Q7D4P3	Q13233
P9WNK5	Q9UHW5
Q10516	Q96D85
P9WI81	Q99558
Q10516	Q92793
Q7D4P3	Q8N6J0
Q7D4P3	Q7LE07
Q10516	Q9NZ06
Q7D4P3	Q9BV98
Q7D4P3	Q5FC12
Q7D4P3	Q63059
P9WI81	Q9UQI0
Q7D4P3	Q15831
Q7D4P3	Q9UN02
Q7D4P3	O14687
Q10516	Q8TAY2
Q10516	Q9UMZ5
Q7D4P3	Q9UPB1
Q10516	Q17RT7
Q7D4P3	P50591
Q10516	Q8IUE5
Q7D4P3	Q9UBN7
Q10516	Q8WWI9
Q7D4P3	Q9Y221
Q10516	Q99883
Q10516	Q9UJX2
Q7D5J3	Q86YI1
Q7D4P3	Q9NVA5
Q10516	Q53QM0
P9WI81	P06493
Q10516	Q96A97
Q7D4P3	P12643
Q10516	Q9Y3F4
Q7D4P3	Q9Y2X7
Q7D4P3	Q9UJ36
Q7D4P3	Q5IFM8
Q7D4P3	Q8WUB1
Q10516	Q9UD54
P9WI81	P43146
Q10516	Q9UEC9
Q7D5J3	Q9H0F6
Q7D5J3	Q8IVG0
Q7D4P3	Q59E99
Q7D4P3	Q9BQL0
Q10516	Q9H1D9
Q7D5J3	Q9Y2X1
Q10516	Q502Z6
Q7D4P3	Q9H0W6
Q7D4P3	Q5W007
Q7D4P3	Q9GKR4
Q7D4P3	Q5BJI0
Q7D4P3	Q17RT7
Q7D4P3	Q53HH9
Q10516	O00487
Q10516	Q8NDP8
P9WI81	Q9Y4K4
Q10516	Q7M4P1
Q7D4P3	Q9Y697
Q10516	Q9BQE7
Q10516	Q6FGZ2
Q10516	Q9UMM7
P9WPH9	Q9BWA7
Q10516	Q96FV4
Q7D4P3	Q9UKZ3
Q10516	Q9UCJ8
Q7D5J3	Q9UCZ5
Q10516	Q96NT2
Q10516	Q9NZ12
Q10516	Q53QM4
P9WI81	Q6P2G4
Q7D4P3	Q9UCR6
Q7D5J3	Q96PN5
Q10516	Q9UKK8
Q7D4P3	Q99524
Q7D4P3	Q9HBC0
P9WI81	Q9NRH9
Q7D4P3	Q96HD3
Q10516	Q92524
Q10516	Q9UPL9
P9WI81	P11233
I6WXK4	Q9Y6R5
Q10516	Q99880
Q10516	Q9UPH4
Q7D4P3	P02771
Q10516	Q9UC36
Q7D5J3	Q92558
I6WXK4	Q9UKC4
Q10516	Q9NY59
Q10516	Q9NQT4
Q7D4P5	Q99608
Q10516	Q9NZX3
P9WI81	Q96GF2
Q10516	Q92633
Q7D5J3	Q71U36
Q7D4P3	Q6FH47
Q7D5J3	Q99746
Q7D4P3	Q96TF9
Q10516	Q9UCZ8
Q7D5J3	Q8IV83
Q10516	Q9UKP5
Q7D4P3	Q9H901
Q10516	Q9UCN7
Q10516	Q9P279
Q7D4P3	Q5JSM2
Q10516	Q9UPF5
Q7D4P3	Q9NXS4
Q7D4P3	Q9UN29
P9WI81	Q9NYB3
Q7D4P3	Q5PSV3
Q10516	Q9NNX6
Q7D4P3	Q13804
Q10516	Q9UQD1
Q7D4P3	Q9BUB1
Q7D4P3	Q96B26
Q7D4P3	Q9UN03
P9WI81	Q9HC29
Q7D4P3	P40429
Q7D4P3	Q5T8U4
Q10516	Q5TZP9
P9WI81	Q15860
Q7D4P3	Q00722
Q10516	Q9NQ14
Q10516	Q9NWB7
P9WI81	Q8IY10
Q7D5J3	Q6GTN4
Q7D4P3	Q9BVL2
Q7D5J3	Q15286
Q10516	Q9UC02
Q10516	Q6IBM5
P9WI81	Q9UHD2
Q10516	Q9UIS5
Q7D4P3	Q9BW83
Q7D4P3	Q8N513
Q7D5J3	Q9JLX1
P9WI81	Q9UM99
Q10516	Q9UQB8
Q10516	Q2NKM6
Q10516	Q07889
Q7D4P3	Q969Z9
Q7D4P3	P26012
Q10516	Q9BYF6
Q7D4P3	Q9Y6I3
Q10516	Q2V508
Q7D4P3	Q6FG61
Q7D5J3	Q9HD25
Q7D4P3	Q9Y4K3
Q7D4P3	Q9UEC9
Q10516	Q9UK80
Q7D4P3	P06899
Q7D4P3	Q99762
Q7D4P3	Q6FI44
Q7D4P3	Q96P20
P9WI81	Q9UC20
Q10516	Q8NEN1
Q10516	Q3KPG8
Q10516	Q9HBD3
Q7D5J3	Q9P1X9
Q7D4P3	Q13652
Q7D5J3	Q93035
Q7D4P3	Q53XZ1
Q10516	Q96KS8
Q7D4P3	Q9UKP4
Q7D4P3	Q9UMJ5
Q10516	Q8WU70
Q10516	Q9UHZ8
Q10516	Q8TB19
Q10516	Q75MM2
Q7D4P3	Q86TL9
Q10516	P62910
Q10516	Q56A88
Q7D4P3	Q9UQN5
Q10516	Q7M4M5
Q7D4P3	Q9UCH2
Q7D4P3	Q9UEU9
Q7D4P3	Q9UHH9
Q7D4P3	Q9H0U1
Q7D4P3	Q7Z3Y2
P9WI81	Q8IVT5
Q10516	Q6PKG5
Q7D4P3	Q92580
Q7D4P3	Q9UCE9
Q7D4P3	Q9C0H9
Q7D4P3	Q9BUC2
Q7D5J3	Q9UDJ6
Q7D4P3	Q9UPK1
Q10516	Q9UPZ2
Q10516	Q9HCT2
Q7D4P3	Q6GU45
Q7D5J3	Q6LCP6
Q10516	Q14638
Q7D4P3	Q6IRY4
P9WI81	Q6NUP8
Q7D4P3	Q9UIH1
Q10516	Q96A08
Q10516	Q8TDN9
Q10516	Q93096
Q7D4P3	Q86UF1
Q10516	Q9UKU7
Q7D4P3	Q96C16
Q7D5J3	Q6NWN6
Q10516	Q6ICQ7
Q7D4P3	Q9H7X7
Q10516	Q5I0G0
Q10516	Q16103
Q10516	Q9H6T1
Q7D4P3	Q9UDC2
Q7D4P3	Q9BQI5
Q7D4P3	Q9NY42
Q10516	Q9UDI2
Q10516	Q8IXZ5
Q7D4P3	Q9UDE0
P9WI81	Q9UD85
Q7D4P3	Q9Y270
Q10516	Q9BWN6
Q10516	Q5M7Z1
Q10516	Q13576
Q10516	Q8TBL9
Q10516	Q9NZC7
P9WPH9	Q5T1S7
Q10516	Q9NYV6
Q7D4P3	Q9BST0
Q7D4P3	Q8TAK9
Q7D4P3	Q9UD88
Q7D5J3	Q8WWN8
Q7D4P3	Q9BQC5
Q7D4P3	Q9BU83
P9WHP1	C9J0E9
Q10516	Q9UN02
Q7D4P3	Q8IXU7
Q10516	Q9UMK3
P9WI81	Q17RN1
Q10516	Q15816
Q10516	Q99967
Q7D4P3	Q9HAP7
Q10516	Q07960
Q7D4P3	Q9UBE8
Q7D4P3	Q9Y674
Q7D4P3	Q9Y495
Q10516	Q9P2H4
Q10516	Q9UBY5
P9WI81	X5D2V5
Q10516	Q9BST0
Q7D4P3	Q9UIL0
Q10516	O95837
Q7D4P3	Q96E22
P9WI81	Q9BRD5
Q10516	Q9H9S0
Q10516	Q6PB27
Q7D5J3	Q9Y6B6
Q7D4P3	Q61516
Q10516	Q92885
Q7D5J3	O14687
Q7D4P3	Q9UP48
Q7D4P3	Q66K89
Q7D4P3	Q96GH3
Q7D4P3	Q9UGQ1
Q10516	Q9UPF9
Q7D4P3	Q5T4L6
P9WI81	Q9Y492
Q10516	Q5TGM6
Q7D5J3	Q8WW75
Q7D5J3	Q53XM1
P9WI81	Q5TZP9
P9WPH9	Q9BU83
Q7D5J3	Q9UPY6
Q7D5J3	Q9BU83
P9WPH9	Q9UKC4
Q10516	P43234
Q7D4P3	Q9UQR8
Q7D4P3	Q9NQT4
P9WI81	Q9H0U4
Q10516	Q9UD21
Q10516	Q14026
Q10516	Q96N96
Q7D4P3	Q9NSL8
Q7D5J3	Q8N7J7
Q7D5J3	Q9UP80
Q10516	Q9ULH1
Q10516	Q3MJE7
Q7D4P3	P49005
Q10516	Q9BSB1
Q10516	Q6IPY2
Q7D5J3	Q32ML5
Q7D4P3	Q9Y6R8
Q10516	Q5U0G3
Q7D4P3	Q9BS49
Q10516	Q8TAZ1
Q10516	Q9UPL0
P9WI81	Q9P2X1
P9WI81	Q8N5D7
Q7D4P3	Q9UQH2
P9WI81	Q9BUD7
P9WKE3	Q52M96
Q10516	Q6I9U0
Q10516	Q8WUB0
Q10516	Q9BWA8
Q10516	Q9Y6X2
Q7D5J3	Q8IZ71
Q10516	Q16699
Q7D4P3	Q9UC78
Q7D4P3	Q9Y4V2
Q10516	Q9Y6F0
Q10516	Q99639
Q10516	P62834
Q10516	Q9UQU7
Q10516	Q8TAC2
Q10516	Q9UEJ4
Q7D4P3	Q9UCQ3
Q10516	Q9H370
Q10516	Q52LT4
Q10516	Q9BZB9
Q7D5J3	Q8WZ63
Q10516	Q9UC99
Q10516	Q7M4R4
Q7D4P3	Q53Y89
Q7D4P3	Q6IBN5
P9WI81	Q6ISB5
Q7D4P3	Q96EA0
P9WI81	Q9UCV7
Q10516	Q9UP80
Q10516	Q9H4W8
Q10516	Q5SXM3
Q7D4P3	Q6ISB5
Q7D4P3	P78339
Q10516	O14562
Q10516	Q9UND5
Q7D4P5	Q9UQ61
Q7D4P3	Q9UJ39
Q10516	Q9NQQ4
Q7D4P3	Q5T8M9
Q7D4P3	Q5M7Z1
Q7D5J3	Q9BUB5
Q10516	Q3MIB1
Q7D4P3	Q9Y2D1
Q7D4P3	Q9HAV7
Q7D4P3	Q9UD54
Q7D4P3	Q5VX94
Q7D4P3	Q6LDY0
Q10516	A6NFM0
Q10516	Q8TCW5
Q7D4P3	Q9UMG5
Q7D4P3	Q9UQ70
Q10516	Q9UMA7
Q10516	Q5T8M9
Q10516	Q96AT7
Q7D4P3	Q9UIJ0
Q7D4P3	Q9UQR3
Q7D4P3	Q29R80
Q7D4P3	Q96C51
Q7D4P3	Q16566
Q7D4P3	Q5T1C5
I6WXK4	Q53X65
Q7D4P3	Q96NT2
Q10516	P29460
P9WI81	Q9NPK2
Q10516	Q08752
Q10516	Q9Y4J2
Q7D5J3	P04083
Q10516	Q96J51
Q7D4P3	Q9NS92
Q7D4P3	Q9UQU7
Q7D5J3	Q9P060
Q7D4P3	Q9UKX2
P9WI81	Q9Y6S2
Q7D4P3	Q8IVD1
Q7D4P3	Q99743
Q7D5J3	Q9UKP5
Q7D5J3	Q9UQR3
Q10516	Q8N4D9
Q7D4P3	Q14CQ9
Q10516	Q99075
Q7D4P3	Q9NS62
Q7D4P3	Q5U0A3
Q7D5J3	Q9NUP9
Q7D5J3	Q9UKX5
Q10516	Q99804
Q10516	Q9BVN7
P9WPH9	Q9BU31
Q10516	Q9Y684
Q10516	Q66K89
Q10516	Q9BZC6
Q7D4P3	Q9UPF6
Q10516	Q5U098
Q10516	Q9ULW1
Q7D4P3	Q92870
Q10516	Q5VYE8
Q7D4P3	Q3MJ87
Q7D5J3	Q9HBK4
Q7D4P3	Q9H554
Q7D4P3	O95657
Q7D4P3	Q86W08
Q10516	P78339
Q7D4P3	Q96KI9
Q10516	Q9H3N0
Q10516	Q969R0
Q7D5J3	Q53XZ1
Q10516	Q9NQT8
P9WI81	Q86VI3
Q10516	Q9C0G3
Q7D4P3	Q9NPD3
Q7D4P3	Q5T963
Q10516	P25391
Q7D4P3	Q9NP05
Q10516	Q9UDJ2
Q7D4P3	Q7Z5B9
Q7D5J3	Q9UHK0
Q7D4P3	Q2M249
Q10516	Q9UCV7
P9WI81	Q32ML5
Q7D5J3	Q96D85
Q7D4P3	Q9NZ22
Q10516	Q8IYI7
Q7D4P3	Q9Y5K6
Q10516	Q9UDF3
Q7D4P3	Q5JPS6
Q7D4P3	Q8WTS4
Q7D4P3	Q9Y3M2
Q7D4P3	Q8IXL2
Q7D4P3	Q8IZL4
Q7D4P3	Q9NR36
Q7D4P3	Q8NBR3
Q10516	Q9CUV7
Q7D4P3	Q9UC24
Q7D5J3	Q9UEH7
Q7D4P3	Q99660
Q10516	Q8N592
Q7D4P3	Q9Y2Z3
Q7D4P3	Q8NFG5
Q7D5J3	Q13637
Q10516	Q9NU86
Q7D5J3	Q8TE57
P9WI81	Q9Y5X8
Q7D4P3	O95837
Q10516	Q9Y2A6
Q7D4P3	Q92875
Q10606	C9J0E9
P9WPH9	Q96J55
Q7D4P3	Q9HC29
Q10516	Q9UBL3
Q10516	Q5JSM2
Q7D4P3	Q96D87
Q7D4P3	P53365
Q10516	Q92876
Q7D5J3	Q99460
Q7D4P3	Q9UCA4
Q7D4P3	Q9NPJ1
Q7D4P3	Q9H023
Q10516	Q9Y253
Q7D5J3	P02708
Q10516	Q9BWA7
Q7D5J3	Q5JQT5
Q7D4P3	Q8N332
Q7D4P5	E9PI54
Q7D4P3	Q9UHZ8
Q10516	Q14CQ9
Q10516	Q9P2N4
Q7D4P3	Q9UQI9
Q10516	Q5T8U4
Q7D4P3	Q6IBR4
Q7D5J3	Q9UC57
Q7D4P3	Q9UIQ4
Q7D4P3	Q9Y579
Q7D4P3	Q9Y5Q1
Q7D4P3	Q14499
Q7D5J3	Q8TCL5
Q7D4P3	Q9UH50
Q7D4P3	Q53QM4
P9WI81	Q92574
Q10516	Q9Y290
Q7D5J3	Q9NRY3
Q7D4P3	Q8TC14
Q7D5J3	Q5H9B3
Q10516	Q567S7
Q10516	Q9H6W0
Q10516	Q6NW05
Q10516	Q9UEQ6
Q7D4P3	Q9UDJ7
Q7D4P3	Q9UJ69
Q7D5J3	Q8TE60
Q7D4P3	Q96DI4
Q7D4P3	Q8IVT5
Q10516	Q8N9B5
Q10516	Q9Y6X0
Q7D4P3	Q9NYT8
P9WI81	Q9UD21
P9WI81	P31323
Q7D5J3	Q9UMR1
Q10516	Q6LES0
Q10516	Q5JP00
Q10516	Q9Y4X2
Q10516	Q9H8E4
Q10516	Q8NB68
Q10516	Q9UKQ5
Q10516	Q14259
Q7D5J3	Q9BQI5
Q7D5J3	Q3MJE7
Q7D4P3	Q52LW0
Q10516	S4R3J4
Q10516	Q59ES9
Q7D4P3	Q92769
P9WI81	Q15282
P9WN49	Q5T3P9
Q10516	Q6UWL3
Q10516	Q9P2P8
Q7D4P3	Q9UEW9
Q7D4P3	Q9UP19
Q7D4P3	Q9UK02
Q7D4P3	Q8NHL5
Q7D4P3	Q9NPL3
Q10516	O75689
Q7D4P3	Q6LES0
Q7D4P3	Q96FI6
Q10516	Q6SLK1
Q7D5J3	Q6PIE6
Q10516	P25685
Q7D4P3	Q99683
Q7D4P3	Q9Y4L9
Q10516	Q2M1S3
Q10516	Q9UJR2
Q10516	Q0VGB6
Q10516	Q96BN0
Q10516	Q9UNQ5
Q10516	Q9BXZ8
Q7D4P3	Q9NPJ7
Q7D5J3	Q2M1L9
Q10516	Q8IZ71
Q10516	P16591
Q10516	Q9UQB7
Q7D4P3	Q92918
Q7D4P3	Q9P0I1
Q7D5J3	Q9NWD1
Q7D4P3	Q96CY8
Q7D4P3	Q9BVP5
Q10516	Q92901
Q10516	Q9BU83
P9WI81	Q92918
Q7D5J3	Q9P2W2
Q7D4P3	Q9UQC2
Q10516	Q13804
Q10516	Q14185
Q7D4P3	Q9UCA1
Q10516	P49915
Q7D4P3	Q9Y5J2
Q7D4P3	Q9H9Y6
Q7D4P3	Q15796
Q7D4P3	Q15816
Q10516	Q9UPE3
Q7D4P3	Q503B4
Q10516	Q96GA0
Q7D5J3	Q5HYA4
Q7D4P3	Q8TF30
Q7D4P3	Q13761
Q7D4P5	Q96MX6
P9WN49	Q9UHW5
Q7D4P3	Q2M1L9
Q10516	Q6IBU8
P9WPH9	Q9BWA8
Q7D4P3	Q9BQ17
Q7D4P3	Q9UMT8
Q7D5J3	Q14185
Q7D4P3	Q9UK94
Q10516	P12004
Q7D4P5	Q9BU31
Q10516	Q4VBQ0
Q7D4P3	Q9NP28
Q7D4P3	Q8WXS8
Q10516	P19387
Q7D5J3	Q8WWN9
Q10516	Q8N1A4
Q7D4P3	Q7KYU9
Q7D5J3	Q8TD70
Q7D4P3	Q45F09
Q10516	Q9BWQ9
Q10516	Q96D87
Q10516	Q9Y4U9
Q7D4P3	P80075
Q7D4P3	Q9UMA3
Q7D4P3	Q8WW75
Q7D4P3	P84077
Q7D4P3	Q5TC33
P9WI81	Q6FG61
Q7D4P3	Q4G0A9
Q10516	Q99556
Q10516	Q96LT7
Q10516	Q9UCC6
Q7D4P3	Q52LZ6
Q7D5J3	Q96AK7
Q10516	Q9UPF2
P9WPH9	P62195
Q10516	Q9BVK4
Q10516	Q96D10
Q7D4P3	Q8NDU5
Q10516	Q9BZX1
Q7D4P3	Q9Y366
Q7D4P3	Q96GI8
Q10516	Q8IUY9
Q7D4P3	X6R433
Q7D4P3	Q99497
P9WPH9	Q9BRV9
Q7D5J3	Q96K94
Q10516	A0A0A0MRK5
Q7D4P3	Q9BQ09
Q7D4P3	Q8IVP2
Q7D5J3	Q53TS4
P9WI81	Q86VU3
Q7D5J3	Q9UKQ4
Q7D4P3	Q9UJV2
Q7D4P3	Q2I102
Q7D4P3	H0Y8J7
Q7D4P3	Q96GA7
Q10516	Q9UCE9
Q7D4P3	Q9UMR1
Q10516	Q13950
Q10516	Q9UP46
Q7D4P3	O14514
Q10516	P60568
Q10516	Q9BSC8
Q10516	P46940
Q7D4P3	Q92542
Q7D5J3	Q9NRG4
Q7D4P3	Q9UHJ2
Q10516	Q5TZX1
Q7D5J3	Q86WX8
P9WI81	Q9Y4E4
Q7D4P3	P29965
Q7D4P3	Q16574
Q7D4P3	Q9NRG4
Q10516	Q9UNY7
P9WI81	Q16566
Q10516	Q9Y6W5
Q10516	Q6ICP8
Q7D4P3	Q9UC02
Q10516	Q6IBM9
Q10516	Q6FH47
P9WI81	Q8NIA4
Q7D4P3	Q5JQT5
Q7D4P3	Q8NBG5
Q10516	Q5RKV6
Q10516	Q52NZ1
Q7D4P3	P56199
Q10516	Q8WYA8
Q10516	Q8TAJ6
Q7D5J3	Q6ZP89
Q10516	Q9NRY3
Q7D4P3	Q96GB9
I6WXK4	B4E1Z4
Q10516	Q96B26
Q7D4P3	Q8N2S1
Q7D4P3	Q93076
Q7D4P3	Q9NSP1
Q7D4P3	Q6ZP89
Q7D4P3	Q9H130
Q10516	Q8WXQ7
Q7D4P3	Q9UIV3
Q10516	Q8NBG5
Q7D4P3	Q8WUZ7
Q7D4P5	Q9UPB1
Q10516	Q9BQ17
Q7D4P3	Q1RMY8
Q7D4P3	Q02543
Q7D4P3	Q9Y4Q2
Q7D4P3	Q92774
Q7D5J3	Q6B007
P9WI81	Q15286
Q7D4P3	Q9UCT8
Q10516	Q9UEV0
Q10516	Q6P4I0
Q7D5J3	A6NFM0
Q7D4P3	Q96BD9
Q10516	Q9UQM1
Q7D5J3	Q16876
Q7D4P3	Q9UQV2
Q10516	P31946
Q7D4P3	P59510
Q7D4P3	Q9UQ92
Q10516	Q53XJ4
Q10516	Q9UC41
Q7D4P3	P62273
P9WI81	Q6URK5
Q7D5J3	Q9BVW2
Q7D5J3	O95837
Q10516	Q9P124
Q10516	Q9BQQ3
Q7D4P3	Q5JS30
Q7D4P3	Q9UJW0
Q7D4P3	Q567Q6
Q7D4P3	P04196
Q7D5J3	Q8WW06
Q10516	P06734
Q7D4P3	Q9UFD0
Q10516	Q14340
Q7D4P3	Q96TE5
Q7D4P3	Q9UPW4
Q7D4P3	Q6N0A4
Q7D4P3	Q9HCU0
P9WI81	Q96RL2
Q10516	Q6P5S1
Q7D4P3	Q9Y239
Q7D4P3	Q9Y4J2
P9WKE3	Q9UMA3
P9WI81	Q9UDI2
Q7D4P3	Q9UPI9
Q10516	Q6FG45
Q10516	Q9UD72
P9WKE3	Q96JB0
Q7D4P3	Q9Y3A8
Q7D4P3	Q9UM26
Q7D4P3	Q5SXM3
Q10516	P49356
Q10516	Q8IV83
Q7D5J3	Q9Y2A5
Q7D4P3	Q8IXL4
Q7D4P3	Q8TD70
Q10516	Q9UHH7
Q10516	Q9UF23
Q7D5J3	Q6FGZ2
Q7D4P3	Q8IUZ9
Q7D4P3	Q9UEH7
P9WI81	Q6ZS74
Q7D4P3	Q8TE57
Q10516	Q96TF9
Q7D4P3	Q9UDL4
P9WI81	Q6FI44
Q7D4P3	Q99746
Q7D4P3	Q9UNU3
Q7D4P3	Q9UEJ4
Q10516	Q71UP4
Q7D4P3	Q9NWD2
Q7D5J3	Q9UDH0
Q10516	Q96CX0
Q7D5J3	Q9H549
Q10516	Q8WVV7
Q10516	Q9BTS8
Q7D4P3	Q9BX67
Q7D4P3	Q9NUC4
Q10516	O95190
Q7D4P3	Q9NRH9
Q7D4P3	Q9UE72
Q10516	Q8N1C5
P9WI81	P25963
Q7D4P3	O95453
Q10516	Q9UMT8
Q10516	Q6N0A4
Q10516	Q9UQR1
Q7D4P3	Q6YNC1
Q10516	Q5VX94
Q10516	Q9HCU0
Q10516	Q8TDA5
P9WI81	Q92467
Q7D5J3	Q9H1A8
Q7D4P3	Q9BQ56
Q10516	Q6IB00
Q7D4P3	P46940
Q7D4P3	Q6PK23
Q7D5J3	Q9BZB6
Q10516	Q5TZC0
Q10516	Q92840
Q7D5J3	Q2M249
Q7D4P3	Q9Y243
Q10516	Q9Y6V4
Q7D4P3	Q6FHK5
Q7D4P3	Q8IY10
Q10516	P53365
Q10516	Q9Y3U8
Q7D4P3	Q9Y5X1
Q10516	Q96DH3
P9WPH9	Q13950
Q7D4P3	Q9UCD5
Q10516	Q9NSA7
Q7D4P3	Q53XN9
Q10516	Q4G0A9
Q10516	Q6Q317
Q7D5J3	P11233
P9WI81	Q96F49
Q7D4P3	Q5T0U8
Q7D4P3	Q9BVU8
Q7D4P5	Q9Y6R5
Q10516	Q7Z743
Q10516	Q8WTS4
Q10516	Q96BX6
Q7D4P3	Q9BPV3
Q7D4P3	Q9NZJ0
Q7D5J3	Q5T3P9
Q10516	P56199
Q7D4P3	Q9UFX3
Q7D4P3	Q37526
Q7D4P3	Q308M2
Q10516	Q9UFP7
Q7D4P3	P35638
Q10516	Q9NP28
Q7D4P3	Q9Y3N1
Q10516	Q9NTQ0
Q7D4P3	Q9NVQ6
Q7D4P3	Q9UBC8
Q7D4P3	Q9BXR1
Q10516	Q5FVF0
Q7D4P3	Q9HAP4
Q7D4P3	Q4VXC2
Q7D5J3	O95450
Q10516	Q92596
P9WPH9	Q6IBF7
Q10516	Q96DK5
P9WPH9	Q6IB60
Q10516	Q96GP7
Q10516	Q9P2A9
Q7D4P3	Q9HD16
Q10516	Q99743
Q7D4P3	P07766
Q7D4P3	Q9UQ18
P9WI81	Q8IV34
Q7D4P3	Q9BRR9
Q7D4P3	Q71UI9
Q7D5J3	Q9P2Y6
P9WPH9	Q9UEU8
Q10516	Q9UPA4
Q7D4P3	Q9Y5K2
Q7D4P3	Q9UCG3
Q10516	Q9Y5X1
Q10516	Q96J45
Q7D4P3	Q9UC57
Q10516	Q52LW4
Q7D4P3	Q8IZ61
Q10516	Q53EP3
Q7D4P3	Q9Y659
P9WI81	Q8WWN9
Q7D4P3	Q8WVP0
Q10516	Q9H682
P9WI81	Q99606
Q10516	Q6FHK5
Q7D4P3	Q9NWS0
P9WI81	Q9UHW5
Q10516	Q9NYE6
Q10516	Q5T9U6
Q7D4P3	Q9UKM3
Q7D5J3	U3KQL5
Q7D5J3	Q96TF9
Q7D4P3	Q9UD85
Q7D4P3	Q93042
Q7D4P3	Q9GZS1
Q10516	Q6FI99
P9WI81	Q96RE4
Q10516	Q9Y254
Q7D5J3	Q9NR36
Q7D5J3	Q9UK80
Q10516	Q9BWG3
Q7D4P3	Q9BUQ0
Q7D4P3	Q9P102
Q7D4P3	Q16699
Q7D5J3	Q9UP73
Q7D4P3	Q9UBZ9
Q7D4P3	Q86XE8
Q10516	Q9UGQ1
Q10516	Q5W131
Q10516	Q86UK1
P9WI81	Q5T054
Q10516	Q9UDI1
Q7D4P3	Q9UDK0
Q7D4P3	Q9BW98
Q10516	Q9NW28
Q7D4P3	Q99474
Q10516	P26651
Q7D5J3	Q9H171
Q10516	Q8TBP8
Q7D5J3	Q6FHX3
Q10516	Q9ULX4
Q7D4P3	Q9BUK8
Q7D4P3	Q9Y6X0
Q7D5J3	Q92596
Q7D4P3	Q9NT58
Q7D4P3	Q8WTZ6
Q7D4P3	P62857
Q7D5J3	Q9H001
Q10516	Q6NXQ1
Q7D4P5	Q6IS14
Q7D4P3	Q9UE83
P9WKE3	O14562
Q7D4P3	Q9UKQ4
Q7D5J3	Q9UM06
Q10516	Q17RN1
Q7D4P3	Q9NU86
Q7D4P3	Q96BX6
Q10516	Q9JLX1
Q7D4P3	Q92574
Q7D4P3	Q9UIS5
Q10516	Q9BQ09
Q7D4P5	X5D9C8
Q10516	Q93077
Q10516	Q6Y288
Q10516	Q8WWS8
Q7D4P3	Q9Y2Z0
Q10516	Q9P1X9
Q10516	Q1RLL9
Q7D4P3	Q99688
Q7D5J3	Q9NQT8
Q10516	Q96J55
Q7D4P3	Q2M1S3
Q10516	Q9Y3R6
Q7D4P3	Q9UIU9
Q7D4P3	Q9BYF4
Q7D4P3	P31323
Q7D4P3	Q96EC8
Q7D4P3	Q9BR72
Q7D5J3	Q9H8Y2
Q10516	Q6LBJ6
Q7D4P3	Q9BT99
Q10516	Q9BX29
Q7D4P3	Q86VW7
Q10516	Q96PR7
Q7D4P3	Q8IWX7
Q7D4P3	Q9UJX4
Q7D4P3	Q9UC69
P9WI81	O75689
Q7D4P3	P36873
Q10516	Q96J16
Q7D4P3	Q8J012
Q7D4P3	Q14CP2
Q10516	Q8WYK4
P9WI81	O75327
I6WXK4	Q9UEV0
Q7D4P3	Q9BTD9
Q10516	P21810
Q7D4P3	P25105
Q10516	Q8IY91
Q10516	Q9NZE4
Q7D4P3	Q9Y4G5
Q10516	Q9UMZ4
Q10516	Q05CA4
Q7D4P3	Q5BKT2
P9WI81	Q9UNJ9
Q10516	Q6IBD4
Q10516	Q8TE56
Q10516	Q9Y4E4
Q7D4P3	Q99558
Q7D5J3	Q15576
Q10516	Q9Y221
Q7D4P3	Q3T1A4
P9WI81	P78315
Q7D4P3	P63220
Q7D4P3	Q9Y3U8
Q10516	P25105
Q7D4P3	Q12982
Q7D4P3	Q9NRY3
Q7D5J3	Q9P0J8
Q10516	Q7Z4L6
Q10516	Q96EA8
Q10516	Q9NW59
Q7D4P3	Q9UGM8
Q7D4P3	Q9UNA0
P9WI81	Q8N5L4
Q7D4P3	Q96RJ1
Q7D4P3	Q9NSR6
Q7D5J3	Q9P1L8
Q7D5J3	Q8TF30
P9WI81	Q9BTI2
Q7D4P3	P16333
Q10516	Q8TD70
Q10516	Q86XR0
Q7D4P3	Q9NPK2
Q10516	Q9UM56
Q10516	Q5SRH4
Q10516	Q5T1U0
Q10516	Q9UIP5
Q10516	Q6IBN5
Q7D4P3	Q9Y2L1
Q7D4P3	Q502Z6
Q7D4P3	Q6P2G4
Q7D4P3	Q9H965
Q7D4P3	Q8IXZ5
Q7D4P3	Q9UCV7
P9WI81	Q99646
Q10516	Q9UIC3
Q7D5J3	Q00722
Q10516	Q9HAP7
Q7D4P3	Q9H787
Q7D4P3	Q92997
P9WI81	Q53XJ4
Q10516	Q8TE58
P9WI81	P04271
I6WXK4	Q96FI6
Q7D4P3	Q5U065
Q7D4P3	Q9P2G8
P9WI81	Q9Y2K2
P9WN49	H9KV45
Q10516	Q9UJM3
Q7D4P3	Q96PN5
Q7D4P3	Q9UD72
Q10516	Q9UMY0
Q10516	Q9P079
Q7D4P3	Q9UCE2
Q10516	Q8NEN8
Q10516	Q9P1L8
Q7D4P3	Q9UQ41
Q10516	Q9H1A8
Q7D5J3	Q99418
Q7D4P3	Q9BR64
Q7D5J3	Q9H4A2
Q10516	Q9Y5L9
Q10516	Q9NUW3
Q10516	Q86WX8
Q7D5J3	Q5U0M8
Q7D4P3	Q9BY44
Q10516	Q99608
Q10516	Q9UII8
P9WI81	Q99444
Q7D4P3	Q9P2P3
Q7D4P3	Q9H3P2
P9WPH9	Q96HD3
Q10516	P05386
Q10516	Q9Y5J2
Q7D4P3	Q9UQM0
Q7D4P3	Q9H6W0
Q7D4P3	Q9UNY8
Q7D4P3	Q8WTZ2
P9WI81	A0A3B3ISY8
Q7D4P3	Q86VD2
Q10516	U3KQL5
Q7D5J3	Q9UFB8
Q7D4P3	Q59GZ4
Q7D4P3	Q9Y5Z3
Q10516	Q15596
Q7D4P3	Q5RKV6
Q10516	P07478
Q7D4P3	Q9UQB7
Q10516	Q9H2F2
Q7D4P3	Q969R0
Q10516	Q9Y4V2
Q10516	Q7KYV3
Q7D5J3	Q8J012
Q7D4P3	Q9UHP8
Q7D4P3	Q9H1Z5
Q7D4P3	Q96RH1
Q7D4P3	Q99760
Q7D4P3	Q9ULW1
Q10516	Q13485
Q7D4P3	Q6ISC3
Q7D4P3	Q9BTS3
Q7D5J3	Q8IUI1
Q10516	Q8NHS2
Q10516	Q8WW75
Q7D4P3	Q567S7
Q10516	Q9NV63
Q10516	Q9UIQ7
Q10516	Q7Z5B9
Q10516	Q99741
Q7D4P3	Q9NRI5
Q10516	Q9UPF6
Q10516	Q9NRI5
Q7D4P3	Q96B09
Q7D4P3	Q8IV83
Q7D4P3	Q96BV4
Q7D4P3	Q9UQI0
P9WI81	Q86YI1
Q10516	Q96GT0
Q10516	Q86XE8
P9WI81	Q9Y352
Q10516	Q9Y6B6
Q7D4P5	Q3MIB1
Q10516	Q9UC69
Q7D5J3	Q8IVA6
I6WXK4	Q6PID4
Q7D4P3	Q9Y2A5
Q10516	Q9BPV3
Q7D4P3	Q9HBS6
Q10606	Q6NW19
Q7D4P3	Q86XV9
Q7D4P3	Q9NSZ3
Q7D4P3	Q8WZ89
P9WI81	Q96HC5
Q10516	Q9Y5X3
P9WI81	Q86XH0
Q7D4P3	Q9P2N4
P9WI81	Q9H3P3
P9WPH9	Q5U098
Q10516	Q75N87
Q7D4P3	Q9NZ42
P9WI81	Q5TGM6
Q7D4P3	Q9UDH8
Q10516	Q5U035
Q7D5J3	Q8IVD1
P9WI81	Q12954
Q10516	Q9UBB1
Q7D4P3	P24941
Q10516	Q9BV05
Q7D4P3	Q5TCA8
Q10516	Q6MZL5
Q7D4P3	Q13347
Q7D4P3	Q9BZN5
Q7D4P3	Q96QJ5
Q7D5J3	Q9NT58
Q7D4P3	Q4ZGJ6
Q10516	Q8TBI9
Q10516	Q93068
Q7D4P3	Q92793
Q7D4P3	Q9H549
Q10516	Q9H0U4
Q7D4P3	Q96F35
Q7D5J3	Q5TC33
Q7D4P3	Q9UC20
Q7D4P3	Q38M82
Q7D4P3	Q53X14
Q7D4P3	Q9BWN0
Q7D4P3	Q00534
Q10516	P61247
Q7D4P3	Q9BVK4
Q7D5J3	Q96RJ1
Q7D4P3	Q9NQK5
Q10516	Q6IBM4
Q7D5J3	Q9H6V1
Q7D4P3	Q9UC55
I6WXK4	Q9UIQ3
Q7D4P3	Q8IYI7
Q10516	Q9UM14
Q7D4P3	Q53ES8
Q7D5J3	Q9Y6Q0
P9WI81	Q9BXM7
Q10516	Q96H98
Q10516	Q96CY8
Q7D4P3	Q5M8S9
Q7D5J3	Q86X74
Q10516	Q8N513
P9WI81	Q13809
P9WI81	Q6PID4
Q7D4P3	Q6FHX3
Q7D5J3	Q8WU19
Q10516	Q9NS92
P9WPH9	Q9TNN9
Q10516	Q8NFG5
Q7D4P3	Q9P2A9
P9WI81	Q8WUB1
Q7D4P3	Q9BVY5
Q7D4P3	P15172
Q7D4P3	Q9BZ04
Q10516	Q9UCD5
Q10516	Q96I12
Q10516	Q9H324
Q7D4P3	Q9UG57
Q7D4P3	Q96D85
Q7D5J3	Q96PX3
Q7D4P3	Q9UN05
Q7D4P3	Q99879
Q7D4P3	Q9UE78
Q7D4P3	Q6IBM4
Q10516	Q6FHS6
P9WI81	Q86WX8
Q10516	Q5EE02
Q7D4P3	Q9H5L7
P9WI81	Q9UBE8
Q10516	Q96HD3
Q10516	Q99966
Q7D4P3	Q6IPH1
Q7D4P3	Q99883
Q7D4P3	Q5T3P9
P9WJL5	Q5T3P9
Q7D4P3	Q9BZD4
Q10516	Q9UPF7
Q7D4P3	Q59EW4
Q7D4P3	Q96J60
Q10516	Q53SL0
Q7D4P3	Q9BTN5
Q7D4P3	Q9UD93
Q7D5J3	Q5EE02
Q10516	Q9UE88
P9WI81	Q8N4D9
Q10516	Q13904
Q10516	Q9BS04
Q7D5J3	Q96PY5
Q10516	Q6IBZ5
Q10516	O14543
Q7D4P3	Q9BSB1
Q10516	Q9Y495
Q7D4P3	Q16499
P9WI81	Q13637
Q7D4P3	Q9NR33
Q7D4P3	Q92491
Q10516	Q99877
Q7D4P3	Q9H811
P9WI81	P28482
Q10516	Q9UJB1
Q7D4P3	Q2VPI7
Q7D4P3	Q9UKV5
P9WPH9	Q9BWZ9
Q7D4P3	Q9UCJ4
P9WPH9	Q8WWN9
Q7D4P3	P09601
Q7D4P3	Q9H4W8
Q7D4P3	Q5TZP9
Q10516	Q9NRF9
Q7D4P3	Q9Y6B7
Q7D4P3	O43150
Q10516	Q9BWL1
Q7D4P3	Q9UCZ8
Q7D4P3	Q9UJX6
Q10516	Q86VI3
Q7D4P3	Q9Y220
Q7D4P3	Q6FHS6
Q7D4P3	Q9NQ58
Q10516	Q9Y270
Q10516	Q53EK9
Q7D4P3	Q59FY0
Q7D5J3	Q8IXU7
Q7D5J3	Q9NU86
Q7D4P3	Q9Y5V2
Q7D4P3	Q9BZP9
Q10516	Q9UG63
Q7D4P3	Q9UN56
Q10516	Q9BV51
Q7D4P3	Q9UCG7
Q10516	Q16876
P9WI81	Q5U0G3
Q7D5J3	Q9UPU4
Q10516	Q6FHY1
Q7D4P3	Q9P126
Q7D4P3	Q9UDI3
Q7D4P3	Q92768
Q7D4P3	Q9UD26
I6WXK4	C9J0E9
Q7D4P3	Q8N1C5
Q10516	Q9UCT8
Q10516	Q9BWN0
P9WI81	Q96MN3
Q7D5J3	P62273
Q10516	Q9UFX3
Q10516	Q9UE65
Q10516	Q9UBC8
Q10516	Q53Y89
Q7D4P3	Q96GB8
Q7D4P3	Q9BTI2
Q10516	Q6IBE1
P9WI81	Q9BRR9
Q7D4P3	Q8TC19
Q7D4P3	Q9BS70
Q10516	Q16499
P9WI81	Q7Z3Y2
Q7D4P3	Q6P5S1
Q10516	P26038
Q10516	Q96E72
Q7D4P3	Q9NXK2
Q10516	Q8IW95
Q10516	Q9UBZ9
P9WI81	Q9BUB5
Q7D4P3	Q9NRF9
Q7D4P3	Q9UCS6
Q10516	Q969D8
Q7D4P3	Q9Y4Y0
Q10516	Q6IAY3
Q7D5J3	Q53HH9
Q7D4P3	Q9UMF5
Q7D4P3	Q9UI88
Q7D5J3	Q9UD54
Q10516	Q45F99
Q10516	Q99444
Q7D4P3	Q8TCV6
Q10516	Q9HBW0
Q7D5J3	P51687
Q10516	Q9H240
Q7D4P3	Q9Y6A8
P9WI81	Q5H9B3
Q10516	Q6GRF8
Q7D5J3	Q9BR62
Q7D4P3	Q9UF77
Q10516	X5D9B4
Q10516	Q9UMD2
P9WI81	Q2M1Z4
Q7D4P3	Q6LBJ6
Q10516	Q9BVC7
Q7D4P3	Q9UNP3
Q7D4P3	Q15282
Q7D5J3	Q9H240
Q10516	Q9H001
Q10516	Q9UEF4
Q10516	Q9Y287
Q7D4P3	Q06413
Q10516	P84077
Q7D4P3	Q7Z698
Q10516	Q8N6Z7
Q7D4P3	Q6GTN4
Q10516	Q16841
Q10516	Q96AH8
Q7D4P3	Q9UCZ5
Q10516	Q9UJ36
Q10516	Q9UDL6
Q7D5J3	Q9UIL0
P9WPH9	Q969L6
P9WI81	Q8WWN8
Q10516	Q9C0E6
Q10516	O43513
Q7D4P3	Q8TDA5
Q7D4P3	Q96GT0
Q7D4P3	Q9UJB1
Q7D4P3	Q9UBV8
Q10516	Q9UPH0
Q10516	Q9UDA8
Q10516	Q9UDC6
Q7D4P3	Q9BW17
Q7D4P3	Q5TZU9
Q7D4P3	Q9UH94
Q7D4P3	Q6SSE9
Q7D4P3	P28482
Q10516	Q9UNF9
P9WI81	Q9UPP0
Q7D4P3	Q92515
Q10516	Q96HG5
Q10516	Q9Y6Q9
P9WJL5	E9PI54
Q10516	Q12982
P9WPH9	Q9UQ90
Q10516	Q8TC14
Q7D4P3	Q9UK55
P9WI81	Q9BTB4
Q10516	P61163
Q7D4P3	Q9UPG5
Q7D4P3	Q8NHB2
Q7D4P3	Q8NI00
Q7D4P3	Q8TD95
Q7D4P3	Q6IBH9
Q7D4P3	Q8N5C5
P9WPH9	O14562
I6WXK4	Q9UND6
I6WXK4	Q9UHW5
Q7D4P3	Q8NHX1
Q7D4P3	Q8WW07
Q10516	P04083
Q10516	Q5HY69
Q10516	P62314
Q10516	Q9UN99
Q7D4P3	Q9NZX9
Q10516	Q8IWU9
Q7D4P3	Q9UHA0
Q7D4P5	Q8NI95
Q7D4P3	Q8WTQ7
Q10516	Q9BQA4
Q7D5J3	Q9NZ70
Q7D4P3	Q96QG0
Q7D4P3	Q9H1D7
Q7D4P3	Q5VYE8
Q7D4P3	P31946
Q10516	Q9UCG7
Q7D4P3	Q9UDJ4
Q10516	Q5VUF1
Q7D4P3	Q9UE88
Q7D4P3	Q9BWQ0
Q10516	Q99638
Q10516	Q92934
Q7D4P3	Q9UC36
Q7D4P3	Q9UCS0
Q7D4P3	Q6UW79
P9WI81	Q9Y2D3
P9WI81	Q5M7Z1
Q7D5J3	Q9UP79
Q7D4P3	Q96GP7
Q7D4P3	Q9GZV4
Q7D4P3	Q9UDH0
Q7D5J3	Q9UHP8
Q7D4P3	Q15370
Q7D4P3	Q99806
Q7D5J3	Q9UFP7
Q10516	Q6ZP89
P9WI81	Q8WW06
I6WXK4	Q5U0G3
Q7D5J3	Q8N679
Q7D4P3	A0A3B3ISY8
P9WI81	Q6GTT3
Q10516	Q9CY33
Q7D4P3	Q9UKE5
Q10516	Q9UH50
Q10516	Q9BT99
Q7D4P3	P56282
Q7D5J3	Q7Z2I6
Q10516	Q53XR9
Q7D4P3	P98172
Q7D4P3	Q9BSC8
P9WI81	P78366
Q10516	Q14499
Q7D4P3	P49427
Q7D4P3	Q5EE02
Q10516	Q9BVW2
Q10516	Q9BUM5
Q7D5J3	Q68GC0
Q7D4P3	Q96HJ0
Q7D4P3	Q86WX8
Q7D4P3	Q9UP97
Q7D4P3	Q9Y2K2
Q10516	Q96L32
Q10516	Q9H905
Q7D4P3	Q9H3I2
Q10516	Q9UMK2
Q10516	Q6ICN3
Q7D5J3	Q5T0F5
Q7D5J3	Q9UCC6
Q10516	Q96F49
P9WI81	Q9CUV7
Q10516	Q9H1P2
Q7D4P3	Q8IUY9
Q7D4P3	P48643
Q7D4P3	Q9ULF6
P9WHP1	Q9NXT4
Q7D4P3	Q13107
Q7D5J3	Q8IVT5
P9WI81	Q9NXI8
Q10516	Q9NPL3
Q7D4P3	P32969
Q10516	Q4TTG0
Q7D5J3	Q9Y2Y1
Q7D4P3	Q9UNS3
Q10516	Q71UI9
Q7D4P3	Q9H4E2
Q7D4P3	P52566
Q7D5J3	Q9UCL4
Q10516	P46776
P9WI81	Q9BRB5
Q10604	Q7Z2Y5
Q7D5J3	P78335
Q7D4P3	P49356
Q7D4P3	P07947
Q10516	Q52M96
Q10516	Q9BVP5
Q7D4P3	Q4KN36
Q10516	Q99760
Q7D4P3	Q9TP70
Q10516	Q9UFF4
Q10516	O95453
Q10516	Q6IBR4
Q7D4P3	O14511
Q10516	Q5D0D6
Q7D4P3	Q99767
P9WJL5	Q8IZ71
Q7D4P3	Q6P9A9
Q7D4P3	Q9UHH7
Q10516	Q96BY3
Q7D4P3	Q9BVZ0
P9WI81	Q9UNM5
Q7D4P3	Q59ES9
Q7D5J3	Q53XN9
Q10516	Q2V575
Q10516	Q6IBE9
Q10516	Q96HA5
Q7D4P3	Q17RN1
P9WI81	Q5U035
Q7D4P3	Q9NUY4
Q7D4P3	Q96GG1
Q7D5J3	Q9UJZ0
Q10516	Q96BV4
Q7D4P3	Q6DHZ3
Q10516	Q38M82
Q10516	Q7L5N1
Q7D4P3	Q9H1A8
Q7D4P3	P26038
Q7D5J3	Q8IXL2
Q10516	P62195
Q7D4P3	Q96E72
Q7D4P3	Q8IUI1
Q7D4P3	Q9BUZ2
Q7D4P3	Q49AP1
Q7D4P3	Q86XD3
Q10516	Q9NSJ4
Q7D4P3	Q9UDQ2
Q7D4P3	Q5W116
Q10516	Q8TE60
Q10516	Q9BXP7
Q10516	Q96B99
Q7D4P3	Q6NZI3
Q7D4P5	Q99728
Q7D5J3	Q96BE6
Q7D5J3	Q7Z4L6
Q10516	Q9BWQ0
Q10516	Q9H0W6
Q10516	Q96DH0
Q7D4P3	P22459
Q10516	Q5TZU9
Q10516	P58876
Q10516	Q9BTT1
Q7D4P3	P15169
Q7D4P3	Q9H1Z1
Q7D4P3	Q96NS4
Q10516	Q6FGY6
Q7D4P3	Q9UKP5
Q7D4P3	Q9UBY5
P9WI81	Q59EW4
Q10516	Q9BS41
Q7D4P3	Q53Y61
Q7D4P3	Q9UJ40
Q7D5J3	Q9UG63
Q10516	P49005
Q7D4P3	Q5HY69
Q7D4P3	Q15286
Q7D4P3	Q5TGM6
Q10516	Q96CX7
Q10516	P02790
P9WI81	P07948
Q7D4P3	Q6FGE9
Q10516	P24386
Q7D4P3	Q96D14
Q10516	P16333
Q7D4P3	Q6GS87
Q7D4P3	Q9XS10
Q7D4P3	Q9Y218
Q7D4P5	Q6FG61
Q7D4P3	Q96QJ3
Q10516	Q9BUC2
P9WI81	Q8TBL9
Q7D4P5	Q9UHW5
Q7D4P3	Q9P0J8
Q7D4P3	Q99967
Q7D5J3	F8W876
I6WXK4	Q9UH50
Q10516	Q8N191
P9WI81	Q9UDJ2
Q10516	Q9P1U0
Q7D5J3	Q6IBD4
P9WI81	Q9BUQ0
Q10516	Q9Y218
Q7D4P3	P51965
Q7D5J3	Q9BZK6
P9WI81	Q6FGZ6
P9WI81	Q8N5C5
Q10516	Q9BYF4
Q7D4P3	P16591
Q7D4P3	Q53ZV4
Q10516	Q9UCG4
Q7D4P3	Q9H682
Q10516	Q9BUB1
Q10516	Q9Y5K2
Q10516	P52435
Q7D4P3	Q8TE56
Q10516	P51687
Q7D4P3	Q96G93
Q10516	Q6GU45
Q10516	Q96GB8
Q7D4P3	Q6P4I0
Q10516	Q9BWY3
Q10516	Q9UL47
Q10516	Q96PQ2
Q7D4P3	Q9HAK8
P9WI81	Q9UKA9
Q7D4P3	Q9Y3F4
Q7D4P3	Q9Y6F4
Q7D4P3	Q9UDW9
Q10516	Q9UCL4
Q7D4P3	Q8TE58
Q10516	Q6IRY4
Q10516	Q9UN56
Q7D4P3	Q86X73
Q7D4P3	Q8NF52
Q7D4P3	Q9NQE6
P9WI81	O75297
Q7D4P3	Q9UQM2
Q7D5J3	Q96Q20
Q10516	Q99688
Q10516	Q9BS49
Q10516	Q9UCE2
Q10516	Q4JHT4
Q7D4P3	Q9UDG2
Q7D4P3	Q8N256
Q7D4P3	X5D9B4
Q10516	Q9Y2G5
P9WI81	Q8N422
Q10516	Q3LHW8
Q10516	Q96FP6
Q7D5J3	Q96KQ3
Q7D4P3	Q5TZY3
Q7D4P3	Q9UQM1
Q10516	Q96AK7
P9WI81	Q9Y5U3
Q7D4P3	Q96H98
Q7D4P3	Q9NQ05
Q10516	Q9UQR3
P9WI81	Q86VW7
Q10516	Q9H787
Q7D5J3	Q9UQM6
Q10516	Q9H171
Q10516	Q9UNT4
Q7D4P3	Q5T0F5
Q7D4P3	Q9UPC0
Q10516	Q14595
Q7D5J3	Q8N193
Q10516	Q5R2W0
Q10516	Q9BTI2
Q7D4P3	Q96PR5
Q10516	Q6FGF5
Q7D4P3	Q9BW54
P9WI81	Q6FHV0
P9WI81	Q9HBR6
Q10516	Q92767
Q10516	Q562F4
Q7D4P3	Q9P2Z3
P9WPH9	P12004
Q10516	Q9BZB6
Q10516	Q92875
Q7D4P3	Q9Y492
Q7D4P3	P21810
Q7D4P3	Q9BW99
Q10516	Q8IXL2
P9WI81	Q9Y6F4
Q10516	Q9H3P3
P9WI81	Q7Z721
Q7D4P3	P62910
Q7D4P3	Q9NUW3
Q7D4P5	Q9Y6V4
P9WI81	Q9UE19
P9WI81	Q9UGW9
Q7D4P3	P05156
Q7D4P3	Q7Z484
Q7D4P3	Q8N5D7
Q7D4P3	P04083
P9WI81	Q16644
Q10516	Q9HCB6
Q7D4P3	Q53XJ4
Q7D4P3	Q9UEX3
Q10516	Q9NPD3
Q7D4P3	Q8NF13
Q7D4P3	Q8IVC5
Q7D5J3	Q8NIA4
Q7D4P3	Q9H6V1
Q10516	Q9H1Z5
P9WI81	X5D9C8
Q10516	Q5VSI0
Q7D4P3	P78335
Q7D4P3	Q9BZY3
Q7D4P3	O75297
Q7D4P3	Q96MH1
Q7D4P3	P21371
Q7D4P3	Q96PY5
Q7D4P3	Q1RLL9
Q7D4P3	Q9UP74
Q7D5J3	Q6IBE9
Q7D5J3	Q9UFT9
Q7D4P3	Q9UPF9
P9WI81	Q9BWB6
Q7D4P3	Q9BZR6
Q10516	R4GND2
Q7D4P3	Q6FGF5
Q7D4P3	Q8NG46
Q7D4P3	Q9BXM7
Q10516	A0A3B3ISY8
Q10516	Q9Y2U7
Q7D4P3	Q9Y5N9
Q10516	Q5TZS0
Q7D4P3	Q59FH7
Q7D4P3	Q6IRY0
Q7D4P3	Q9ULG4
Q10516	Q9Y2Y1
Q10516	Q9H4M5
Q7D4P3	Q9HBW0
Q7D4P3	P26715
Q7D4P3	Q96FB0
Q10516	Q71V76
Q7D4P3	Q76M58
Q7D4P3	Q9UDI8
Q7D5J3	Q86XD7
Q7D4P3	Q9UD95
Q7D4P3	Q9NYV6
Q10516	Q9Y5X8
Q7D4P3	P63173
P9WI81	Q49AP1
P9WI81	Q7Z746
Q10516	Q9UKA9
Q7D4P5	Q9UM99
Q7D4P3	Q96J47
Q7D4P3	Q9HCE5
Q10516	Q9UJX5
Q10516	Q6ZS74
Q7D4P3	Q93068
Q7D4P3	P52435
Q7D4P3	Q16644
Q10516	P04271
Q7D4P3	Q96BN0
Q7D4P3	Q5VTW4
Q10516	Q9H391
Q7D4P3	Q8IUS3
Q7D4P3	Q9UL47
Q10516	Q16027
P9WI81	Q9UKE5
P9WI81	Q99418
Q7D4P3	Q9Y6Y9
Q7D4P3	O60500
Q7D4P3	Q9BS80
Q10516	P0CW22
Q7D4P3	Q8NDZ7
Q7D5J3	Q9C0K3
Q10516	Q9P2S4
Q10516	Q9UNA4
P9WI81	Q6ICN3
Q7D4P3	P27824
P9WI81	Q9HCP1
Q10516	Q9BRP7
Q10516	Q8N193
Q7D4P3	Q9UBF8
Q7D4P3	Q9NYX8
Q10516	Q9BUR0
P9WI81	Q9UBS6
Q10516	Q9NWS0
Q7D5J3	Q9H682
Q10516	Q9UPP0
Q7D4P3	Q96J12
Q10516	Q96Q20
Q10516	Q7Z3D1
Q7D4P3	Q9BTB4
Q7D5J3	Q9HAV7
P9WI81	Q9UPV4
Q7D5J3	Q5FWF0
Q10516	Q96J47
Q10516	Q9Y6G9
Q7D4P3	Q9UN34
Q7D4P3	P26651
Q7D4P3	Q9BUG3
P9WN49	Q9Y6R5
P9WI81	Q99474
Q7D4P3	Q9C005
Q7D4P3	Q9HCT2
Q7D5J3	Q8N753
Q7D4P3	A0A0A0MRK5
Q7D5J3	Q9UN03
P9WI81	Q5JSL6
Q7D4P3	Q9XRX6
Q7D4P3	P02790
Q10516	E9PI54
Q10516	Q9UNW5
Q10516	Q9Y677
Q7D4P3	Q9UKH1
Q7D4P3	Q16876
Q7D5J3	Q6DHZ3
Q10516	Q7Z5G6
Q7D5J3	Q1RLL9
Q10516	Q9H5V3
P9WKE3	Q71V76
Q10516	Q53XY5
Q7D4P3	Q29RG0
Q7D4P3	Q86Y61
I6WXK4	Q96QJ0
Q10516	Q9BTB4
Q7D4P3	Q9UJM7
Q7D4P3	Q9Y5L9
Q10516	Q6LDP5
Q10516	Q96S46
Q7D4P3	P20132
Q7D4P3	Q96RP6
P9WJL5	Q9UHD1
Q7D4P3	Q86W79
Q7D4P3	Q9UPT2
P9WI81	Q15831
Q7D4P3	Q5U0N2
Q10516	Q9H3F4
Q7D4P3	Q9UNL1
Q10516	Q9NR33
Q10516	Q9BTD9
Q7D4P3	Q9UM56
Q10516	Q9P2Y6
Q10516	Q96N00
Q7D4P3	Q5JV56
Q10516	Q9UNL1
Q7D5J3	Q96GP7
P9WPH9	Q9BS70
Q10516	Q99952
Q10516	Q7RU02
Q10516	Q8WZ89
Q7D4P3	Q9UCL4
Q10516	Q99615
Q10516	Q9BU31
Q10516	P12643
Q10516	Q9UNS3
Q10516	Q3KQR8
Q10516	Q8IZF9
Q7D4P3	Q9NR42
Q7D4P5	Q9Y5N9
P9WPH9	Q9UCD5
Q10516	Q00007
P9WI81	Q9UQC2
Q7D4P3	Q4JHT4
Q10516	Q6LEF0
Q7D5J3	Q9BZB9
Q10516	Q9UQI9
Q10516	Q6NSK6
Q10516	Q96NS4
Q7D5J3	Q8WVP0
Q7D4P3	Q9UDC6
Q7D5J3	Q9UCH2
Q10516	Q7Z3U4
Q7D4P3	Q9BYU0
Q10516	Q2M1Z4
Q10516	Q9NR61
Q10516	Q2M3B4
Q7D4P3	Q9Y4Y7
Q7D4P3	Q8NEN1
Q7D5J3	Q9Y218
P9WI81	Q9NZ70
Q7D4P3	Q6FH69
Q7D4P3	Q86X74
Q7D5J3	Q9Y490
Q10516	Q13347
Q10516	O14514
Q7D4P3	Q6FGX6
Q10516	Q92678
Q10516	P43405
Q7D4P3	Q9UEP9
P9WN49	A0A3B3ISY8
Q10516	Q71U36
P9WI81	Q9NRY4
Q7D4P3	P01762
Q7D4P3	Q96J19
Q7D5J3	Q99728
Q7D4P3	Q9BZW1
Q7D4P3	Q9BX29
Q7D5J3	Q9Y5S8
Q7D4P3	Q5D0D6
Q7D4P3	Q9Y4K4
Q10516	Q9UQH2
Q7D5J3	P04196
Q7D4P3	Q9UBL3
Q7D4P3	Q96PX3
Q10516	Q53XM0
Q7D4P3	Q6IB08
Q10516	Q9BW29
Q7D4P3	Q9NWD5
Q7D4P3	Q6IAT3
Q7D4P3	Q8TE60
Q7D4P3	P09919
Q10516	Q6FHD2
Q10516	O43739
Q7D4P3	Q8IZF9
Q7D4P3	Q0VG87
Q7D4P3	P01024
Q7D4P3	Q9BQ21
Q7D4P3	P62249
Q10516	Q96BV9
Q7D4P3	Q9UFT9
P9WI81	Q9UMJ5
P9WI81	Q9NXK2
Q7D5J3	Q9BQQ3
Q7D4P3	Q9UDJ2
Q10516	Q9Y3N1
Q7D4P3	Q9P124
Q10516	Q8TCL5
Q7D4P3	Q6IPY2
Q7D4P3	Q86VH9
Q10516	Q96GH3
Q7D4P3	Q86TF2
Q7D4P3	P62314
Q10516	Q9BXY3
Q7D4P3	Q96DH1
Q10516	Q8NHV8
Q7D5J3	Q9BZX1
Q7D5J3	Q9Y5V2
Q10516	Q9Y3W0
Q7D4P3	Q9Y6M4
Q10516	P20749
Q7D4P3	Q8N6Z7
Q7D5J3	Q8TD38
Q10516	Q5T054
Q10516	Q9UNA0
Q10516	Q99606
Q7D5J3	Q9UMV4
Q7D4P3	Q9NWD1
P9WI81	Q13652
Q7D4P3	Q5SR04
Q10516	Q86VC0
Q7D4P3	Q9Y5Y7
Q7D4P3	Q9Y4E4
Q7D4P3	Q9BQQ3
Q7D4P3	Q99556
Q7D5J3	Q8NHS2
Q7D4P3	Q9Y490
Q10516	Q6IQ15
Q7D5J3	Q9UJ40
Q10516	Q9Y2L1
Q7D4P3	Q9P2Y8
Q10516	Q9UMU2
Q10516	Q96HK1
Q10516	Q9UKV8
Q7D4P3	Q9BW47
Q7D4P3	Q9UBS6
Q10516	Q9Y2X3
P9WI81	Q6P1W2
Q7D4P5	P78315
Q7D4P3	Q9JLY1
Q7D4P3	Q5EEX2
Q7D4P3	Q9NV63
Q7D4P3	Q6B007
Q7D4P3	Q96B99
Q7D4P3	O43739
Q7D4P3	Q9BUT4
Q10516	Q9Y3B2
Q10516	Q9BPX0
Q7D5J3	Q9BR72
Q10516	Q9UL23
Q7D4P3	Q96IZ1
Q7D4P3	Q8IWU9
P9WPH9	Q9BU45
P9WJL5	Q00534
Q7D5J3	Q9Y270
Q7D4P3	Q92759
Q7D5J3	Q9NQ14
Q7D4P3	Q96F48
P9WI81	Q8N679
Q7D4P3	Q9GZP0
Q7D4P3	Q9BVN7
Q7D5J3	Q6NW19
Q10516	Q9BVY5
Q10516	Q96DW5
Q10516	Q9UIF0
Q7D4P3	Q8IVG8
P9WI81	P22681
Q7D5J3	Q9BQ44
Q10516	Q5TC39
Q10516	Q86XD7
Q7D4P3	Q6FGZ6
Q10516	P07948
Q7D4P3	Q8WWN9
Q7D4P3	Q8TDJ1
Q10516	Q15860
Q10516	Q8WU19
Q7D5J3	Q8N5C8
Q7D4P3	Q9BXY9
Q7D5J3	Q52LZ6
Q10516	R4I4T5
Q7D5J3	Q9NR31
Q10516	Q5TC33
Q7D4P3	Q5SR49
Q7D5J3	P15169
Q10516	Q9BRA6
Q7D5J3	Q9UQR1
Q7D4P3	Q6LEF0
Q7D4P3	Q86Y48
Q7D4P3	Q8NIA1
Q7D5J3	Q5VYE8
Q7D4P3	Q9H6N1
P9WI81	Q9UHG6
Q7D4P3	Q2M1Z4
P9WI81	Q96IN1
Q7D4P3	Q9H3R6
Q10516	Q9UNG5
Q10516	Q9H2F1
Q10516	Q7Z698
Q10516	Q9BUZ2
Q10516	Q9UIL0
P9WI81	Q96L32
Q10516	Q9UCS7
Q7D4P3	Q9UKL8
Q10516	Q9TNN9
Q7D5J3	Q9Y579
Q7D4P3	Q96AZ3
Q7D4P3	Q16472
P9WI81	O14511
Q10516	Q53XT4
Q10516	Q02543
P9WI81	Q9UFI4
Q10516	Q9BRV9
Q7D4P3	Q8WU82
Q10516	Q96PD3
P9WI81	Q8IZK9
Q7D5J3	Q53QM4
Q7D5J3	Q9UHW5
Q7D4P3	Q8IZL5
Q7D4P3	Q9UDU9
Q10516	Q8IZ61
Q7D5J3	Q8NHB2
Q10516	Q86SS8
Q10516	Q9NWD5
Q7D4P3	Q96AF7
Q7D4P3	O75327
Q7D4P3	Q9H4Z5
Q7D5J3	Q86TH1
Q7D4P3	Q9Y290
Q10516	Q9HBC0
Q7D5J3	Q2PP16
Q10516	Q5JSL1
Q10516	Q9C092
Q10516	Q96PM2
Q7D5J3	Q75MC9
Q7D4P3	P18084
Q7D4P3	Q9NYB9
Q7D4P3	O43915
P9WI81	Q8NI05
Q10516	Q92515
Q7D4P3	Q9P234
P9WPH9	Q9Y361
Q7D5J3	Q8N173
Q7D4P3	Q9UPT6
Q10516	Q9H3M5
Q10516	Q9BSP8
Q7D4P3	Q8N1A4
Q7D4P3	Q9UCW4
Q7D4P3	Q6GTT3
Q10516	Q9D0G2
Q10516	Q9UKV5
Q7D4P3	Q9UKU7
P9WI81	Q68GC0
Q7D4P3	Q99728
Q10516	Q9H5D2
Q7D4P3	Q6IS14
Q7D5J3	Q9UQ13
Q7D5J3	Q9UQC2
Q10516	Q6FHV5
Q10516	Q9Y6V7
P9WI81	Q32ML7
Q10516	Q9H3M9
Q7D4P3	Q9UIC3
I6WXK4	Q8N1A4
Q10516	Q9UH41
Q7D4P3	Q9H0F6
Q7D5J3	Q9UC32
Q7D4P3	Q9BZX1
Q7D4P3	Q99407
Q7D4P3	Q6LER8
Q10516	Q9ULB0
Q10516	Q9Y3A8
P9WJL5	Q9UQM2
Q7D4P3	Q71UP4
Q10516	Q9BTY1
Q7D5J3	Q9UGI0
Q10516	Q8NCX9
Q10516	Q92574
Q7D4P3	Q9UCS7
P9WI81	O43739
Q7D4P3	Q96BV9
P9WI81	Q9NQD6
Q7D4P3	Q9P2Y6
P9WI81	Q13393
Q7D4P3	Q9P060
Q10516	Q9NQ58
Q7D4P3	Q7M4M5
Q7D4P3	Q99741
Q7D4P3	Q9H5D2
Q7D4P3	Q706C1
Q7D4P3	Q8WU19
I6WXK4	Q96PN5
Q7D4P3	Q9Y5X8
Q7D4P3	Q9BU31
Q10516	Q9BVE5
Q7D5J3	Q9P124
Q10516	Q5TDQ8
Q7D4P3	O14543
Q10516	Q9BTD4
Q10516	Q92534
Q7D4P3	Q8WLP6
P9WI81	Q9ULI7
Q10516	Q9NQ86
Q10516	P18849
Q7D4P3	Q9UNP1
P9WI81	Q9UIQ3
Q7D4P3	Q6IAS5
Q7D4P3	Q93079
Q7D4P3	Q9Y6N5
Q10516	Q99474
Q10516	Q96F51
P9WI81	Q96B09
P9WI81	Q53X14
P9WI81	Q9UDG1
Q10516	Q9UE79
Q7D5J3	Q9NSL8
Q10516	Q6IB18
Q10516	Q9UJ40
Q10516	Q7Z2I6
Q7D4P3	Q9BVT3
Q10516	Q9BQ32
Q7D4P3	Q7Z3D1
P9WI81	Q9Y2A5
Q7D5J3	Q9Y6J0
Q7D5J3	Q9UBE8
Q7D4P3	Q9NNZ9
Q7D4P3	Q2M205
Q7D4P3	Q9UMZ6
Q10516	Q9UEX3
Q7D4P3	Q5HYA0
Q7D4P3	Q9BTD4
Q7D4P3	P58876
P9WI81	Q96CH0
Q7D4P3	Q5SRH4
Q10516	Q9UM80
Q10516	Q9BUU6
Q10516	Q9BRR9
Q10516	Q9UCC0
Q7D4P3	P62834
P9WI81	Q9H4E7
Q10516	Q9H1K3
P9WPH9	Q9Y6R5
Q7D4P3	Q14026
Q10516	V9GYT4
Q10516	Q5T4L6
Q10516	Q9NWD2
Q7D4P3	Q9UH35
Q7D4P3	Q9UH41
Q7D4P3	Q9BRV4
Q7D5J3	O15066
Q7D5J3	Q6IBM5
Q7D4P3	Q92534
P9WI81	Q00535
Q7D4P3	Q9H2V4
Q10516	Q9UHK0
Q10516	Q9H5V4
Q7D5J3	Q16472
P9WI81	O14562
Q7D4P3	Q93035
Q10516	Q96MH1
Q7D4P3	Q32N00
Q7D5J3	Q6ICQ7
P9WI81	Q8IYN8
Q7D4P3	Q9UGM4
Q10516	Q8WZB4
Q10516	Q6IPF8
P9WPH9	A0A3B3ISY8
Q10516	Q9Y5V3
P9WI81	S4R3J4
Q10516	Q5U0R4
Q7D4P3	Q53QM0
Q7D4P3	Q9Y6L8
Q7D4P3	Q8NDC7
Q10516	Q9UPS6
P9WJL5	A0A1W2PQS6
Q10516	Q96DG9
Q7D4P3	Q9UF23
Q7D4P3	Q92747
Q7D4P3	Q96CW1
Q7D5J3	Q07960
P9WI81	Q9UH59
Q7D4P3	Q9UHD2
Q7D4P3	Q9BPX0
Q10516	Q8IUZ9
Q10516	Q9NXK2
Q7D4P3	Q9UFU8
Q7D4P3	Q6UWF0
Q10516	Q13534
Q7D4P3	Q99759
P9WNK5	E9PI54
Q7D4P3	Q9UL46
Q10516	Q9UF77
Q7D5J3	Q14638
Q7D4P3	Q8WUM6
Q7D4P3	Q9UPV4
Q10516	P50591
Q10516	Q96J48
Q7D4P3	Q96JT8
Q7D4P3	Q53XM0
Q7D4P3	Q9H2E5
Q7D4P3	Q92901
Q7D4P3	Q7RU02
Q10516	Q0VG08
Q7D4P3	Q9BVW2
Q10516	Q6IRY0
Q7D4P3	Q9H5V4
Q7D5J3	Q8TAT3
Q7D4P3	Q9NW28
P9WI81	Q9BUT4
Q7D4P3	Q9Y279
Q10516	Q9H1Y4
Q10516	Q13393
Q10516	P22681
Q10516	Q9BW54
Q7D4P3	P05121
Q7D4P3	Q96HR2
Q7D4P3	Q9Y6V4
Q10516	Q6PA00
Q7D4P3	Q8N4G0
Q7D5J3	Q99767
Q7D4P3	Q9UH31
P9WI81	Q9UMG5
Q10516	Q8NF13
Q7D4P3	Q9UDC7
Q10516	Q9ULS1
Q7D4P5	O14562
Q10516	Q9UHW5
Q10516	Q498Y0
Q7D5J3	Q9UMK3
P9WI81	Q93004
Q10516	Q99460
Q10516	X5D2V5
P9WPH9	Q96E27
Q7D4P3	Q7Z743
Q7D4P3	Q9UDK3
Q10516	Q9UQ92
Q10516	Q9NUC9
Q7D4P3	Q8IX07
Q10516	Q9UCM9
Q7D4P3	P56159
Q10516	Q9UPB1
Q7D4P3	Q86XF8
Q10516	Q96P32
Q7D4P3	Q9Y4X2
P9WI81	Q9UCW4
Q7D5J3	Q7RU02
Q7D4P3	Q9Y2A6
Q7D5J3	Q9Y5Q1
Q7D5J3	Q5FC12
Q7D5J3	Q9Y6W5
Q10516	Q6FHV0
Q7D4P3	Q9UH59
Q10604	C9J0E9
Q10516	Q96GG7
Q7D4P3	Q9CY33
Q7D5J3	Q9UFX3
Q7D4P3	Q86WQ5
P9WI81	Q8NEN8
Q10516	Q86VH9
Q10516	Q9UFH4
Q7D4P3	Q9NUP9
Q7D4P3	Q96B74
Q7D4P3	Q3KPG8
Q7D4P3	Q17R67
Q7D4P3	Q8TCL5
P9WI81	Q96C16
Q7D4P3	Q9HBD3
Q7D5J3	O43150
Q7D4P3	Q9Y6B6
P9WI81	Q9Y243
Q10516	Q9Y2X1
Q10516	Q9H4Z5
Q10516	Q9UMA3
Q10516	Q8N5E5
P9WI81	Q9Y572
Q7D5J3	Q9HBR6
Q7D4P3	Q9UF38
Q7D4P3	Q9NZ70
Q10516	Q9UMN0
Q10516	Q29R80
Q7D5J3	O00487
P9WI81	Q5T0U8
P9WI81	Q9BVY6
Q7D4P3	Q96H59
Q7D4P3	Q9UEQ0
Q10516	Q8IWZ1
Q10516	Q00722
Q7D4P3	Q9UNL4
Q7D4P3	P18849
Q7D4P3	Q9UCU4
Q7D4P3	O15212
Q10516	Q9UPW4
P9WI81	Q6ISC3
Q7D4P3	Q96F49
Q10516	Q9BUD7
P9WJL5	Q9UE19
Q7D4P3	Q14UF6
Q10516	Q9UL18
Q10516	P80075
Q7D4P3	Q9NQQ4
Q10516	Q8NI07
Q7D4P3	F8W876
Q10516	Q14191
Q10516	Q5T5N2
Q10516	Q9BXY9
Q7D4P3	Q5U0M8
Q7D4P3	Q9UPH9
Q10516	Q96E96
Q10516	Q9UDL5
Q7D5J3	P24588
Q10516	Q9Y6F5
Q7D4P3	Q5T054
Q10516	Q6NWN6
Q10516	Q96J62
Q7D4P3	Q9H8H6
Q7D4P3	Q96NT4
Q7D4P3	Q96J51
Q7D4P3	Q96IN5
Q10516	Q969R3
Q7D4P3	Q96HK1
P9WI81	Q8NCX9
P9WI81	Q9JLX1
Q10516	Q9BUK8
Q7D4P3	Q8N1C0
Q10516	Q6NW19
P9WI81	P36507
Q7D4P3	Q9UGA4
Q7D4P3	Q9Y6Q0
P9WI81	Q6PJZ7
Q7D5J3	Q92875
Q7D4P3	Q59H33
Q7D5J3	Q17RT7
Q7D5J3	Q4VAK2
P9WI81	Q99759
Q7D4P3	Q86WH4
Q10516	Q99814
Q10516	Q13809
Q7D4P3	P30086
Q7D4P3	Q9UKD2
Q7D4P3	Q9BV69
Q7D4P3	Q5TCL6
Q7D4P3	Q6IQ15
Q10516	Q9UPI9
Q10516	Q6IB86
P9WI81	Q9UDK3
Q10516	Q9UL46
Q7D4P3	Q6IAS3
Q7D4P5	Q9UEJ4
P9WI81	Q15405
Q7D4P3	Q9UL22
Q7D4P3	Q9UQ96
Q7D5J3	Q8TD95
Q10516	Q58F96
Q7D4P3	Q8WV25
Q7D4P3	Q9UNF9
Q10516	Q8TE57
P9WI81	Q86W79
P9WI81	Q9BTN5
Q7D4P3	Q6P1N3
Q7D4P3	Q9NZX3
Q10516	Q9HBK4
P9WI81	Q706C1
Q7D5J3	Q9UDE0
Q10516	Q585T8
Q10516	Q8WV25
Q10516	Q9HB32
P9WI81	Q585T8
Q10516	Q706C1
Q10516	Q2M1L9
Q10516	Q6FGB5
Q7D5J3	Q9NQ11
Q7D4P3	Q9BUM5
Q7D4P3	Q53XP7
Q7D4P3	Q8NFI6
Q10516	Q1KLZ6
Q7D4P3	Q92467
P9WI81	Q04912
Q7D4P3	Q6PD62
Q10516	P59510
Q10516	P48643
Q7D4P3	Q9BXK4
Q7D4P3	Q8N5L4
Q7D4P5	Q5W116
Q10516	Q8TE59
Q7D4P3	Q96HC5
Q10516	Q8WYM6
Q10516	Q8NI95
P9WI81	Q9H3V5
Q7D4P3	Q96DH0
Q7D4P3	Q9NS48
Q7D4P3	Q99723
Q7D4P3	Q5TDQ8
Q7D4P3	Q9TQD3
Q10516	Q6FGE9
Q7D4P3	Q9UNW5
P9WI81	Q99672
Q7D4P3	Q9UE81
Q7D4P3	Q9UP73
Q10516	Q96CW1
Q7D4P3	Q9UDF4
P9WI81	Q9NZN9
P9WI81	O60500
Q10516	Q8WZ63
Q10516	Q96D14
Q7D4P3	Q9BYV0
Q10516	Q8WXS8
Q10516	Q53HH9
Q10516	Q2PP16
Q7D4P3	Q9BSQ0
Q7D4P3	Q9NSV4
Q10516	Q9UJV2
Q10516	Q9UCS0
Q7D4P3	P22301
Q7D4P3	Q02750
Q7D4P3	Q9P079
Q10516	Q9UBN7
Q7D4P3	P25963
Q7D4P3	Q9UHK0
Q10516	Q86XV9
Q7D4P3	Q9UD40
Q7D5J3	Q9UEN7
Q10516	Q9BR72
Q7D4P3	Q8NI95
Q7D5J3	Q8N3M1
Q7D4P3	Q969R3
Q10516	C9J0E9
Q7D4P3	P07358
Q7D4P3	Q96EM2
Q7D4P3	Q96KS8
Q10516	Q14CP2
P9WI81	Q6LEF0
Q10516	Q9UM54
Q7D4P3	Q96J62
Q7D4P3	Q9BUB5
P9WI81	Q9Y6L9
P9WPH9	Q5JNW4
Q7D5J3	Q9UND5
Q10516	Q8IVG8
Q7D4P3	Q27I61
Q7D4P5	Q9H4A2
Q7D4P3	Q96RE4
Q7D4P3	Q9NZC0
Q10516	Q9HC29
Q7D4P3	Q9Y2X3
Q7D5J3	Q9Y6I3
Q10516	Q9UP17
Q10516	Q99723
I6WXK4	Q92542
P9WI81	Q9H4B4
Q7D4P3	Q96J16
Q7D4P3	P25391
Q7D4P3	Q8J013
Q10516	Q9NRG4
Q10516	Q569J6
Q7D4P3	Q9UJX3
Q10516	Q8WWN8
Q7D4P3	Q9BXZ8
Q7D4P3	Q96K94
Q10516	Q9UJ43
Q7D4P3	Q9UNH4
P9WI81	Q00534
Q7D4P3	Q8WYM6
Q7D4P3	Q9Y6W5
Q7D4P3	Q96CF5
I6WXK4	Q9Y297
Q10516	Q5T1S7
P9WI81	Q13233
Q7D4P5	Q15796
Q7D5J3	Q9HCU0
Q10516	Q9HCX0
Q7D4P3	Q9Y6T3
Q7D4P3	Q32ML5
Q10516	Q99660
Q10516	Q9UDG2
Q10516	Q969S4
P9WI81	Q7Z2Y5
P9WI81	Q9NST7
Q7D4P3	Q5JTE3
Q10516	Q15796
Q7D4P3	Q13637
Q10516	Q9H1D7
Q10516	Q9UQC2
Q10516	Q8TAK9
Q7D4P3	Q7KYV3
Q10516	Q96AC5
Q10516	Q9BUK9
Q10516	Q8N1C0
Q7D4P3	Q9H2Y1
Q7D4P3	Q92466
Q7D4P5	Q9UPL8
Q7D4P3	Q8TC35
Q7D5J3	Q8TE56
Q7D4P3	Q14340
Q7D4P3	Q6FHC2
Q7D5J3	Q9P1U0
P9WI81	Q9UPE3
Q7D4P3	Q9XRZ2
Q7D4P3	Q9UM55
Q7D4P3	Q9BUQ8
Q10516	Q53XN9
P9WI81	O14966
Q10516	Q9UJ39
Q7D5J3	Q9UIJ0
Q7D5J3	Q96CX7
Q10516	Q9UH31
Q7D5J3	Q9UBC8
Q7D4P3	P62851
Q7D4P3	P52564
Q7D4P3	Q9NTK8
Q10516	Q00005
Q7D4P3	Q99639
Q10516	Q9UK02
Q10516	Q96NZ6
Q7D4P3	Q96N00
Q10516	Q9ULC2
P9WI81	P07947
Q7D5J3	Q9UQ92
Q7D4P3	Q5JSL1
Q7D4P3	Q99804
Q10516	Q9Y6L9
Q7D4P3	Q9UL23
Q7D4P3	P43405
Q7D4P3	Q9Y253
Q10516	Q6IBH9
Q7D4P3	Q9BTS8
Q7D4P3	Q9NRF7
Q7D4P3	Q9BW29
Q10516	Q9H7X7
Q7D4P3	Q2XNF2
Q7D4P5	P11233
Q10516	Q9H472
Q10516	Q99806
Q10516	Q9UDJ4
Q7D4P3	Q9Y6L9
Q7D5J3	Q9Y4E4
Q7D4P3	Q2M3B4
Q7D4P3	P24386
Q7D4P3	Q5SQ07
P9WI81	P16591
Q7D5J3	Q9BQ32
Q7D4P3	Q6FGI8
Q7D5J3	Q9BW83
Q7D4P3	Q8WWI9
Q10516	Q8TDJ1
Q7D4P3	Q96CX7
Q7D4P3	Q9BPX5
P9WI81	Q99683
Q7D4P3	Q9H0U4
Q7D4P3	P0CW22
Q7D4P3	Q9UM57
Q7D4P3	Q2HIZ6
Q7D4P3	Q92650
Q7D4P3	Q86TH1
P9WPH9	Q8TAA3
Q10516	Q9BWZ9
P9WI81	Q14499
Q7D4P3	Q6Q317
P9WI81	Q9BUB1
Q7D4P3	Q6IPY4
P9WI81	Q8IWK8
Q7D4P3	Q6NWN6
Q7D4P3	Q52NZ1
Q7D5J3	Q9HAP7
Q10516	Q53Y61
Q7D5J3	Q9BX67
Q7D4P3	Q9UP79
Q10516	Q99433
Q10516	Q9UCE4
Q7D4P3	Q9ULY8
P9WI81	Q9NYT8
Q10516	P30086
Q10516	Q9HCX9
Q7D5J3	P24941
Q7D4P3	Q5U026
Q7D4P3	Q8WVJ5
Q7D4P3	Q8TDN9
P9WI81	Q9H549
Q10516	Q96JT8
Q7D4P3	Q9H3F4
I6WXK4	Q9UD85
Q10516	Q9ULG4
Q7D4P3	Q9UCF3
Q10516	Q9Y3T2
Q7D4P3	P29460
Q10516	Q9UQ18
Q7D5J3	Q9Y6V4
Q10516	Q15282
Q7D4P3	Q96DG9
P9WNK5	O14562
Q7D4P3	Q5U0G3
Q7D5J3	Q9UQB8
Q7D4P3	Q6FHA2
Q10516	Q75MC9
Q7D5J3	Q9Y4V2
Q7D4P3	Q9Y588
Q7D4P3	Q9BUD7
P9WI81	Q9ULF6
Q10516	O95396
P9WI81	Q8IYD6
Q7D4P3	Q9UGP9
Q7D4P3	Q0VG08
Q7D4P3	Q9Y352
Q7D4P3	Q17RZ6
Q7D4P3	Q8WW06
Q10516	Q15311
Q7D4P3	Q16215
Q10516	Q6PJZ7
Q10516	Q9UMG5
Q10516	Q8N1A1
Q10516	Q9BY44
Q7D4P3	Q8N7J7
Q10516	Q9UQ41
Q7D4P3	Q9UQK7
Q10516	Q9UDA7
P9WI81	P35568
Q7D5J3	Q96J55
Q7D5J3	Q32ML7
Q10516	Q9UN83
Q7D4P3	Q8TAY2
Q7D4P3	Q68DZ3
Q7D5J3	Q9P2H4
Q7D5J3	Q86XV9
Q7D4P3	Q9UFQ1
Q7D5J3	Q75MM2
Q10516	Q9BVQ5
Q10516	Q9UKX5
Q10516	Q8WLP6
Q10516	Q9UGA4
Q10516	P05156
Q10516	Q9H6U8
Q10516	Q9UCI9
Q7D4P3	Q9ULH1
Q7D4P3	P35568
Q7D5J3	Q6FHA2
P9WI81	Q9UIJ0
P9WI81	Q9P0J8
Q10516	Q9H9Y6
P9WNK5	Q5T3P9
Q10516	Q15778
Q7D5J3	Q5TZX1
Q10516	P26006
Q7D4P3	Q9H5A8
Q7D5J3	Q15282
Q10516	Q96II4
Q7D4P3	Q9UFU3
Q10516	Q9BTS3
Q10516	Q17RZ6
Q7D4P3	Q9Y4I3
Q10516	Q6FGX6
Q7D4P3	Q9Y6F0
Q10516	Q99956
Q7D4P3	Q9NW59
Q7D4P3	Q9UPL8
Q10516	Q09472
Q7D4P3	P35858
Q10516	Q9UMZ6
Q10516	Q6DK23
Q7D4P3	Q9UQJ4
P9WPH9	Q9UHD1
Q7D4P3	Q9UE79
Q7D4P3	Q9UKV8
Q7D5J3	Q5VVL8
Q7D4P3	Q9UDL6
P9WI81	Q9Y6M4
Q7D4P3	Q9Y265
Q10516	Q9UIV3
Q10516	Q9UDC1
Q10516	Q9GZV4
Q7D4P3	Q9NRD3
Q7D4P3	Q9NX09
Q10516	P29965
Q7D5J3	Q8IVR6
P9WPH9	E9PI54
Q7D5J3	Q0VG08
Q10516	Q9UDE0
P9WI81	E9PI54
Q7D5J3	P56199
Q10516	Q9Y6U3
Q10516	P09601
Q7D4P3	Q96HG5
Q10516	Q9BZR6
Q7D5J3	Q9UIT9
Q7D4P3	Q9UQH5
Q10516	Q9UFU3
Q10516	Q29RG0
Q7D4P3	Q96PQ2
Q7D4P5	Q9Y4I3
Q10516	Q9UKL8
Q7D4P3	Q6UXB4
Q7D5J3	Q9UPA4
Q10516	Q8IVA6
Q7D5J3	Q6NW05
Q7D5J3	Q13576
Q10516	Q9HBR6
Q7D4P3	Q9BVE0
Q7D4P3	Q9UQ28
P9WI81	Q567S7
Q10516	Q9BZY3
Q7D4P3	Q9UJ17
Q7D4P3	Q969J9
Q10516	Q9HAV7
Q10516	Q9NWE7
Q10516	Q53X75
Q7D4P3	Q8WXQ7
Q10516	Q9NRG0
P9WI81	Q9NVA5
Q10516	Q9Y674
Q7D4P3	Q9BVY6
Q7D4P3	Q14178
I6WXK4	Q9BUG3
Q7D5J3	Q8TE58
Q10516	O43396
Q10516	Q9BX92
Q7D4P3	Q9NZN9
Q7D5J3	O95657
Q7D4P3	Q9H8D0
P9WI81	Q6IBM4
P9WPH9	Q5T0F5
Q7D4P3	Q9UCC0
Q10516	P02708
P9WI81	Q9UPB0
P9WN49	E9PI54
P9WI81	Q9UD26
Q7D4P3	Q9UPY6
Q10516	P67775
Q10516	Q9UK67
Q7D4P3	X5D2V5
Q10516	Q9P1U1
Q10516	Q9P276
Q10516	Q9Y234
Q7D4P3	Q9GZZ9
Q7D4P3	Q8IW22
Q10516	Q5TCM3
Q7D4P3	Q99880
Q10516	Q9UNE7
Q10516	Q9Y6R8
Q10516	Q8IXI4
Q7D4P3	Q08752
Q7D4P3	Q53SL0
Q7D4P3	O95450
Q7D4P3	Q15679
P9WKE3	Q9Y361
P9WJL5	O14562
P9WI81	Q9H961
Q7D4P3	Q6IPF8
Q7D4P3	Q5TZS0
Q7D4P3	Q9HCP1
Q7D4P3	Q969L6
Q7D4P3	Q9H171
Q7D4P3	Q9UM54
P9WI81	Q9UPS6
Q7D5J3	Q9UP46
Q7D4P3	Q8WVV7
Q7D4P3	Q9JLX1
Q10516	Q9Y5U3
Q7D4P3	Q9H0S0
Q7D5J3	Q9Y5Z3
P9WN49	Q96IN5
Q10516	Q9Y659
Q7D4P3	Q6NZ77
Q7D4P3	Q8IW24
Q7D4P3	Q9UQH6
Q7D5J3	Q9BZR6
Q7D5J3	Q9BTD9
Q10516	Q9UP19
Q7D4P3	J3QS46
Q10516	Q9UIJ0
Q7D4P5	A0A3B3ISY8
Q10516	Q9UH35
Q7D4P3	Q5SR48
Q10516	Q5JS30
Q7D4P3	Q9D0G2
Q7D5J3	Q9UD42
P9WI81	Q9Y6R5
Q7D4P3	Q93004
Q7D5J3	Q9NW28
Q7D5J3	Q9NUC4
Q10516	Q9Y2X7
Q7D4P3	Q15860
Q7D4P3	Q96BE6
Q7D4P3	Q9Y5X3
Q7D4P3	Q9Y4U9
Q7D4P3	Q96C82
Q10516	Q9Y220
P9WI81	Q9UN32
Q7D4P3	Q8IWK8
Q7D4P3	Q9NQG5
Q10516	Q9UDI8
Q7D4P3	Q9BWQ9
Q7D4P3	Q5T648
Q7D4P3	Q96II4
Q7D4P3	Q9UHX7
Q7D4P5	Q9GKR4
Q10516	Q8IZL7
Q10516	Q9UNL4
Q10516	Q96MY9
Q10516	Q93079
Q7D4P3	Q9Y4Q1
Q10516	Q6NX41
Q7D4P3	Q5T9U6
Q10516	Q8IZL4
Q10516	Q6LDT9
Q10516	Q9UM55
Q10606	Q9Y6R5
P9WI81	Q9UHD9
Q7D4P3	Q53EQ8
Q10516	Q6LEA7
Q7D4P3	Q9NYR0
Q7D5J3	Q9BUC2
Q10516	Q6NUP8
Q7D4P3	Q9BRV9
P9WI81	Q9UNU0
Q10516	Q1RMY8
Q10516	A5LHX3
P9WKE3	Q5T1S7
Q7D4P3	Q9UNJ9
P9WPH9	Q00007
Q7D4P3	U3KQL5
Q10516	Q86X73
Q7D4P3	Q9DAE4
Q10516	Q96PX3
Q7D4P3	B9A064
Q10516	Q52M77
Q10516	Q96BE6
Q7D4P3	P16581
P9WI81	Q9H2Y1
Q10516	Q99756
Q10516	Q4W5C3
Q7D5J3	Q9BZZ4
Q7D4P3	Q5I0G0
Q10516	Q96FB0
Q10516	Q9UPH9
Q7D4P3	Q9UJ43
Q7D4P3	P26006
Q10516	Q99968
Q10516	Q5VWC9
P9WI81	Q07889
Q7D4P3	Q9UPE3
Q10516	Q9H2E5
Q10516	Q9UDU6
Q7D4P3	Q7Z2Y5
Q7D4P3	Q96AT7
Q7D5J3	Q9NXK2
Q7D4P3	Q7Z4L6
Q7D5J3	Q92747
Q10604	Q5T1S7
Q7D4P3	Q14600
Q7D4P3	Q9P2S4
Q7D5J3	Q9CUV7
Q7D4P3	Q5JP00
Q7D4P3	P18146
Q7D5J3	Q1RMY8
Q7D4P3	Q9UM14
Q7D4P3	Q9BYF6
Q10516	Q9Y5Z9
Q7D4P3	Q585T8
Q10516	P63220
Q10516	Q9Y5N9
Q7D5J3	Q8WV25
Q7D4P3	Q52M96
Q7D5J3	Q6FHK5
Q10516	P16581
Q7D4P3	Q96B73
Q10516	Q9UDJ7
Q7D5J3	Q8IWK8
Q10516	Q8NFJ0
Q7D4P3	P04271
P9WI81	Q9UL47
Q7D4P3	Q9UCA2
Q7D4P3	Q9P0H1
Q7D4P3	Q9UNU0
Q7D4P5	Q9Y4E4
Q10516	Q9UNC9
Q7D5J3	Q9NZN5
Q10516	A0A1W2PQS6
Q10516	Q14520
Q7D4P3	Q5FVF0
Q7D4P3	Q9UDH7
Q7D4P3	Q13809
Q10516	Q8IVC5
Q7D4P3	O75396
Q7D5J3	Q9UNW5
Q7D4P3	Q9UBU8
Q10516	Q9BSH6
Q7D4P3	Q15311
Q7D4P3	Q9UC32
P9WJL5	P84077
Q7D4P3	Q53Y96
Q7D5J3	Q9HBS6
P9WI81	Q8TDX0
Q7D4P3	Q6P278
Q7D4P3	Q5D0C4
P9WI81	Q9H2V4
Q7D4P3	Q8IWT4
Q7D4P3	Q1KLZ6
Q7D4P3	P46934
Q10516	Q9NXT4
Q7D4P3	Q549Z0
Q7D4P3	Q9BXB3
Q7D5J3	Q9Y589
Q10516	Q9BSH7
Q7D4P3	Q86VU3
Q7D4P3	Q6I9U0
Q7D4P3	Q86VC0
Q10516	Q9Y361
Q10516	Q96E22
Q7D4P3	Q9C0A5
Q7D4P3	Q14258
Q7D4P3	Q9XS12
Q7D4P3	Q86YI1
P9WI81	Q308M2
Q7D4P3	Q00535
P9WI81	Q9H5A8
Q7D4P3	Q9H905
P9WI81	Q9UDJ4
Q10516	P27824
P9WI81	Q9UPG5
Q10516	Q9UCZ5
Q7D4P3	Q9UJY3
P9WI81	Q14178
Q7D5J3	P22459
Q10516	Q9UEI7
Q10516	Q9BW68
P9WI81	Q9UQ28
Q7D4P3	Q9UGI0
Q10516	Q5JNW4
Q7D4P3	Q6IBM9
Q7D5J3	Q96PM2
Q10516	P18146
Q7D4P3	Q71V76
Q10516	Q9NQM6
P9WI81	Q9UE81
Q7D4P3	Q9NRY4
Q7D4P3	Q8WWS8
Q7D4P3	Q9Y3A7
Q10516	P62318
Q10516	Q14935
Q7D4P3	Q9HBX5
Q10516	Q96G29
Q7D4P3	Q9H0I1
Q10516	Q9NRR6
Q10516	Q96EM8
Q10516	Q9NYT8
Q7D4P3	Q96FJ2
Q7D4P3	Q7Z3U4
Q10516	Q969L6
I6WXK4	Q9BUS6
Q7D4P3	Q9BS41
Q7D4P3	Q9UQF2
Q7D4P3	Q9UFP7
P9WI81	Q9P124
Q10516	Q9H3R6
P9WI81	Q9H4A2
Q7D4P3	Q9UJM4
Q7D5J3	Q8IYI7
Q10516	Q9NUY4
Q7D4P3	Q92633
Q7D4P3	Q8WYA8
Q7D5J3	Q9H554
Q7D4P3	Q6PK67
Q7D4P3	Q9P056
Q10516	Q5HYA4
Q7D4P3	Q6IB18
Q10516	P24588
Q7D5J3	Q9UJ43
Q10516	Q92542
Q10516	Q96IA3
Q7D5J3	Q9BVY6
Q7D4P3	Q9H188
Q10516	Q92479
Q7D4P3	Q53XT4
Q7D4P3	Q12954
Q7D4P3	Q8N1A5
Q10516	Q37526
Q7D4P3	Q9P2W2
Q10516	Q53YA2
Q7D5J3	Q9H324
Q7D4P3	Q9Y6R5
Q7D4P3	Q9UP80
Q7D4P3	Q96DW5
Q10516	Q99497
Q7D4P3	Q56A88
Q7D4P3	Q99832
Q10516	Q8WWN9
Q7D5J3	Q9UN83
Q7D4P3	Q96RL2
Q7D4P3	P22681
Q10516	Q5PSV3
Q7D4P3	Q4VAK2
Q7D4P3	Q9BXP7
Q10516	P15172
Q10516	Q9GKR4
Q10516	Q587I7
Q10516	Q96RQ9
Q10516	P11233
Q10516	Q96RH1
Q7D4P3	Q53Y80
Q10516	Q9UQE9
Q10516	Q15173
Q10516	Q9UHD1
Q7D4P3	Q8N9B5
Q10516	Q9UIS7
Q7D4P3	Q9UPS6
P9WI81	Q96AH8
Q10516	Q8N5D7
Q7D4P3	Q6ICP8
Q7D5J3	Q9UDU9
Q7D4P3	Q8NCX9
Q7D4P3	Q9NR31
Q10516	Q5T1C5
Q7D4P3	Q5T7M0
Q7D4P3	Q6FI99
Q7D4P3	Q96QZ1
Q7D4P3	Q9H070
Q7D4P3	Q6FHY1
Q10516	Q9UFT9
Q7D4P3	Q53XM1
Q7D4P3	Q99075
Q7D5J3	Q9UCS7
Q7D4P3	Q29640
Q10516	Q9UII1
Q10516	Q15679
Q7D4P3	Q5HYA4
Q7D4P3	Q52LT4
Q7D4P3	Q58J86
Q10516	P39019
Q10516	Q9UEP9
Q10516	P32969
