Q8XE87	Q4VAK2
Q8X8Y6	P07947
Q8X6Y0	Q96NT4
P62625	Q9BSC8
Q8X5S5	Q52LZ6
Q8XE87	Q9NZE4
Q8X8Y1	P04196
P62625	Q9BST0
P62625	Q9UDG2
P63285	Q6IB60
P62625	Q92650
P0A6Z0	Q53XT4
P0A6Z0	Q96TE5
A0A0H3JH37	Q9UDG5
Q8X8Y1	Q9UM06
P69492	Q9UHW5
P0A6Z0	Q9UHD1
Q8X8Y1	Q9Y4K4
P0A6Z0	Q16499
A0A0H3JH37	Q96H59
Q46903	P05121
Q8XE87	Q9UQ92
Q46903	Q9UIC3
P0A6Z0	Q9NXY5
P62625	Q9UIU9
Q8XE76	Q9H1A8
Q46903	Q9NQT2
P62625	Q9UHD1
Q46903	Q5TCL6
Q8XE87	Q9P2Y6
A0A0H3JH37	Q9UC32
Q8XE76	Q9UMT8
A0A0H3JH37	Q706C1
A0A0H3JH37	Q9UII1
Q8X7Y4	Q9GZS1
Q46903	Q9UJ69
Q8XE87	Q8WV25
P24236	Q9UG30
Q8XE76	Q99878
A0A0H3JM80	Q5BKT2
P62618	Q9UD26
Q46903	Q9UPE3
P0A6Z0	Q9P060
P0A6Z0	P05121
Q46903	Q96BV9
Q8XE75	O43396
P0AES7	A0A3B3ISY8
A0A0H3JH37	Q9UH35
Q8XDU4	Q9GZS1
Q8XE87	Q92767
P0A6Z0	Q5FVF0
P0A6Z0	Q6FGN3
Q8X6Y0	Q9Y6Q0
P0AGB5	Q9NW59
P77032	Q8NDC7
Q8XE87	P11233
Q8X9L0	Q9Y361
Q8XE58	E9PI54
P32168	P78315
P62618	Q2M1L9
Q8XA14	Q9UDL4
A0A0H3JH37	Q9BWK7
Q8XDU4	Q92794
P24236	P46940
Q8X5S5	Q9UJZ0
Q46903	P49356
Q8X6Y0	O60884
P62625	Q9Y4X2
Q8X7Y4	Q5JTE3
P78242	Q9UFT9
Q8XE87	Q9Y4Y0
A0A0H3JH37	Q9BXZ8
Q8X8Y6	Q8NHS2
P24236	Q7Z569
Q8XE75	Q8N5V4
Q8X518	P35858
Q8XBS3	Q96AT7
Q8XE87	Q9H787
Q8XE75	A0A1W2PQS6
Q8X8I2	Q9UHJ2
Q8X5S5	Q2M3B4
P58357	Q9Y6Q9
Q46903	Q8TAT3
P32168	Q96AZ3
Q8XCP2	C9J0E9
P62625	Q96PX3
Q8X9G2	Q9GZS1
A0A0H3JH37	O14687
P62618	P08156
P62618	Q9UJ40
Q8X8Y1	Q9UPP8
P0A6Z0	Q9UHD9
Q8X8Y1	Q6NX41
P77032	Q7KYV3
P62625	Q96J60
P37055	Q99743
A0A0H3JH37	Q86VC0
Q8X770	O14562
P24236	Q96S46
A0A0H3JH27	Q6LDS9
Q8XE76	Q969S4
Q8XE87	Q8WWN8
Q8XE76	Q9UDK3
Q46903	Q9Y572
P0A966	Q9BVQ5
P0AFB6	Q96H98
P0A6Z0	Q9UEH7
P62625	Q8IUI1
Q8X8Y1	Q8TDN9
A0A0H3JH37	Q9UIJ0
Q8X6Y0	Q9UFP7
P33929	E9PI54
P24236	Q96J55
P58357	Q9UHL1
Q46903	Q9UPH4
P0A6Z0	P06899
Q8X996	O00629
P62625	Q6ZP89
P0A6Z0	Q9UQD8
Q8XE76	Q9UGW9
P62618	Q9BZX1
P62625	Q9Y2Y1
Q8X770	Q9UHW5
P0A6Z0	Q9P2G8
A0A0H3JK76	Q7KYV3
Q8XE76	Q9NY44
P62625	Q8WV25
Q8XBL2	Q8NHS2
P41405	Q96I38
P0A6Z0	Q9Y4Y0
Q46903	P22301
Q8XE87	Q8IVA6
Q8XE76	Q9BVY6
P77380	Q8WW75
P0A9P5	Q5T1S7
Q8XE87	Q9Y4Y7
P0A6Z0	Q6LD15
Q8XE76	Q99556
A0A0H3JH37	Q96PN5
P0A6Z0	Q9BW54
Q9S6R3	Q5T1S7
Q8XE58	H9KV45
P63285	O60884
A0A0H3JH37	Q6ICQ7
Q8XE87	Q99743
P24236	F8W876
Q8XE87	Q8TBI9
P77380	Q99649
P0A6Z0	Q9BQF0
P0A6Z0	Q7Z3U4
P0A6Z0	Q9ULE9
P24236	Q9Y6T3
P62625	Q96II4
P0A6Z0	Q96RJ1
Q8X8Y6	Q8TDX0
Q8X6Y0	Q9UDC1
Q8X8Y1	Q9BUT4
Q8X9G2	Q8NC92
Q8X8I2	Q8N5V4
Q8X6Y0	Q96G29
Q8XB76	Q92794
Q8X6Y0	Q5VW80
A0A0H3JK76	Q96AT7
P0A6Z0	O95396
P0A6Z0	Q99615
Q8X7Y4	Q96GT0
Q46903	Q9UC56
P0A6Z0	Q8WWI9
Q8XE76	Q8TE60
A0A0H3JH37	J3QS46
P62618	Q9UCA1
P24236	Q9UGA4
Q8X8Y6	Q52LW0
Q8XE75	Q9UNY7
P24236	Q9UQD1
P77380	P36507
Q46903	Q96RW5
Q8X6Z5	O95396
Q8XE87	Q6NXQ1
P0A6Z0	Q5TCL6
Q8X8Y1	Q9UPN7
P62618	Q92533
Q46903	Q6GRF8
Q8X738	Q9Y6Q9
Q8XE87	P04083
Q8X8Y1	Q9H4A2
Q8XBS3	Q15596
Q8XE76	Q8NF13
P0A6Z0	Q8IYD6
P0A6Z0	Q99606
P0A6Z0	Q16876
Q8X8Y1	Q9UCA1
Q8XB76	Q5M8S9
P0A6Z0	Q9UMA7
P0A6Z0	Q99760
Q9S6R3	Q5K546
Q8X6Y0	Q8IY10
Q8X6Y0	Q9NUI0
P62618	C9J0E9
P24236	Q969R0
Q8X6Y0	Q9UPP8
Q8X8Y1	Q9BUB5
A0A0H3JH37	Q9NY59
P62618	Q9P1U1
Q8X770	Q7KYV3
P0A9Q3	Q9UGF1
Q8X6Y0	Q2PP16
Q8XBL2	Q3KPG8
Q8X8Y1	Q8IVT5
P62618	Q9UDJ6
Q8XBD5	O14562
P0AFJ6	Q9UGF1
Q8X996	Q9NT04
Q46903	Q96H99
Q8X8I2	Q96GA7
P0A6Z0	Q9UKV5
P62625	Q9Y6N5
P32168	A0A3B3ISY8
P0A6Z0	Q9BZY3
P62618	Q9NRY3
A0A0H3JLN7	Q96AT7
P0A6Z0	Q9Y2L1
P24236	Q96BD9
Q8XE87	Q585T8
Q8XA65	Q99615
Q8X8Y1	Q9UFU3
Q46903	Q9UDE0
P0A6Z0	P04083
Q8XE76	Q9UE81
Q8XE87	Q58J86
Q8XCF9	Q00007
Q8X8Y6	Q9UHW5
P62625	Q8NEN8
Q8X8I2	Q13534
P58357	E9PI54
P62618	Q9NWD2
Q8X8Y6	Q96IG6
Q46903	Q9UCT6
P62625	Q9H787
A0A0H3JRH0	E9PI54
P0A6Z0	Q6LEF0
Q8XE87	Q5T1S7
Q46903	Q5T0F5
P0A6Z0	Q8IVC5
P62618	Q13233
Q8X8Y6	Q9HCP1
A0A0H3JK76	O14562
P0A6Z0	Q53ES8
Q8XE75	O00762
Q8X6Y0	Q4VAK2
P62625	Q9UP80
P62625	Q7RU02
P62625	P36507
P62625	Q9Y589
Q46903	Q9HD16
P0A6Z0	Q6IB00
A0A0H3JK76	Q13804
P62618	Q9UII8
P24236	Q13576
A0A0H3JH39	Q9UPK1
Q8XE76	Q8N5D7
P62618	Q53QM4
Q8XE87	Q8NI07
P0A6Z0	Q8NHL5
P62625	Q9UIJ0
P62618	Q9UNA0
P0A6Z0	Q9BRV4
P41405	Q9UGF1
P0A6Z0	Q86XF8
Q46903	Q9UEV0
Q8XE76	Q5PSV3
Q8XE76	Q9BTK9
Q8X6Y0	Q16472
P24236	Q9UDC6
P0A9P5	Q86SS8
Q46903	O15212
Q8X6Y0	Q9BTD9
Q8X6Y0	Q8IVD1
A0A0H3JH27	Q5EE02
Q8XE41	Q4W5C3
Q8X8Y6	Q9NRH9
P0A6Z0	Q8TDK9
P62618	Q9BWK7
Q8X8Y6	Q24JU2
Q8XE76	Q9UJB1
Q46903	Q7Z301
Q8X9L0	Q96J48
Q8X9L0	P62195
Q8X6Y0	Q9UMD2
Q8X6Y0	P51687
Q8XE87	Q9UNT4
P0AFJ6	Q5T3P9
Q8X8Y6	Q9UD26
Q8XBS3	Q2M1Z4
Q8X8Y1	Q9BU31
Q8X517	Q9BWR0
Q8X9G2	Q5T3P9
P0A6Z0	Q9UPI9
P0AFB6	P11233
Q46903	Q9UCX5
Q8X6Y0	Q9H023
Q46903	Q9NQT8
Q8XA14	P35638
Q8X8Y1	Q9UKZ3
Q8XE76	Q8NI07
Q8X8Y6	Q00535
Q8XBD5	Q9NQD9
Q8X8I2	Q96BV4
Q46903	Q9BZP9
P62618	Q2V575
Q46903	Q5T0U8
Q8X7Y4	A0A1W2PQS6
P0A6Z0	Q9Y4K4
Q8XE76	Q17RZ6
Q8X6Y0	Q9NW28
Q8X8Y1	Q9BU83
P0A6Z0	P52435
A0A0H3JH37	Q9BUT4
Q8XE76	Q9UM06
P0A6Z0	Q53Y89
Q8XE76	Q9Y572
Q8XE87	Q6NWN6
Q8XE87	Q9BX29
Q8X8Y6	R4I4T5
Q46903	Q52M77
P0AFJ6	E9PI54
Q8XE87	Q8NEN8
Q8XE58	Q9UKC4
Q46903	Q9H6W0
Q8XE76	Q9UMA3
Q8XA14	Q7Z2Y5
Q8XE75	Q9Y6M4
P0A6Z0	Q9H811
Q46903	Q9NX09
Q8X8Y1	Q96CF5
Q8XE76	Q9BQL0
Q8XE87	Q96PX3
Q8X9L0	Q6IB60
P62625	Q9H3I2
P62618	Q96EA8
Q8X996	Q9BUQ8
Q8XDU4	Q99883
Q8XE76	Q9Y6V7
Q46903	Q52LT4
Q8X7Y4	Q53EQ8
Q8X6Y0	Q9UHJ2
Q8XE76	Q13652
A0A0H3JH37	Q9Y5V2
P62618	Q75MM2
P0A6Z0	Q9UN57
P24236	Q6IQ15
P0A6Z0	Q9H6V1
P0A6Z0	Q9UQI9
Q8XE87	Q9UKV8
P62625	Q53HH9
P77032	Q9Y2Z0
Q8X8Y1	Q45F99
P24236	Q9BS41
Q8X9L0	O14562
Q8XA14	P06899
A0A0H3JH37	Q9UHW5
Q46903	Q6NW05
P0A6Z0	Q8IZF9
P0A6Z0	Q9BZX1
P62618	Q9UH41
Q8XE76	Q8IXZ5
P24236	Q9NRR6
Q8XBL2	Q9UHJ2
Q46903	Q53X75
Q8X6Y0	Q9UK80
Q8XE76	Q9H2V4
Q8XB76	Q8NDC7
Q8X8Y6	Q53TN1
Q8X8Y1	Q96RQ9
Q8X9C2	Q5T3P9
Q8XBL2	Q6IRY4
Q8XE76	Q9BS41
P62625	Q9NRF7
Q46903	Q9UIH1
Q8X8Y6	Q9Y589
Q8X6Y0	P04196
Q8X8Y1	Q9UM99
Q8X8Y1	Q5SRH4
P0A6Z0	Q9H4M5
P0A9Q3	Q969R0
Q8XE87	Q53HH9
Q8XE76	P02708
P24236	A0A1W2PQS6
Q8XE87	Q96G29
P41405	Q99556
P0A6Z0	Q14332
A0A0H3JH37	O43150
P11457	O14562
Q8X8Y6	Q9UKH1
Q8XE76	Q6FHV5
Q8XE76	Q9Y6X0
Q8X7Y4	Q6PIE6
Q46903	Q6FGZ2
A0A0H3JH27	H9KV45
Q8XE76	Q9UIU9
Q8XE76	Q6N0A4
Q8XE76	Q9UKX2
Q8X9L0	Q9UEX3
Q8X9L0	Q9UHW5
Q8XE75	Q9P276
P0A6Z0	Q96NT4
Q8XE76	Q96EA8
A0A0H3JH37	Q9HB61
Q8XA65	Q86TL9
A0A0H3JH39	P05386
Q8XC03	P25685
P0A6Z0	Q8N592
P62618	Q96E22
Q46903	Q9Y2Z0
Q8X7Y4	Q6Y288
Q8X8Y6	Q96H62
Q8X9C2	H9KV45
P58357	Q9GZS1
Q8X8Y6	Q9UDA8
Q8XE76	Q9UCZ8
Q46903	Q96TF9
Q8X7Y4	Q2XNF2
P62625	Q96BD9
P0A6Z0	P36873
P0A6Z0	Q8N6J0
Q8X8Y1	Q8TBI9
A0A0H3JH27	Q9NRF7
A0A0H3JH37	Q96K94
Q8X6Y0	Q96J22
Q8X6Z5	Q9BRA6
P0A6Z0	Q5TGM6
P0A6Z0	P78339
Q8X8Y1	Q9NXK2
P41405	P52435
P24236	A6NFM0
Q8X8Y1	P36507
P97542	O14562
P62625	Q92596
P0AES7	Q92515
A0A0H3JH37	Q96J22
Q46903	Q9UDF3
Q8XB09	Q9UHL1
P24236	Q5T4L6
P77032	Q96IN5
P37055	Q15596
P24236	Q9UC20
P0A6Z0	Q93068
Q8X8Y6	Q9Y331
P62618	Q9NP28
Q8X8Y6	Q6IB15
Q8XBL2	P62910
Q8XE76	Q8WTQ7
Q8XE76	Q04912
Q8XE87	Q706C1
P78242	Q8TCW5
P62618	P24941
Q8X5S5	Q9UP46
P97542	Q96E97
Q8XE87	Q9Y697
P58357	Q2M1Z4
Q8X8Y1	Q9UC41
Q46903	Q86VI3
P0A6Z0	Q5SQ07
P0A6Z0	Q86TF2
Q8X7Y4	Q6ISB5
P0A6Z0	Q9UND6
P0A6Z0	Q9UK94
Q8XE87	Q9H1P2
A0A0H3JH37	Q15576
P78242	Q9H9Y6
P63285	Q9UCD5
Q8X8Y1	Q96CX7
Q8XE76	Q96J51
Q46903	Q9NZ06
Q46903	Q9UPC0
Q8XE76	Q9Y659
P41405	Q9NQT8
P62618	Q9BS41
Q8XE76	Q9HCP1
Q8XE76	Q6NZI3
P32168	Q5JNW4
Q8X9G2	Q5M8S9
Q8XE76	P08156
A0A0H3JH37	Q5VX94
P62618	Q93076
P0AFB6	Q8NI05
P63285	Q96J48
Q8XE76	Q12954
P0A6Z0	Q8NFG5
P24236	Q9H4W8
Q8X8Y1	Q6FGZ6
Q8X8Y6	Q86W08
Q46903	Q9UKH1
Q8X6Y0	Q5T3P9
Q8XE87	Q9UNM5
A0A0H3JH37	Q9UQL6
P0A6Z0	Q9UM14
Q8XE87	Q9P056
Q8XA14	Q9UEB9
Q8X6Y0	Q9NR36
P24236	Q9NXT4
A0A0H3JH37	Q9UCJ8
Q8X8Y6	P78339
P0A6Z0	Q9UKK8
Q8XE87	P62834
P24236	Q86XD7
Q8X6Y0	Q8IWZ1
Q8XCF5	Q9Y4E4
P0A6Z0	Q9UPB1
P24236	Q5SXM3
Q8X6Y0	Q8IV83
A0A0H3JH37	Q9NZC7
P77380	P29965
P24236	Q9UQN5
P63285	Q9BWA7
Q8XE76	Q6NXQ1
Q8X6Y0	Q15576
P62625	Q9H1A8
P62625	Q9Y4Y0
P0A6Z0	Q12959
P32168	P12004
Q8XE87	Q8WW75
P24236	P19387
Q46903	Q00534
Q8X8Y1	Q9UCZ8
P32168	Q5T0F5
Q8X9L0	Q92524
Q8XE87	Q9BXZ8
Q46903	Q9UN57
P0A6Z0	Q9UKL8
Q8X8Y1	Q7RU02
P24236	Q9Y2X1
Q46903	Q99606
P62618	Q96TF9
P0A6Z0	Q6NX41
Q46903	Q9Y659
P0A6Z0	Q9UIU9
P0A6Z0	Q49AP1
Q46903	Q6UW79
Q8X6Y0	Q9BWA8
A0A0H3JH27	Q5HYA4
P0AES7	Q53YA2
Q8X6Y0	Q0VG08
P62618	Q5TC39
Q8X6Y0	Q9Y6U3
Q8XE87	Q86VB3
P62618	Q9NPL3
Q8XE76	Q9Y6K9
P62625	Q9UII1
Q8XE75	Q96H96
P0AFB6	Q96A97
P62618	Q6FG45
Q8XE76	Q00534
P62618	Q9UJ43
Q8XE87	Q9BWK7
Q8XE76	Q9UJ39
P0A6Z0	Q96D87
P58357	Q96AT7
P0A6Z0	Q27I61
Q8XE76	Q4G0A9
Q46903	Q6IB15
Q46903	Q58F96
P0A6Z0	Q9H682
P0A6Z0	Q96P20
Q8X7Y4	Q5TC33
Q8X6Y0	Q96J51
Q8X8Y6	Q9Y352
P0AFB6	Q5U0M8
Q8XE76	Q9UNA0
Q8X8Y6	Q9Y386
P0A6Z0	Q9Y3N1
Q46903	Q8N6J0
P0A6Z0	Q9UNC9
Q8XB76	Q99649
P0A6Z0	Q96J22
P78242	Q9Y5N9
Q8XE87	P62195
A0A0H3JH37	Q9UDU9
A0A0H3JH37	P27824
Q46903	Q9UKB6
P0A6Z0	Q13233
P0A6Z0	Q58F96
P0A6Z0	Q9UEC9
Q8XE76	Q96D10
P0A6Z0	Q9UPF7
P0A6Z0	Q93009
Q8XE87	Q8IVR6
Q8XE76	Q9Y6X2
Q8XE87	Q3MJE7
Q8XE41	Q8J012
P32168	Q96E27
Q8XE76	Q96CH0
P0A6Z0	Q9UQN5
Q8XE87	Q9UK02
Q46903	Q9NPJ1
A0A0H3JH39	O14562
P0A6Z0	Q96GP7
Q8XE87	Q9NY42
P0AFB6	Q92534
Q8X5S5	Q6IAU6
Q8X8Y1	Q8NB68
Q8X9L0	Q16472
P0AE68	Q99649
P62618	Q9UPF6
Q8XE87	Q9C0K3
Q8XE76	Q9UPG5
A0A0H3JH37	Q86XE6
Q8XE76	Q9HAZ1
P0A6Z0	Q6SLK1
Q8X738	Q92794
Q8X8Y1	Q9H905
P0A6Z0	Q6P9A9
Q8XE76	Q9UNL1
A0A0H3JH37	Q9HAP7
Q46903	Q3MJE7
Q8XE76	Q9NV63
P0A6Z0	Q9NXS4
Q8XB76	Q15596
P0A6Z0	Q9UFU3
Q46903	Q6IAU6
Q8X9L0	Q9BU31
Q8XE75	Q96G29
A0A0H3JH27	Q9BU31
Q8XCF9	Q13804
Q8XE87	Q9BS41
Q8XE76	Q9UQ90
Q8X8Y1	Q706C1
Q46903	Q8WVJ5
Q46903	Q9Y6A8
P0A6Z0	Q96J47
P0AFJ6	Q9NQT8
P62625	Q9NPL3
P62625	Q52LT4
Q8XE76	Q8IUI1
P41405	Q9NPK2
Q46903	Q99615
Q8XE87	Q2PP16
P24236	P62273
P58357	O14562
A0A0H3JH37	Q9UHD1
P62618	Q96NT4
P0A6Z0	Q9GKR4
Q8X8Y1	P51687
Q8XE76	Q9CUV7
Q8XE87	Q9UQ70
P62618	Q9UC32
Q46903	Q9Y6Q9
Q8XC03	Q9BU83
P0AFB6	Q9Y297
Q8XE76	Q9UPP8
P0A6Z0	Q9NZJ0
P0A6Z0	Q9UDQ2
P0A6Z0	Q9NP28
Q8X6Y0	Q9Y6T3
Q8X8Y6	Q9UH94
P62618	Q32N00
P62625	Q8TD95
P0AFB6	Q9UPB1
Q8XE87	Q9UP80
P0A6Z0	Q9UDH7
P24236	P26651
Q8X6Y0	Q8IX07
Q8X8Y1	Q9UPF6
P77032	Q9BVQ5
Q8XE87	Q9NRY3
Q8XE76	Q53X14
P62625	Q8WW06
Q8XE87	Q5JQT5
P24236	Q9UPH4
Q8XE87	Q9P2Z3
Q8XE76	Q9UQI0
P41405	E9PI54
P10413	Q9NTK6
Q8XB76	Q9UQ61
P62618	Q6P2P6
Q8X996	Q52M96
Q8XBL2	Q9BXY3
Q8X8Y6	Q99683
Q8X8Y6	Q9UIQ3
P62625	Q9UP19
Q46903	Q9UMA7
P0AFJ6	Q99814
Q8X8Y1	Q9NYX8
P0A6Z0	Q92491
A0A0H3JK76	Q969R0
A0A0H3JH37	Q92650
A0A0H3JH27	Q8N191
P62625	Q9UHH7
Q46903	Q86VW7
Q8XE87	Q9NQD9
P24236	Q9UKV5
Q8XBL2	Q9Y2Z9
Q8XE76	Q9UQ28
Q8X8Y6	Q4W5C3
Q8X8Y6	Q9UQI0
P69492	O14562
Q8XA14	Q00007
P0AE68	Q13804
A0A0H3JH37	Q8TE59
P58357	Q7KYV3
Q8X7Y4	Q9HAZ1
Q8X8Y1	Q9UD26
P0A6Z0	Q9BYG4
Q8XE76	Q16566
Q8X9L0	Q9BXY3
A0A0H3JH37	Q9Y218
Q46903	Q9UGP9
P62618	Q9NZX9
Q8X770	Q5M8S9
P0A6Z0	Q9BW29
P0A6Z0	Q56A88
P62618	P67775
A0A0H3JH37	Q8WTS4
Q8XE75	Q9UEP9
A0A0H3JH37	Q9BU83
Q8X738	Q5M8S9
P0A6Z0	Q99804
P62625	Q9H4A2
Q8X6Y0	Q9UPF6
Q46903	Q9BUG3
Q46903	Q969D8
Q8X9G2	Q96AT7
Q8X8Y1	Q14935
Q8X8Y6	Q6I9U7
Q8XE76	Q92533
Q46903	Q8IY10
Q8X6Y0	Q8IVT5
Q46903	Q8NHL6
Q8XE76	Q6IQ15
Q8XE75	Q96L32
Q8XE75	Q96IN5
Q46903	Q6FGB5
P0A6G1	Q9HAV7
Q8XDU4	Q99814
Q8XE76	Q9P1U1
Q8XE76	Q8IYD6
Q46903	P10147
A0A0H3JH37	Q9Y6L8
P62625	Q14258
Q8XE76	Q7Z2Y5
A0A0H3JLN7	Q7KYV3
P10413	Q5T3P9
P0A6Z0	Q9BYM9
P0A6Z0	Q9Y697
Q8XE87	Q9Y6W6
Q8XA65	Q14499
P24236	Q9P2F2
Q8XE75	Q9HAZ1
Q8XE76	Q9BZY3
P24236	Q5JSM2
P62618	Q16841
P97542	A5LHX3
A0A0H3JH37	Q9BW98
P62625	Q9UBE8
P0A6Z0	Q7Z484
P0AFB6	Q9NTK6
Q8X8Y6	O75327
A0A0H3JH37	Q6IQ15
P32168	Q9TNN9
Q8X8I2	Q9C0K3
Q8XE87	Q9UDG2
P0A6Z0	Q8NG46
Q8X996	Q9H7X7
P62625	Q96EA8
P0A9Q3	Q9Y6Q9
Q8XA65	Q9UQM0
Q8X8Y6	B4E1Z4
Q8XE87	O43739
Q8X9G2	Q9UHL1
Q8X738	O14562
P0A6Z0	Q9H3V5
P24236	Q5EE02
Q8X8I2	Q9P1U1
Q46903	Q9UMV0
P24236	Q6Q317
Q8X8Y1	Q9NQ86
A0A0H3JH27	Q9H3M5
Q8XE87	Q9Y6V4
Q8X8Y6	Q86YJ2
Q8X8Y1	Q3MJE7
Q8XE76	Q86XD7
P62618	Q7Z743
Q8X6Y0	Q9HB61
Q46903	Q9BYF6
P77380	Q9UKV0
Q8X8Y1	Q5I0G0
Q8XBL2	Q6Y288
Q46903	Q9UDL6
P69492	Q9Y5Q1
Q8X6Y0	Q9UIJ0
P24236	Q9CY33
Q8XE76	Q9Y243
P0A6Z0	Q9NRG0
P80449	O95396
P24236	Q17RN1
P62618	Q5TZX1
Q8XE76	P11233
P0A6Z0	Q99649
P62618	Q8TE59
P62625	Q9H3V5
P62618	P04196
Q8XBD5	Q9BS41
Q46903	Q9NQK5
P62625	Q9BU83
P62625	Q86TL9
Q46903	Q4VBQ0
P24236	Q53SL0
P41405	Q8IWT4
Q46903	Q9Y4I3
Q8XE87	Q14520
Q46903	Q96QM6
Q8X9C2	Q9BUK9
Q8X6Y0	Q96I38
P0A6F7	Q9UCR6
P62618	Q9UCG7
P63285	Q6IBF7
Q8XE76	Q9NQG5
Q8XE76	Q9Y287
Q8XE87	Q96AF6
Q8X8Y1	Q5T3P9
Q9S6R3	Q9H4U5
A0A0H3JH37	Q8IUI1
Q46903	Q00535
P24236	Q9UPH0
Q8X738	Q99883
P78242	E9PI54
Q8XB09	Q99743
P0A6Z0	Q14026
Q8XE41	Q9BX92
Q8XE87	Q9UG63
P0A6Z0	Q9HBS6
Q8X8Y6	Q9Y270
Q8XE87	Q96NS4
Q46903	Q8IVD1
Q8XE41	B4E1Z4
P97542	Q8TBD1
P62625	Q6NX41
Q8XE76	Q5T059
P77380	Q6LER8
Q8XE76	Q9UQM6
P24236	Q9Y352
Q46903	Q8TD70
Q8X8Y1	Q9GZS1
Q8X9L0	Q96AZ3
P0AFB6	Q9BZK6
Q8X9G2	Q13804
Q8X6Y0	Q9UBC8
P62625	Q8NE16
Q46903	P25685
Q8X7Y4	A6NFM0
P24236	Q9UMD2
P62618	Q6IPY3
P0A6Z0	Q9H1Z5
P0A6Z0	Q96NT2
Q46903	Q16103
Q46903	P35638
P11457	Q92650
P0A6Z0	Q9UBN7
Q8XE76	Q45F09
P24236	P26006
Q8XE87	Q9UQF2
A0A0H3JH37	Q96CX7
P0A6Z0	Q8TAX4
Q8XE75	O43150
Q46903	Q15831
A0A0H3JH37	Q5T3P9
P0A6Z0	Q93035
A0A0H3JH37	Q9BV51
Q8XE76	Q9BUK9
P62618	Q6I9S4
Q8X8Y6	Q9UCX7
P41405	P36507
Q8XA65	Q9UC56
P0A6Z0	Q969R3
P0AES7	Q86XV9
A0A0H3JH27	Q9UJ41
P0A6Z0	Q9NVT4
P62618	Q14595
P62618	Q9Y6U3
P0A6Z0	Q92596
Q8X8I2	Q5VW80
P0A6Z0	Q9BWL1
Q8X8Y1	Q9UKV0
Q46903	Q9JLY1
P0A6Z0	Q9UD95
Q8X9L0	Q6IBF7
P97542	Q92524
Q46903	Q9UKS8
Q9S6R3	Q9UE81
Q46903	Q9H130
A0A0H3JH37	Q8WXS8
Q46903	Q6NUP8
A0A0H3JH37	Q6FGX6
P32168	Q969L6
A0A0H3JH37	Q86UK1
Q8X996	Q61516
P0A6Z0	Q5U0A3
Q8XE76	Q9BS49
Q8XA14	Q9NYE7
Q8X9C2	Q9UC56
P0A6Z0	P22681
P63285	Q9BRV9
Q46903	P09919
Q46903	Q9UDJ7
Q8X6Y0	Q9BST0
Q8XE87	Q8NFJ0
Q8XA14	Q9UQ96
Q8XE87	Q8NHV8
Q8XE87	Q9UN03
Q8X8I2	Q9UDC6
Q8XE87	Q53SL0
Q46903	Q8N1A1
Q8XE76	Q9H1Y4
Q8X8Y1	Q8IV83
Q8X8Y1	Q92678
Q8XE76	Q5VX94
P62625	Q9UNY7
Q8XE76	O43513
P24236	Q9H3F4
P0AES7	E9PI54
Q8X6Y0	Q9BXM7
Q8XE76	Q9H5D2
P26601	Q9Y3A0
P41405	Q5W0H3
P0AE68	Q9UHW5
Q8XE87	P80075
Q8X996	Q8IXZ5
Q8X8Y1	Q6NW19
Q8X6Y0	Q5T0F5
Q46903	Q9Y2C9
P62618	Q9H3V5
P24236	Q9BXY3
Q8X8Y6	Q96P32
Q8XE76	Q5SQ07
P62618	Q9UDU9
P0AES7	Q8WU70
P0A6Z0	Q9NZA8
Q8XE76	O43150
Q8XBL2	Q5JPS6
Q8XE76	Q96AF6
Q8XE75	Q9BRP7
P0A6Z0	Q99966
Q8X6Y0	Q2M3B4
Q8X6Y0	P51668
P0A9Q3	Q8NC92
Q46903	Q9H787
P62625	Q8TCY3
Q46903	Q9NRQ1
A0A0H3JH37	Q9Y287
P58357	Q9UGF1
P58357	Q15596
Q8X6Y0	Q6I9U0
Q8X9G2	Q8NDC7
Q8X6Y0	Q9BX29
P33938	E9PI54
P62618	Q9UL53
Q8XE75	Q9Y6R5
P0A6Z0	Q5SR48
Q8X8Y6	Q7Z301
Q8XBD5	Q8IXZ5
A0A0H3JK76	Q9UHW5
Q8XE87	Q7M4P1
P62625	Q9UMV4
P0A6Z0	Q5SRH4
P62625	Q9UD26
P62625	Q92918
Q8XE76	Q9UPF9
Q8X8I2	Q53XN9
Q46903	Q5SXU8
Q8XE76	Q9NZ22
Q8X6Y0	Q9UBB1
Q8X8Y1	Q9UQL6
P0A6Z0	Q9BZZ4
Q8XE76	Q9H001
P0A6Z0	Q71UI9
A0A0H3JH37	Q9NWD2
A0A0H3JH37	P15169
P0A6Z0	P62318
P62625	Q8N5C8
Q46903	Q9UL47
P62618	Q8NEN1
Q46903	Q96GT0
P0A6Z0	Q9BQE7
Q8X6Y0	Q8WWI9
P0A6Z0	Q9UJ40
Q8XE76	Q99418
P62625	O14687
P62625	Q96RH1
P62625	Q9NQD9
P0A6Z0	Q9UNH4
Q8X6Y0	Q75MC9
Q8X8Y1	Q99746
Q46903	Q9BX92
Q8XBL2	Q6IRY0
Q8XBL2	Q5W131
Q8XBL2	Q16699
Q8XE76	A6NFM0
Q46903	Q96DI4
Q8XA14	Q9Y4E4
A0A0H3JH37	Q99743
Q8XE76	Q9UJW0
P0A6Z0	Q6IBE9
Q8XE76	Q9UKV8
Q8XE87	Q6ICN3
Q46903	A0A087X089
P24236	P11233
P0AFB6	Q99814
Q46903	Q9H0F6
Q8X8Y6	Q9P1L8
Q8X6Y0	Q9NZX9
Q8X8Y1	O95450
P0A6Z0	Q9BZL0
Q8X8Y1	Q15816
Q8X8I2	Q9UCZ8
Q46903	Q9H0U1
Q8XBD5	Q99638
P24236	Q15576
Q8X8Y6	Q969S4
Q8XB09	P19387
Q8XE87	Q9UNY7
P0AFB6	Q9CUV7
Q8X8Y6	J3QS46
A0A0H3JH37	Q96TF9
Q8X8Y6	Q99746
P24236	Q9Y5T4
P0A6Z0	P35858
Q8X8Y6	Q9ULP9
P24236	Q71U36
P78242	Q6NW05
P24236	Q9UDI2
Q8X8Y1	Q9UQ70
P0AGB5	Q9UNM5
Q8XE76	Q96G29
P62618	Q9P056
Q8XE76	Q9Y4G5
P62625	Q00005
P62625	Q52LZ6
P0A6Z0	Q86UF1
Q8XE76	Q8TBI9
Q8X8Y1	Q5TC33
P0AFJ6	Q15596
Q8XE75	Q53EP3
P41405	Q9NQG5
Q8X6Y0	Q9UKX5
Q8X8Y6	Q9H1Y4
Q8XCP2	Q9UHW5
A0A0H3JH37	Q96PM2
P0A6Z0	Q9UJW0
A0A0H3JH37	Q9UCH2
Q8XDU4	P19387
Q8XE87	Q5TZY3
A0A0H3JLN7	A0A3B3ISY8
Q8X8Y6	Q7Z569
Q8XE87	Q9UQ28
Q8X9L0	Q9UDI3
Q46903	Q9UCV7
Q8X996	Q9Y6R5
Q8XE76	Q8N173
Q8XE87	Q9UM06
Q8X8Y1	Q9UDU9
P0AE68	Q99814
A0A0H3JH37	Q96J55
Q8XA14	Q9BXK4
Q46903	Q96QZ1
Q8X5S5	O14562
Q8X8Y1	Q9UNM5
P0A6Z0	Q8N5C5
P62625	Q99639
Q8XE87	Q53XN9
P0A6Z0	Q0VG87
P78242	Q5JS30
Q8X770	Q99649
P0A6Z0	Q9ULC2
Q8X6Y0	Q53QM4
Q46903	Q5PSV3
P62625	Q15816
Q8X8Y1	Q9UL53
Q8XB76	Q9UPB1
Q8XE87	Q9BS04
Q8XE76	P61163
Q46903	Q9UM80
Q8XE87	Q6FGZ2
Q8X8I2	Q8WXQ7
P11457	Q9UHW5
Q46903	Q13414
Q8XBL2	Q9NRR6
P0A911	Q14D44
P24236	Q969S4
Q46903	P01024
A0A0H3JLN7	Q99743
Q46903	Q9Y2Z9
P0A6Z0	Q4VXC2
Q46903	Q86YJ2
P0A6Z0	Q9BUN4
A0A0H3JH37	Q96PR5
Q8XE87	Q96QJ5
P0A6Z0	Q96KI9
P24236	Q99474
Q46903	Q9NZN9
P62618	Q96J22
A0A0H3JH37	Q6FHK5
Q8XE76	P20132
Q8X770	Q9UHL1
A0A0H3JH37	Q5JSM2
P24236	Q92515
P0A6Z0	Q9Y6I3
Q8XE76	Q9Y6N5
Q8XE87	Q14935
Q8X8Y6	Q96E27
P62625	Q9BRB5
P24236	Q16027
Q8XE41	Q9UD88
P62625	Q6ICQ7
Q8XBL2	Q8WTZ6
Q8X9L0	E9PI54
P77380	Q9NQT8
Q8X6Y0	Q9P1L8
P0A6Z0	Q9Y2G2
P0AFJ6	Q9Y6Q9
Q46903	Q7Z5G6
A0A0H3JH37	F8W876
Q8X9C2	Q00007
P26601	Q9BSP8
P62625	Q9UM56
Q8XE87	Q9UFX3
Q8XA14	Q5T3P9
Q8X770	Q9NQT8
Q8XE76	Q5U0G3
P0AFB6	Q9UEJ4
P0A6Z0	Q8TAJ6
P24236	Q92759
P0A6Z0	Q92767
Q8X8Y1	Q8TE60
P0A6Z0	Q96BV9
P24236	Q8IVT5
Q8X8Y6	Q9UIT9
P24236	Q9UJ43
Q46903	Q549Z0
Q8X770	Q96AT7
P62625	Q7Z4L6
P0A9Q3	Q99814
Q46903	Q9UJ39
Q8XE76	Q8IWK8
P62625	Q9BWK7
P0A9P5	Q6FHA2
P77380	P06493
Q8XE76	Q53ES8
Q46903	Q86YK6
Q46903	Q5TGM6
Q8XE76	Q5EE02
P0A6Z0	Q5JYJ8
Q8X8Y1	Q8N1A4
P24236	P62195
P62625	Q6NW05
Q8X738	Q9NQT8
P0A6Z0	Q9H1Y4
P0A6Z0	Q8IW24
P62625	Q9UQR1
P0A6Z0	Q9UDJ2
P58357	Q8NC92
P24236	Q8TCY3
Q9S6R3	O75327
Q8X7Y4	Q9H1D9
A0A0H3JH37	Q14638
A0A0H3JH37	Q9UHP8
P24236	Q9UMK3
Q8XE87	Q9H5A8
P0A6Z0	Q9NZ42
Q8XE87	Q9UM26
P0AGB5	Q9H9Y6
P32168	Q96J48
Q8X8Y6	Q9H5V3
Q8X8Y6	Q6UWF0
Q8X770	A0A3B3ISY8
Q8XDU4	Q9UPB1
P63285	Q9BWA8
P0A6Z0	Q14620
Q8X8Y1	Q6FGB5
P0A6Z0	Q9NQ05
P58357	Q9UHW5
P62618	Q9P2Z3
P0A6Z0	Q8N7J7
P62618	Q96BD9
P62625	Q9HB61
P77380	Q96B74
P24236	P27824
P0A6Z0	Q96PY5
A0A0H3JH37	Q6NX41
P62618	F8W876
P32168	Q14520
Q46903	Q96BD9
Q8XBL2	Q498Y0
P0A6Z0	Q93076
Q8XE87	Q9NR33
A0A0H3JH27	A0A3B3ISY8
P62618	Q9H1K3
Q8X8Y1	Q96PX3
P62625	O95453
Q8X996	Q99556
A0A0H3JH37	Q16472
Q46903	Q9Y2M8
P24236	Q14595
P0AFB6	Q86XV9
Q46903	Q567Q6
P0A6Z0	Q14595
Q46903	O14511
Q8XE75	Q9BWN6
P0A6Z0	Q9Y3F4
P0A6Z0	Q9UKE5
Q8X8Y6	Q2M3B4
P0AES7	Q9UHW5
P24236	Q9NZ70
P62625	Q96E22
P0A6Z0	Q4VAV9
P0A6Z0	Q96H98
Q8XE87	Q2M1L9
Q8XE87	Q9UJV2
Q8X6Y0	Q9BZB9
Q8X7Y4	Q53ES8
Q8XE87	P46940
P62625	Q9HAP7
Q8XE75	Q93076
Q8X996	Q9HBD3
A0A0H3JH27	C9J0E9
P0AFJ6	Q6NX41
P24236	Q8WU19
Q8XBL2	Q8N5V4
A0A0H3JH37	Q9UD72
Q46903	Q9UC69
Q8XE87	Q9UNW5
P69492	Q9Y2K2
P97542	Q5U098
Q8XE76	Q9Y6L8
P0A6Z0	Q6P1N3
P0A6Z0	Q5H9B3
P24236	Q96N96
P0A6Z0	Q96JT8
P0A6Z0	Q9UKB6
Q46903	Q9UCQ3
Q46903	Q9UKX2
P62618	Q5EE02
P62618	Q9HAZ1
P0A6Z0	Q9C0K3
Q46903	Q6FHD5
Q46903	Q86W79
Q8XE76	Q8N3Z2
A0A0H3JLN7	P19387
P24236	Q9HB61
Q8X9L0	Q9BWA7
Q8X8Y1	Q9BVN7
P62625	Q53QM4
P0A6Z0	Q9BTS3
Q46903	Q96QJ5
Q8X738	Q9UPB1
P62618	Q9UD72
Q8XE76	Q9H3I2
Q8XE76	Q9UBZ9
Q8X8Y6	Q13107
P97542	Q8WWQ6
Q8X6Y0	Q9BXZ8
P0A6Z0	Q9UNS3
Q8X6Y0	Q93076
Q8XBD5	Q8IXL4
Q8X8Y1	Q13485
P0A9Q3	Q13804
Q8XE87	Q9P2A9
Q8XE87	Q96E67
Q8XE87	Q9NR36
A0A0H3JH37	P49915
Q8XBD5	Q71V76
A0A0H3JH37	Q96AF7
Q8XE87	Q9UN83
Q8X8Y1	Q7Z743
Q8XBL2	A0A1W2PQS6
Q8XE76	F5H5P2
P0AFB6	Q9UEU9
Q8X8Y6	Q6IBH9
P0A6Z0	Q96PR5
Q8XE87	Q9Y254
P0AFB6	Q13637
Q8XE87	Q8IV83
A0A0H3JH27	Q9Y6U3
Q8XE87	Q6IBE9
P62625	Q2M249
P62618	Q9UDG2
Q8XE87	Q9C0G3
Q8XBL2	Q6PB27
P27511	H9KV45
P62625	Q9Y6Q0
P0A6Z0	Q9UDH8
P62625	Q9UMU2
Q8X9G2	O14562
Q8XE76	Q9UPV4
P58357	Q99814
Q8XE76	Q5T3P9
Q46903	Q9P2P3
P62618	Q9NY42
Q8XC03	O14562
P0A9P5	Q99956
P0A6Z0	Q969D8
P62625	O00487
P0AFB6	A0A3B3ISY8
P0A6Z0	Q53SL0
Q8X8Y1	Q9UFF4
P62618	Q9BTD4
A0A0H3JH37	P67775
Q8XC03	Q8NDU5
Q8X8Y1	Q9UFP7
Q8XE87	Q96JB0
A0A0H3JH37	Q15679
Q8X5S5	Q00007
P0A6Z0	Q8WUZ7
Q8X8Y1	Q9NQD9
P62618	Q99646
Q8X7Y4	Q96H96
Q8XE76	Q8TDA5
Q8XE87	Q9UKU7
Q8XE76	Q9NRF7
Q8X6Y0	Q99883
Q8X8Y1	Q5U0M8
A0A0H3JH37	Q53HH9
Q8XE76	Q13761
P62625	Q9UMD2
Q8X7Y4	X5D9C8
P0A6Z0	Q9NWS0
P0A6G1	Q9H5D2
Q8X6Y0	Q9Y684
P0A6Z0	Q6IAU6
P24236	Q9UC32
Q8X8Y1	Q9Y6N5
Q8XE76	Q6DK23
P97542	H9KV45
P62618	Q9UCJ8
P77380	O14562
P24236	Q9Y220
Q8XE76	Q9UCV7
P77032	Q53YA2
Q8X6Y0	Q53HH9
P0A6Z0	Q8N1A1
Q8XC03	Q9C0K3
Q8XE76	Q9UP79
Q46903	Q96RE4
P69492	Q9BU83
Q8XB09	Q9UQ61
Q8XE87	Q9Y5S8
Q8X8Y1	Q9UKV8
Q8XCP2	E9PI54
P26601	Q9Y2Z9
Q8XE75	Q9UJV6
Q8X8Y6	U3KQL5
Q8X8Y1	Q9Y6K9
P62625	Q9Y669
Q8XB76	Q9GZS1
Q8X6Y0	Q9BZX1
Q8XCP2	Q9Y4E4
Q8X8Y1	Q96E22
P62625	Q9UFU8
P62618	Q9UKP5
Q8X8Y1	Q96RH1
Q8XE87	Q9UJ39
Q8X8Y1	P62851
A0A0H3JH37	Q9NZX9
Q8X8Y1	P26651
Q8XB76	Q8NC92
P62625	Q9UPF9
Q8XE76	Q96GB8
P0A6Z0	Q9UCF3
P41405	Q5T3P9
A0A0H3JH37	Q9UPH0
P62625	Q9UNM5
Q8XE75	Q6I9U7
P0A6Z0	Q8N1A4
P0A6Z0	Q96FJ2
Q8X6Y0	Q6FHA2
P0A6Z0	Q9UPX8
P24236	Q9Y6U3
P41405	Q9BWN0
Q46903	Q5U0M8
P0A6G1	Q5T1S7
P32168	Q8NDP8
A0A0H3JH27	Q7Z569
Q8XE87	Q75MC9
Q46903	Q16215
Q8XE87	Q9Y6F5
Q8X6Y0	Q9P056
A0A0H3JH37	Q9Y6K9
Q46903	Q9UCX7
Q8XBL2	Q6IBH9
Q8XBL2	Q3B726
Q8X7Y4	Q8N5V4
P62625	Q9UMM7
Q46903	Q07960
Q8X5S5	Q96J22
P10413	Q96A97
Q8XB76	O14562
Q8X6Z5	Q99956
Q8X6Y0	Q7Z4L6
P62618	Q96PN5
Q8XE87	Q9H240
Q8XC03	Q5TGM6
Q8X7Y4	Q96G29
Q8X8Y6	P56282
P0A6Z0	Q9Y290
P58357	Q5M8S9
Q46903	Q9Y366
Q8X8Y1	Q6IBD1
P0A9P5	Q9BSH6
P0A6Z0	Q6PKG5
Q8XE87	Q9HC29
Q8XE76	Q9UCZ5
Q8X518	Q14600
A0A0H3JH37	Q9UHJ2
P62618	Q9UIU9
P10413	Q96MX6
Q8XE58	Q9UG63
P0A6Z0	Q8N578
P0A6G1	Q5TCM3
P0AFJ6	Q7KYV3
Q8X8Y6	Q8WZ63
P24236	Q9NSR6
P62618	P26651
A0A0H3JH37	Q9NUI0
Q8X8Y1	Q9UE81
A0A0H3JH37	Q9Y4Y0
P0A6Z0	Q99497
P24236	Q9H3V5
P62625	Q9P0J8
P62618	Q9Y589
P0A9P5	Q53T45
Q46903	B8ZZV2
P0AGB5	Q6NX41
P0A6Z0	P46934
A0A0H3JH37	Q66K89
P0AES7	Q96IN5
Q8XE76	Q9UKZ3
P0A966	Q9NTK6
Q46903	Q9UN05
Q8X8Y1	P46940
P97542	Q5T0F5
Q8X6Y0	Q99683
Q8X6Y0	Q9P2W2
Q8XE87	Q9UHJ2
Q8X8Y1	Q9UCZ5
P24236	Q9H787
Q8X8Y6	H0Y8J7
P0A6Z0	Q9HBC0
Q8XA14	Q9BVW2
Q46903	Q9NUZ2
P0A6Z0	Q9NZE4
Q8X6Y0	Q9NRF9
Q46903	Q9BZB6
A0A0H3JH37	Q9Y6E0
Q8X9L0	Q8TBD1
Q8XE76	P56282
Q8X8Y6	Q96IN5
Q8XE87	Q14258
Q46903	Q9UFU0
Q8X7Y4	Q99558
P0A6Z0	Q6PJZ7
Q8XE76	Q9BWB6
P62618	Q9UP79
P0A6Z0	Q9UE88
Q9R2E4	Q9UHW5
Q8XE76	Q9NSR6
P62625	Q96TF9
Q8XE76	Q9UN34
Q8XE87	Q9BTD4
Q8XE76	Q96K94
A0A0H3JH27	Q9BS04
A0A0H3JH37	Q9UQR3
P62618	Q86TL9
Q8XE76	Q9BSP8
P78242	Q9UQH5
A0A0H3JH37	Q8WW06
P0AFB6	Q15596
Q46903	Q9NSV4
P0A6Z0	P56159
P0A6Z0	Q9UIQ4
P62625	Q16472
P62625	Q9H549
Q8X8Y6	P05156
Q46903	P07947
Q8X8Y1	Q9UMK3
Q8XE87	Q9UIJ0
P24236	Q9Y5J2
P0A6Z0	Q9H0U1
Q8XE87	P36873
Q8XE76	Q9UDH8
Q8X6Y0	Q96TF9
P0A6Z0	Q9BUR0
Q8XE87	Q9BZY3
P37055	Q5T1S7
P0A6Z0	A0A087X089
Q8XE87	Q9NPL3
Q46903	Q9NXG1
P62625	Q96GF2
Q8X6Y0	Q9UJ41
Q46903	Q9UIQ3
P24236	Q86VH9
Q8X6Y0	Q8TE58
P24236	P52435
Q8X8Y6	Q9UQE9
P24236	Q9NWD2
Q8X8Y6	Q9UKP5
Q8XE76	Q53XV2
A0A0H3JH37	Q99497
P10413	Q86XV9
Q47168	Q14600
P0A6Z0	Q5T054
Q8XE76	Q9UDG2
Q8XE75	Q9BQ32
Q8X8Y1	P61247
P0AFB6	Q8NDC7
P97542	Q96HD3
P62625	Q9UIQ7
P0A6Z0	Q9Y6G9
P24236	Q9BZX1
P11457	Q5TGM6
Q8X6Y0	H9KV45
Q8X8Y1	Q52LZ6
Q8X6Y0	Q9UD42
P24236	Q9UPF9
Q8X6Y0	Q9Y535
Q46903	Q45F09
Q8XE87	Q8J012
A0A0H3JH37	Q8WW75
Q8X7Y4	Q13652
P24236	Q9NRF7
P24236	P36873
Q8X8Y1	P20132
Q8XE76	Q9H0U4
Q8XE87	Q6FGE9
Q8XA65	Q7Z2Y5
Q8XE87	P0CW22
Q46903	O14687
Q8XE87	Q9BSP8
Q8XE76	Q5BJI0
A0A0H3JH37	Q9UM26
P63285	Q96E27
P62625	Q9UCA1
Q8X8Y1	Q9NUC9
A0A0H3JH37	Q6FHX3
P0A6Z0	Q8NHL6
Q8XC03	Q9UC56
P24236	Q5JTE3
P0A6Z0	Q8N256
Q8X8Y6	Q8TBD1
Q46903	Q6DK23
Q8XE87	Q66K89
P63285	H9KV45
P0A6Z0	Q92534
P97542	Q53XY5
Q8X996	Q9BU83
P0A6F7	Q96C51
Q8X8Y6	Q9Y6F4
Q46903	Q5JQT5
P0A6Z0	Q9Y4Y7
Q8XE87	Q9Y6Q0
Q8X6Y0	Q53XN9
P0AE68	Q5T3P9
P0AGB5	Q9Y2Y1
Q8XBL2	Q9H8E4
A0A0H3JH39	Q5T3P9
Q8XE75	P51668
Q8XE87	Q5JS30
P0A6Z0	Q9NUC4
P62618	Q9Y4Y0
A0A0H3JH37	Q9Y4Y7
Q8X6Y0	Q9C0K3
P62618	Q9Y6B6
Q8XE76	Q6IBM9
P58357	Q9UPB1
Q8XA14	P36873
P62625	Q53XN9
P63285	Q9TNN9
P0A6Z0	Q9Y220
Q8XE87	Q96J55
P62625	Q9H905
P24236	Q16472
Q8XE76	Q7Z3D1
Q8X9L0	Q9TNN9
Q8XE41	Q8IXI4
Q8XBL2	O95190
Q8XE87	Q9UE78
P62618	Q9UNM5
P58357	Q92794
P62625	Q86YJ2
A0A0H3JH37	Q9H240
Q46903	Q9UNP1
Q8XBL2	Q53XN9
Q8X6Y0	Q9Y352
A0A0H3JH37	Q6IBE9
Q8X8Y1	Q8N422
Q8XE87	Q8IYZ5
Q8XE76	Q9BVY5
P69492	E9PI54
P24236	Q9UPU4
Q8XE76	Q9UCA1
P62618	Q00005
P77380	Q13804
P0A6Z0	Q96B26
P0A6Z0	Q9H4E2
P0AFB6	C9J0E9
P0A6Z0	Q9UJB3
Q8X8Y1	Q6GTN4
Q46903	Q9UCE2
A0A0H3JLN7	Q9UHL1
P33929	Q5T3P9
Q8X738	Q7KYV3
A0A0H3JH39	Q9Y6R8
P62625	Q9UPP8
A0A0H3JH37	Q9P1U1
P0A6Z0	Q96H99
P24236	Q8NBG5
P62625	Q5H9B3
Q46903	Q8NI95
Q8XE87	Q7Z698
Q8X6Y0	Q7M4P1
P0AE68	Q15596
P62618	P36507
Q8X8Y6	R4GND2
P0A6Z0	Q9BS80
Q8XE76	Q71UI9
P0A6Z0	Q9HAZ1
P0A9Q3	Q8NDC7
Q8XE76	Q96GF2
P0A6Z0	P39019
Q47168	P35858
Q8X7Y4	Q6NXQ1
P0A6Z0	Q1RLL9
Q8XE76	Q9UM26
P0A6Z0	Q99968
Q8XE76	Q92633
P0A6Z0	Q53QM4
Q8XE87	Q9UBB1
P62618	A0A3B3ISY8
Q8X8Y1	Q8N5C8
P0A6Z0	Q9UQ54
Q8XE41	Q13904
Q8X8Y1	Q9Y6B6
Q8XBL2	Q5JTE3
A0A0H3JH37	Q9UHH7
A0A0H3JH37	Q14258
A0A0H3JH37	Q96BD9
Q8XE76	Q8WUM6
Q8X6Y0	Q5VVL8
P0A6Z0	Q4TTG0
P0AFB6	Q9BTB4
Q8XE76	Q9UKE5
A0A0H3JH37	Q8IVT5
Q46903	Q9Y2A6
P0AFJ6	Q99649
P33929	O14562
P62618	A6NFM0
P24236	Q6ZP89
P69492	Q5H9B3
Q8XE76	Q96AH8
Q8X8Y1	Q2V575
Q8X8Y1	Q29RG0
P0A6Z0	Q9BX67
Q8X8Y1	Q86YI1
P24236	Q9NP28
Q8X8Y6	Q27I61
Q46903	Q05CA4
A0A0H3JH37	O95396
P62625	Q9P1U1
P62618	Q9P1X9
Q8X9L0	Q96MN3
P0AES7	Q9BVQ5
Q46903	Q9UPX8
P41405	Q92794
A0A0H3JK76	Q2M1Z4
Q8XE76	P62834
P0A9P5	Q9C0G3
P58357	Q99883
Q8X6Y0	Q9BXY3
Q46903	P16591
Q8XBL2	Q9Y3U8
P0A6Z0	Q86TL9
P0A6Z0	Q9P2Z3
P24236	Q6IAY3
Q8XDU4	Q7KYV3
P0AE68	Q99743
Q8X996	Q86XD3
A0A0H3JH37	Q9UM06
A0A0H3JH37	Q9UCI9
Q8X8Y1	P27824
A0A0H3JH37	Q7Z4L6
A0A0H3JH37	P84077
P27511	O14562
Q8X8I2	Q9ULH1
Q46903	Q96QJ0
P62625	Q99743
Q8XB76	Q9UHW5
Q8XE76	H0Y8J7
Q8X8I2	Q2M3B4
Q8X8Y1	Q9UGF1
Q8X6Y0	Q9Y4X2
Q8XCF5	Q9Y2Z0
A0A0H3JH37	Q9NR70
Q8X6Y0	Q9NQE6
P0A6Z0	Q9UD42
Q8XE87	Q9BZB6
Q8X9L0	Q96I12
P0A6Z0	Q9UL53
P0A6Z0	Q96AF7
P0A9P5	Q13524
Q8X6Y0	Q3MJE7
P24236	Q5TCM3
P0AES7	Q53Y61
P0A6Z0	Q8IVD1
P0A6Z0	Q92574
Q8X6Y0	Q5SR49
P0AFB6	Q7KYV3
Q46903	Q8WYM6
Q8X8Y6	Q15040
P62618	Q9UPH0
Q8XE76	Q9UKV5
P0A6Z0	U3KQL5
Q46903	Q8N5L4
Q8XE76	Q16644
P0AES7	Q14191
P0A6Z0	Q6IAS3
P24236	Q15679
A0A0H3JH27	Q2M3B4
P0A6Z0	Q9NR33
P0A6Z0	Q9H7P2
Q8XE76	Q6FG45
Q8X9C2	Q9UQM1
Q8X8Y1	A6NFM0
Q8XBS3	Q99814
Q8XBL2	Q5T1S7
Q8XC03	E9PI54
Q8XBL2	Q9H0S0
Q8XE76	Q9NRY4
A0A0H3JH37	E9PI54
Q8XBD5	Q9BUQ8
Q8X6Y0	Q5SRH4
P0AE68	O14562
P0A6Z0	Q9BVY5
Q8X9L0	Q9Y265
P10413	Q8WU70
Q47168	Q9UFP3
Q8X770	Q92794
P0A6Z0	Q9UP73
Q46903	Q9UDK0
P0A6Z0	Q8N1A5
P0A6Z0	Q9H549
P0A6Z0	Q9UF38
P62618	Q6NX41
Q8X8Y6	Q8N3Z2
P0A6Z0	Q9UNL1
P24236	P78366
Q8XE87	Q5T4L6
P62625	Q9GZS1
A0A0H3JH37	P63220
Q46903	P14784
A0A0H3JH37	Q32ML5
A0A0H3JK76	Q9Y6Q9
Q46903	Q8IXL2
P24236	Q9UKW0
Q8X996	Q9Y659
Q8X6Y0	Q9UFX3
Q8X6Y0	Q96RP6
Q8XE87	Q0VG08
A0A0H3JH37	Q99460
P77380	Q9Y6Q9
Q8XCF9	Q99814
P0A9Q3	Q15596
Q8XCF5	Q9BVQ5
P62625	Q86XD7
Q8X8Y1	Q8N191
P97542	Q9UQ90
Q8X9C2	A0A3B3ISY8
Q8X8Y1	Q9NRF7
Q46903	Q99967
P24236	Q9NUC9
Q8X770	Q9GZS1
P0A9Q3	Q96AT7
Q8X6Y0	Q9NWD2
Q8X996	Q96MX6
Q46903	Q14340
Q8XE87	Q2M3B4
P77380	P22301
Q8X518	P21854
P62625	Q9UCS7
Q8X6Y0	Q5FWF0
P62618	Q9NRF7
P24236	Q9UNW5
Q8XE76	Q9Y6B6
Q8X6Y0	F8W876
Q8X8Y6	Q6PID4
P62625	Q9Y4Y7
A0A0H3JH37	Q96GA7
Q8XE76	Q8IV34
P0A6Z0	Q9UIU2
Q8XE87	Q9UQC2
Q8XE87	Q9BQ21
A0A0H3JH37	Q15831
Q8X5U9	Q6IB18
P62618	Q8IVT5
Q8XE76	Q15405
Q8XE58	A0A3B3ISY8
P0A6Z0	Q6FHY1
Q8X8Y1	Q9UG30
P0A6Z0	Q8WV28
A0A0H3JK76	Q9UPB1
P0A6Z0	Q9UBU8
Q8XE87	Q6NX41
A0A0H3JH27	Q9UJL3
P63285	Q9BWZ9
Q8X8Y1	Q9H1A8
Q8XBL2	Q9UMX2
Q8XCF9	Q8WYA8
Q8XE87	Q8WWI9
Q8X8Y6	Q9NQ86
P77032	Q99743
P0A6Z0	Q6PIE6
A0A0H3JH37	Q96HA5
Q8X8Y1	Q8NG46
Q8X8Y1	Q53HH9
Q8XE76	Q8WUB1
Q8XE76	Q9UPB0
P0A6Z0	P01024
Q8XE76	Q7Z2I6
Q8XE76	Q9UJV2
P62625	Q7Z301
Q8XE41	Q6GTN4
Q8X8Y1	Q96EA8
Q46903	Q9UNA4
P62618	Q8TE60
Q8XB09	Q5M8S9
Q46903	Q32ML7
A0A0H3JH27	Q9UGA4
Q8XE75	O43513
Q8X6Z5	Q9BSH6
Q8XE87	Q53XR9
P0A9P5	Q53EP3
P0A6Z0	Q8TAK9
Q8XE76	Q9BRD5
P62625	Q00722
Q46903	Q9Y3N1
Q8XE75	Q5T1S7
Q46903	Q9Y3A7
Q46903	Q9P2X1
P0A9Q3	Q9UHW5
P62625	Q8J012
Q8X7Y4	Q9Y5Z9
Q8XE87	Q6I9U0
P0A6Z0	Q6IBU8
Q8XBD5	Q5T3P9
Q46903	V5R6A3
Q8XE76	Q75N87
Q8XE76	Q9UNU0
Q8XE76	Q9BZR6
P24236	Q9P2P2
A0A0H3JH27	Q6GRF8
P62625	Q96PN5
P24236	Q9NRY3
P62625	Q9UD54
Q8X6Y0	Q6NXQ1
Q8X8Y1	Q6GRF8
P77380	O14511
Q8X7Y4	Q9UPF6
P62625	P84077
Q8X8Y6	Q59EW4
P0AFB6	Q6ICN3
Q8X6Y0	Q6FHK5
Q8X8Y6	Q9GZV4
P77380	Q9HB32
P62618	P27824
A0A0H3JH37	Q96B09
Q8X6Y0	Q99952
Q8X8Y6	Q14340
Q46903	Q9Y6K9
P0AFB6	Q53YA2
Q8X7Y4	Q9BXY3
Q8XE87	Q96RP6
P62618	Q9UHH7
P0A6Z0	Q9UQH2
Q8XE87	Q9HCU0
Q8XC03	P78315
Q8X6Y0	Q9UD54
P97542	Q9UHD1
Q8XE76	Q71V76
A0A0H3JH37	Q8NEN8
Q8XE76	Q9UM54
P0A6Z0	Q96KQ3
P24236	Q99746
A0A0H3JH37	Q8N1A5
P0AES7	Q96EA8
Q46903	Q9BZZ4
Q8X9L0	Q96E27
P0A6F7	Q9H5D2
Q46903	Q9UQF2
P0A6Z0	Q9UG30
Q46903	Q9H3I2
P0A6Z0	Q8IUS3
A0A0H3JH37	Q86XD7
P0A6Z0	Q9UCJ8
Q8XE76	Q96J22
Q46903	Q86X74
P0A6Z0	Q9UPH9
Q46903	Q9UCR6
Q8XE76	Q96P20
P0A6Z0	Q8TCV6
P27511	Q9NZ42
Q8X8Y6	Q9UMZ4
Q46903	Q9NZC0
P77380	Q7KYV3
A0A0H3JH37	Q9UMK3
A0A0H3JH37	Q9UJW0
P24236	Q9BVY5
Q46903	Q5U0A3
Q8X8Y1	Q59GZ4
Q46903	Q9NPJ7
P62625	Q9NUI0
Q46903	Q9NQD0
P0AES7	Q9Y2Z0
P0A6Z0	Q5R2W0
Q8X8Y1	Q9UKV5
Q46903	Q92794
Q8XA65	Q9UHW5
Q8XE76	Q6NW19
Q8XE75	A6NFM0
A0A0H3JH27	Q9UMV4
Q8XA14	Q53XT4
Q8X8Y6	Q9UCW1
P0A6Z0	Q99767
Q8XE76	Q9UH41
P0A6Z0	Q5TCA8
A0A0H3JH37	Q96J60
Q8X6Y0	Q8NHV8
Q8X8Y1	Q9UMM7
A0A0H3JH37	Q9H787
P0A6Z0	Q9BZP9
Q8X6Y0	P04271
P77032	Q86XV9
P62625	Q9H1K3
P0A6Z0	Q9H0F6
Q8XE41	Q14340
P11457	Q9UPV4
Q46903	O75689
P24236	Q706C1
Q8X738	Q9UHL1
P0A6Z0	P35638
Q8X8Y1	P26006
P0A6Z0	Q6LDP5
Q8XE76	Q8IZF9
P69492	Q96QJ3
Q8XE87	Q9NQT8
P0A6Z0	Q93004
P24236	Q9Y5T5
Q46903	Q9UDG5
Q46903	Q9UP73
P0A6Z0	Q9Y5X1
P0A6Z0	Q5JSL6
P0A6Z0	Q9UDK2
Q8X738	Q99743
P0AES7	Q9UHD1
P62618	Q99639
P62625	Q8WWN9
Q8X8Y6	O43396
P63285	Q5T3P9
P62625	Q4VAK2
Q8X7Y4	Q96IN5
P0A6Z0	Q9Y6W5
Q8X5S5	P78315
P62618	Q9UMV4
P41405	Q6NX41
Q8XE76	Q9UPF7
Q8XBL2	Q6LBJ6
Q46903	Q9BXM7
P24236	Q9BWA8
Q8X8Y6	Q9UBZ9
Q8XE76	Q86VD2
Q8XE76	Q9P230
Q8XE76	Q96I38
Q8X9L0	Q9UKC4
Q46903	Q6IPY3
P62618	Q8N5V4
Q8X8Y6	Q9P276
Q46903	Q9UEC9
Q8XCP2	A0A3B3ISY8
P0A6Z0	V9GYT4
Q8XBL2	P46776
Q8XE87	Q9UQM1
P0A6Z0	Q9BX92
Q8XE87	O95453
Q8XE87	Q96TF9
P0AES7	Q9NTK6
P63285	O14562
P0A6Z0	Q9NUI0
Q8XA14	Q9ULC2
Q8X5S5	Q96PN5
Q8X8I2	Q8WWN8
P0A6Z0	Q8IYI7
Q8X8Y1	Q92650
P0A6Z0	Q08752
Q46903	Q9HBS6
P62625	Q5HYA4
Q8XE87	Q969D8
Q8XE87	Q9UG86
P0A6Z0	Q9UH31
Q8X996	Q9P230
P0AFB6	Q99444
Q8X8Y1	O00487
P62625	Q99723
Q46903	Q99832
Q9S6R3	Q13564
P77380	Q99814
P0AE68	E9PI54
Q8X8Y1	P40429
P62625	Q9UEU9
Q8X8Y1	Q96AF7
P62618	Q9BUT4
Q46903	Q7Z721
P24236	Q9UC56
Q46903	Q7Z3U4
Q8X6Y0	Q8TBL9
Q8XBL2	Q9BWA8
P0A6Z0	Q9UC78
Q8X8Y6	Q5T0U8
Q8XE76	Q9UMM7
P33938	Q8IVP2
P62625	Q9NRH9
P0A9P5	Q8WTS4
Q46903	Q6PDA9
P62625	Q96BY3
Q8XBL2	Q6FGF5
Q8X8Y6	Q585T8
P0A6Z0	Q9BZB9
P62625	Q9BS41
A0A0H3JH37	P07478
P62618	Q96AF7
P0A6Z0	Q9H001
P62625	Q9P056
Q8X8Y1	Q9BQ17
P78242	P19387
P0AFB6	Q6ZS74
Q46903	Q6NX41
Q8XE76	Q9UIJ0
Q46903	Q9UCF3
P0A6Z0	Q9UK02
Q8XE76	Q9UCG7
A0A0H3JH37	Q9H023
P62618	Q9UDC6
Q9S6R3	P28482
Q8XE76	Q92918
Q8XE87	Q9BUQ8
Q8X6Y0	Q9NPL3
Q46903	Q96B74
Q8X6Y0	Q9UK94
Q46903	Q5TCM3
Q8XE87	Q96PR5
Q8XA65	Q9UCE9
Q8XE87	Q9P2W2
A0A0H3JK76	Q8NDC7
Q8XE76	Q9NZ06
Q8X7Y4	Q8TBL9
Q8XE76	Q5IFM8
P62618	Q96G29
P0A6Z0	Q9UGM8
P97542	Q9BU45
Q46903	Q92542
Q46903	Q9Y6E0
P0A9Q3	Q99743
A0A0H3JH37	Q53QM4
Q8XBL2	Q02543
Q8X9L0	Q9UL53
P0A6Z0	Q9HAP4
Q8XE76	Q9NYE7
P0A6F7	Q9BR64
P0A6Z0	Q5T3P9
Q8XE87	Q9NP05
A0A0H3JH37	Q9UMD2
P11457	Q13809
Q46903	Q8IXU7
Q46903	Q9BTS3
Q8XA65	O60884
P32168	Q5T3P9
Q8XE58	O14562
P0A6Z0	Q9UPW4
Q46903	Q96B09
Q8X8Y6	Q3KPG8
Q8XE76	Q9UDK2
P24236	Q9Y4Y0
Q9S6R3	Q9UKC4
P0A6G1	Q5T3P9
Q8X7Y4	Q9ULF6
Q8X6Y0	Q9UG57
Q46903	Q9Y5K2
P37055	O14562
P62618	Q706C1
P62618	Q9UM26
P0A6Z0	Q9HCX9
P41405	Q9Y6R5
A0A0H3JH37	Q6FG45
P0A6Z0	Q9UIF0
P0A6Z0	Q96DI4
Q8XA14	Q9UHW5
Q8X6Y0	Q9UCZ5
P62618	Q16472
P0A6Z0	Q96GB8
P24236	Q8IVG0
Q8XE87	Q9P2N4
P62618	Q9BTK9
P24236	Q9NZN5
Q46903	Q9BUM5
Q8XE76	Q8N102
Q8X9C2	Q9H3R6
Q8X6Y0	Q9UKV5
P24236	O95818
P0AES7	Q9UEB9
A0A0H3JH37	Q9Y2Y1
Q46903	Q9GZP0
P0A6Z0	Q92768
Q8X8Y1	Q86UK1
Q8XBD5	Q9NT04
Q8X6Y0	Q96H59
Q8XC03	Q9UE78
Q8X8Y6	Q9BQ32
P62618	Q9Y6L8
P62625	A6NFM0
Q8X8Y6	Q9UIL0
Q46903	Q9UEU8
P24236	Q9UPP0
P62625	Q9P2Z3
Q46903	Q96GB8
Q8XE76	P52564
P0A6Z0	Q8IZL4
P0AFJ6	O14562
P97542	Q9BWZ9
Q8X5S5	P22459
P0A6Z0	Q92532
Q8XE76	Q6IBU8
Q46903	Q32N00
Q46903	Q9BW98
Q8X6Y0	Q6IB00
P63285	Q96HD3
P62625	Q9NWD2
Q8X7Y4	P56282
Q46903	Q9Y297
P0A6Z0	Q9H171
P24236	Q9UQ92
P24236	P22459
P10413	Q53YA2
Q8XE76	Q9UHW5
P62618	O00487
Q8XE76	Q9NUI0
Q8X6Y0	Q9BUQ8
Q8XC03	Q99615
P24236	Q9P1U1
P0A6Z0	Q4VAK2
Q8XE76	P67775
A0A0H3JH37	Q9UD26
Q8XE76	P28482
Q8X8Y1	Q14258
Q8X6Y0	Q24JU2
Q8XE87	Q5SRH4
P0A6Z0	P07766
Q8X5S5	Q96PR5
Q8XE87	Q6LEF0
P0A6Z0	P25963
P0AGB5	O14562
Q46903	Q9Y589
Q8X5S5	E9PI54
A0A0H3JH37	Q9UGA4
Q8X8Y1	Q61516
Q8XBS3	Q99743
P0A6Z0	Q5SXM3
P0A6Z0	Q8TF30
Q8XE87	Q9UJW0
P0A6F7	Q9BU83
Q8X8Y1	Q5HYA4
Q8X8I2	Q9BXY3
Q46903	Q9NQ86
P0A6Z0	Q9UDK0
Q8X8Y6	Q9UDR7
A0A0H3JH37	Q9BX29
Q8XCF5	Q8IXZ5
Q8XB76	Q969R0
Q8X8Y1	Q9UHW5
Q8X8Y6	Q9UND6
P10413	Q9UHD1
P62625	Q9BTD4
Q8X8Y1	Q96AT7
Q8XBS3	E9PI54
Q8XE87	Q9Y5Z3
P24236	Q6FGF5
Q8XE87	Q8IZW2
Q8XA14	Q9UQU7
Q8X6Y0	Q9H240
P62625	P63220
P0A6F7	Q99832
Q8XE75	Q52LT4
P0A6Z0	P21854
Q46903	Q5W116
Q46903	P78560
Q8XCF5	Q9NTK6
P24236	Q8WVV7
Q46903	Q9P1L8
P97542	Q96E27
P37055	Q9Y6Q9
Q8XE87	Q9UC56
P77032	Q13804
P0A6Z0	Q9NZC7
Q46903	X5D9B4
A0A0H3JH37	Q8IVR6
Q8X9C2	C9J0E9
Q46903	Q96KS8
Q8X7Y4	Q9BQ32
P0A6Z0	Q96QZ1
P62625	Q9UL53
P0A6Z0	Q9NQG5
Q46903	Q52M96
Q8X8Y6	Q9Y5T5
P32168	Q6IB60
Q8X738	Q9UHW5
Q8XE76	Q9UN02
Q8XBL2	Q969R0
Q8X8Y1	Q9UQ90
Q8X8Y1	Q53ES8
Q8X8Y1	Q92533
P77032	E9PI54
Q8X6Z5	Q9Y6W6
Q8X6Y0	Q9UHW5
Q46903	Q53Y96
Q8XE87	Q9UPP8
Q8XB09	Q9UGF1
Q8X6Y0	Q9BSP8
P0A6Z0	Q96AF6
Q46903	Q86WQ5
Q8XE76	Q9UCF3
P62625	Q9UPF6
P0A6Z0	Q9UL22
P24236	Q9UE81
Q8XB76	Q5T3P9
P0A6Z0	Q59E99
P0A6Z0	Q9UDF4
A0A0H3JH37	Q8TE58
Q8X738	A0A3B3ISY8
Q8X6Y0	Q9UM06
P24236	Q8N5C8
Q8X8Y6	Q59H33
Q8XE87	Q6NW19
Q8XBL2	Q9BWQ0
P63285	E9PI54
P0A6Z0	Q9UIS7
Q46903	Q9Y6G9
P62618	Q8TE56
P62618	Q66K89
P62625	Q96A97
P24236	Q15860
P78242	Q9H7S0
Q8XE76	Q5TZY3
A0A0H3JH37	Q3MJE7
Q8XE76	Q96TF9
Q8XE41	P51124
Q46903	Q9NVA5
Q8XE76	Q2XNF2
P0A6Z0	Q6PDA9
P62618	Q9GZS1
P62625	Q6IBM9
P0A6Z0	Q9HCU0
Q8X8Y6	Q6IBE9
Q8XE41	Q9Y588
Q8XB76	Q99814
P0AES7	Q96A97
Q46903	Q6PJZ7
Q8XE76	Q9NXT4
P24236	Q17RT7
Q8X8Y1	Q86XE6
A0A0H3JH37	Q9UDG2
P41405	Q9Y6Q9
Q8X9G2	A0A3B3ISY8
Q8X5S5	Q9UHW5
P62618	Q6IAU6
P62618	Q86VC0
P0A6Z0	Q9H4Z5
Q8XE58	Q5T3P9
P0AES7	Q9Y659
P0A6Z0	Q96J12
Q8X6Y0	Q9UC32
P62618	Q9BQ32
A0A0H3JH37	Q5HYA4
P24236	Q8NCX9
P24236	Q9H3M5
P77380	Q5JP00
P0A6Z0	Q9H1P2
Q8XE76	Q9H1P2
Q8X6Y0	Q6NW19
Q8XE87	Q9BVP5
Q8X6Y0	Q9UMK3
Q8X5S5	Q9UPF9
Q8XE87	P27824
P10413	P78315
Q8XA65	O14562
Q8XE76	Q9BWN0
A0A0H3JH37	Q9UEU9
Q8XE76	Q9UPL0
P0A6Z0	P25391
Q46903	Q9BRB5
Q46903	Q9UNU3
Q46903	Q96CY8
Q8X6Y0	Q86VH9
Q8X6Y0	Q9UQR1
Q8X8Y6	Q96PR5
P0A6Z0	Q9NY59
Q8X7Y4	Q9Y3R6
P62625	Q32ML5
P24236	Q92574
P62625	Q6LDT9
A0A0H3JLN7	Q969R0
P62618	Q9Y218
Q8X8Y1	Q9BWA3
P97542	Q86XF8
Q46903	Q9BZW1
A0A0H3JH37	Q9UD54
Q46903	Q9UC55
Q9S6R3	Q9UDJ4
P0AE68	Q9Y2K2
Q8XCP2	Q96CX0
A0A0H3JH37	Q99646
P0AFB6	Q9JLX1
Q8X6Y0	Q9BVP5
Q46903	Q96DH3
P77032	Q96A97
P0A6Z0	Q6FH47
P0A6Z0	Q9GZP0
Q8X8Y6	Q9UKV0
Q8X8Y6	Q9UCE4
Q8XE76	Q9HAP4
P0A6Z0	P06493
Q8X6Y0	Q8N1A4
Q8X738	Q99814
P0A6Z0	Q8NDU5
P0A6Z0	Q9UF23
Q8XE87	Q6IAY3
Q46903	Q14620
P0A6Z0	Q9UH50
Q8XE87	Q9NU86
Q8XE87	Q5TC39
Q8XE75	Q96GT0
P0A6Z0	Q9UEI7
Q46903	Q92976
Q46903	Q71V76
Q46903	Q8NDU5
Q8X8Y1	Q9UPH0
Q46903	Q9BXR1
P24236	Q9HAV7
Q8XE76	Q96GT0
P0AES7	Q9Y6V7
P62625	Q2M1Z4
Q8XE87	Q8IW95
A0A0H3JH37	Q96GP7
P62625	Q66K89
Q8XE76	Q9UPN7
P24236	Q8NDU5
Q8XBL2	Q92820
P0A6Z0	P20132
Q8X8Y6	Q9NPL3
Q9S6R3	Q9Y6R5
Q8X9C2	Q9UQM0
Q8XB09	Q92794
P32168	H9KV45
P0A6Z0	Q8J012
Q8X8Y6	Q53Y81
P0A6Z0	Q53XP7
Q8XBL2	P62273
P77380	P78315
A0A0H3JH37	Q52LZ6
Q8XBS3	Q9UQ61
P97542	Q9BWA7
P0A6Z0	Q96IN5
P33929	Q9UHW5
Q8X8Y6	Q9BWA7
Q8X8Y1	Q9H4W8
Q8XBL2	Q9UQM2
Q8XE87	Q99956
Q8X8Y1	Q9BW98
Q8XE76	Q3KQR8
P0A6Z0	Q7Z3D1
P62618	Q9NY44
P62625	P67775
P62618	Q96II4
Q8XE87	Q53T45
P32168	Q96J55
Q8XE76	Q9UMD2
Q46903	Q8IZK9
Q8X6Y0	Q8N5C8
P0A6Z0	Q9UCC6
Q8X8Y6	Q9UGQ1
Q8X8I2	Q9UG63
P0AGB5	E9PI54
P0A6Z0	Q9NR36
P24236	Q9UGF1
P62618	P22459
Q8X996	Q8N193
Q9S6R3	Q9UHW5
P0AFB6	E9PI54
Q8X8Y1	Q00005
Q8XE76	Q99741
Q8XE87	Q8TE58
P80449	Q92636
Q46903	Q2V575
Q8X7Y4	Q6NW19
Q8XE76	Q8TBL9
Q8XA14	P78315
Q8XE75	Q9H1A8
P0AFB6	Q9Y6Q9
Q8X6Y0	Q5JS30
P62625	Q9UC20
P62618	Q6GRF8
Q8X9C2	Q9BVT3
P0AFB6	Q8IXL2
P24236	Q9P2H4
Q8XE76	Q6PID4
Q8XE87	Q9BZK6
Q46903	Q99743
Q46903	Q9UPW4
Q8XE87	U3KQL5
Q8X8Y6	Q9UMX2
Q8X6Y0	Q9P1U1
Q8X6Y0	Q9Y5Z3
P0A6Z0	Q9NYE7
P62625	Q9H3M5
Q8XE76	Q9Y6M4
P24236	Q9H0S0
P0A9Q3	Q7KYV3
Q8X6Y0	P07478
A0A0H3JH37	Q96BE6
Q8XE76	Q9NYX8
Q8X8Y1	Q99418
Q46903	O95657
A0A0H3JH37	Q9NUC9
P24236	Q07960
Q8X5U9	Q9UHD1
Q8XBD5	Q52M96
Q8XA14	Q92794
Q8X5S5	Q9H3V5
A0A0H3JH37	Q7Z743
Q8XE76	Q96S46
P0A6Z0	Q9UD72
Q8X8Y1	Q9Y4X2
Q8XE76	Q92678
Q8X5S5	H9KV45
Q8X8Y1	Q9NTK8
P62625	Q9UHP8
Q8XE87	Q5T0F5
Q8XE75	Q3LHW8
Q8XA65	Q9BUK9
Q8X8Y6	Q8TCY3
P62625	Q9UJ43
P0AFB6	Q99743
Q9S6R3	Q9UD21
P0AFB6	Q15286
Q8X5S5	P61163
Q8X6Y0	P56199
Q8XE87	Q9UEJ4
P0A6Z0	Q2VPI7
P0A6Z0	Q6GTN4
P0A6Z0	O43150
P69680	Q9UCI0
Q8X8Y6	Q53XN9
Q8XE76	Q96C51
Q8X6Y0	Q9BWK7
P62625	Q96AF7
Q8X7Y4	Q92918
P62618	Q9UNG5
A0A0H3JH37	Q8IVD1
Q46903	Q8IW95
P0A6Z0	Q9Y6X0
P0A6Z0	Q9P1X9
Q8X8Y1	Q9UM56
Q8X6Y0	Q9BUT4
Q8X7Y4	Q9UNM5
P78242	Q8IZ61
P24236	Q29R80
Q8XE76	Q9UFP7
Q8X6Y0	Q59GZ4
P62618	Q9NXK2
P0A6Z0	Q8IUY9
Q8X8Y1	Q9BYF6
P32168	Q16472
Q8XE87	Q8IWU9
P97542	Q9BRV9
Q8X6Z5	Q9H2F2
P63285	Q5T1S7
Q8X8Y6	Q8TC14
Q8X8Y1	Q9UGA4
Q8X8Y6	Q8NDP8
P0A6Z0	Q14499
Q8X8Y1	Q96G29
Q46903	Q96CX7
Q8X7Y4	Q99762
Q8X8Y6	Q2L882
P32168	Q6IBF7
Q8X6Y0	Q9UHD1
Q8X9L0	Q96J55
P0A6Z0	Q5U0G3
P0A6Z0	Q24JU2
Q8X6Y0	Q9Y254
Q8XB76	Q9UHL1
P24236	Q9UDK2
Q46903	Q9UII8
P0A966	Q86WH0
Q46903	Q9UKV0
P77380	Q53ES8
A0A0H3JH37	Q9NXK2
Q8XBD5	Q53XV2
A0A0H3JH39	Q92515
Q46903	Q9UNJ1
Q8XE76	Q53EQ8
Q46903	O60500
A0A0H3JH39	Q9UHD1
A0A0H3JH37	Q6NUP8
Q8X6Y0	Q8WVV7
P32168	Q9BS70
P0A6F7	Q5T3P9
Q46903	Q504W0
Q8XA14	Q9Y4K4
Q8X8Y6	Q53EQ8
P0A6F7	Q6IAT3
Q8XE41	Q9UM14
P0A6Z0	Q86XV9
Q8XCF9	Q9UHW5
A0A0H3JH37	O95453
P0A6Z0	Q5M7Z1
P32168	Q9Y361
P0A6Z0	Q2HIZ6
P0A6Z0	Q96GA7
Q8XE87	Q9UEN7
P78242	Q9P1U0
Q8XE76	Q5TDQ8
Q46903	Q9HD66
Q46903	Q96J60
Q8XE87	Q9H370
Q8XE76	Q9Y253
P24236	Q5TC33
P62618	O95396
A0A0H3JH37	Q5SRH4
Q46903	Q86Y61
Q9S6R3	H9KV45
Q8XE87	Q96Q20
Q8X8Y1	Q9H3I2
P62625	Q0VG08
A0A0H3JH37	P36507
Q8XE76	P18146
Q8X8Y6	Q14258
Q8XE87	Q52M77
Q8XE76	Q9NZX9
P41405	Q5T1S7
Q46903	Q8WV28
P0A6Z0	Q6IBM9
P24236	Q86X73
Q8XE76	Q2V575
P62618	O43150
Q8X6Y0	Q9UBF8
P62618	Q15831
Q8X6Y0	Q9BWN0
Q8X6Y0	Q13233
Q8X5U9	Q5T3P9
P0A6Z0	Q9NXG1
P0A6Z0	Q9UJV2
P62625	Q9BYM9
Q8XE76	Q9H023
Q8X9L0	Q9P2F2
P0A6Z0	Q8WW75
P0A6Z0	Q99967
A0A0H3JH37	Q9BQ17
Q8XE76	Q29RG0
Q8XE76	Q86X73
Q8XE75	Q9BXY3
P0A6Z0	Q9NSL1
P77380	Q9BUB5
P0A6Z0	Q9NTK8
P62618	Q8WWN9
P0A6Z0	Q9UKC4
P0AGB5	Q16103
Q46903	Q9NWD1
Q8X6Y0	Q9UNY7
Q46903	Q9BVT3
Q46903	Q9H1A8
P62625	Q9UMK3
P62625	Q9UCI9
Q8XA14	Q9UHP8
Q8X6Y0	Q9Y5Z9
Q8X8Y1	Q8IXZ5
Q8X738	Q9GZS1
Q8XB76	Q9UGF1
P63285	Q9UEX3
Q8X8Y1	Q9UHH7
Q8XE87	P51687
Q8X6Y0	Q9UP80
P0A6F7	C9J0E9
P77380	Q7Z5B9
Q8XE76	E9PI54
Q8X6Y0	Q96HA5
Q8X6Y0	Q9NY59
Q8XE76	Q9UNG5
P62618	Q9UFU8
Q8XE87	Q5W116
Q8XE87	Q9H1D7
P62618	Q45F99
P0AES7	Q61516
Q46903	Q9BS80
Q8XCF5	Q8WU70
Q8XA14	Q9UHD1
Q8XE87	Q5TZP9
Q46903	Q53XT4
Q46903	Q9UKP4
P62618	Q9NRH9
P0A6Z0	Q5SXU8
P0A6Z0	P41182
P62625	Q8IWZ1
P78242	Q9NW59
A0A0H3JH39	Q32N00
A0A0H3JK76	Q5T3P9
Q8X770	Q969R0
Q8X7Y4	Q99952
A0A0H3JH37	Q99723
Q46903	Q59GZ4
P0A6F7	E9PI54
P62618	Q9UCM9
Q8X8Y1	Q99639
Q46903	Q9NW59
Q8XE87	Q8N191
P0A6Z0	Q9UCM9
Q8X6Y0	Q9UC20
Q8XE41	Q9ULB0
Q8XE41	Q9Y495
P24236	Q6ICQ7
Q8X8Y6	Q9H787
P62618	Q9UC20
P0A6Z0	Q9Y6U3
Q8X8Y1	Q9Y2Z9
P41405	Q96AT7
Q8XE87	Q9H9B1
P0AE68	Q8NDC7
Q8XE87	Q9UPF6
Q8X738	Q969R0
P0A6Z0	Q9BXM7
Q8XE41	Q9UQD8
Q8XB09	Q15596
P24236	Q9ULG4
P0A6Z0	Q9UCW4
P0A6Z0	O14511
Q8X8Y1	Q99741
P0AFB6	Q86WX8
A0A0H3JH37	Q8WVV7
Q8X8Y1	Q6IPY3
Q46903	Q9HBX5
Q46903	Q9HAV7
Q8XE76	Q9UCT8
A0A0H3JH37	Q15816
P62625	O14562
A0A0H3JK76	Q9UGF1
Q8XE75	Q8TBL9
Q8XB76	Q9Y6Q9
P62625	P59510
P62625	Q9NXT4
P0A6Z0	Q3MIB1
Q8XA14	Q92769
Q8X8Y1	Q8N2S1
A0A0H3JH37	Q9NY44
Q8XE76	Q9BZX1
Q8X518	Q9BWR0
P0A6Z0	Q9UQV2
P62618	Q9NT04
Q8X6Y0	Q9BQ32
A0A0H3JH37	Q6NW19
A0A0H3JK76	P19387
P24236	Q9BXM7
Q8XC03	Q96MX6
Q8XE75	Q9P1U0
Q8X8Y1	Q86TL9
Q8X5S5	Q96B09
Q8XE75	Q5T1G3
Q8XC03	Q9UHD1
Q8X6Y0	A0A1W2PQS6
Q8XE76	Q86VW7
P0A6F7	Q5T1S7
P0A6Z0	Q9UKG8
Q8X8Y6	Q9NY59
P63285	Q5T0F5
Q8X6Z5	Q2V508
Q8XE87	Q5JYJ8
A0A0H3JH37	Q9H549
A0A0H3JH27	Q9P283
A0A0H3JLN7	Q9UHW5
Q8XE76	Q6GTN4
P62625	Q9P2W2
P62625	Q5JSM2
Q46903	Q96HD7
Q46903	Q5TZS0
Q8XE87	P05386
P0A6Z0	Q9H3N0
Q8X8Y1	Q9UNW5
P62618	Q9UII1
Q8X8Y1	Q6ZP89
Q8XE76	Q9UPH0
Q8X5S5	Q9Y4Y0
Q8X9G2	Q9NQT8
P32168	Q9Y6R5
P0AFB6	P62834
P58357	Q99743
P62625	Q9Y6K9
Q46903	O95396
Q8X6Y0	Q9BQ21
A0A0H3JH37	Q9UNW5
Q46903	Q9UK67
Q8XE87	P22083
P24236	Q2M3B4
P26601	Q5T1S7
P62625	Q9UD88
Q8X996	E9PI54
P0A6G1	A0A3B3ISY8
Q8X8I2	Q6FHV0
P62618	Q16103
P0A6Z0	Q8IYW3
P24236	Q9UQM2
P0A6Z0	P29965
Q8XE87	Q86SS8
Q8XE76	Q86W08
Q8XE76	Q9BR64
P11457	Q86TF2
Q8X8Y6	Q6PIE6
A0A0H3JH39	Q9UEB9
Q8XE87	Q9UND5
P77032	Q15596
P24236	Q13637
Q8XCF9	Q99649
Q8XE76	Q9UE19
P0A6Z0	Q96DG9
P0A6Z0	Q96IZ1
Q8X9G2	Q9UHW5
Q46903	Q9P0J8
Q8XE76	Q9UM55
A0A0H3JH37	Q8TE56
P0A6Z0	O95453
Q8X8Y1	Q9UJV2
A0A0H3JH27	O14562
P62618	Q9UPP8
Q8X6Y0	Q66K89
Q8XDU4	Q9Y6Q9
P0A6Z0	Q2M205
Q8X9C2	Q9UK02
Q8X8Y1	O95396
Q8XC03	Q9UHW5
Q8XE87	Q9UM55
Q8XE76	Q5VVL8
Q8XDU4	Q9UQ61
Q8X738	Q5T3P9
Q8X8Y6	Q9H3M9
P27511	A0A3B3ISY8
P0A6Z0	Q5T9U6
A0A0H3JH27	Q16841
Q46903	Q96IM1
P0A6Z0	Q9UEU1
Q8X8Y1	Q9UJ41
A0A0H3JH37	Q9BQL0
Q8XE41	Q14520
P62618	Q9Y6T3
P63285	Q9UEU8
Q8X9C2	Q9HAV7
P0A6Z0	Q15796
Q8XE75	Q6ISB5
P0A6Z0	Q9UBL3
Q8XC03	A0A3B3ISY8
Q8XE76	Q9UDU9
Q8X7Y4	Q5SR49
P0A6Z0	Q96HA5
Q46903	Q6LEA7
Q8X8Y1	Q8N753
Q8X8Y1	Q9UDG2
P0A6Z0	Q71UP4
P0AFJ6	Q6IS14
P37055	Q9Y6R5
Q8XE76	P50591
P62618	Q9UNA4
Q8X6Y0	Q9UNM5
Q8XE87	Q96J51
P62625	Q99646
P24236	Q9UKV8
Q46903	A6NFM0
Q46903	Q6IAT3
P0A6Z0	Q9NUW3
P78242	Q9Y535
P24236	Q9UKV0
Q8XE87	P51965
Q8XBL2	Q6IPF8
Q8XB76	A0A3B3ISY8
Q8XE76	Q9H4W8
P0A6Z0	Q9H1K3
P0A6Z0	Q6FHS6
Q8X8Y6	Q53TS4
Q8X7Y4	Q5TC39
Q8XE76	Q9BXK4
Q8XE76	F8W876
P37055	Q7KYV3
P24236	Q53HK3
A0A0H3JH27	Q9Y218
P24236	Q9Y2Z9
P62625	Q9UM06
A0A0H3JH37	Q8N5C8
P0A6Z0	A0A3B3ISY8
P62618	Q7M4P1
Q46903	Q9NT58
P0AFB6	Q9Y3T2
P0A6Z0	Q9NR61
P62618	Q9C0K3
P0A6Z0	Q9Y6A8
A0A0H3JH37	Q9UFU3
Q8XE87	Q9NUI0
P62625	Q9BUB5
Q46903	Q96S46
Q8XE76	Q9NR70
Q8XE87	Q6LDT9
Q8XE76	Q53SL0
P0A6Z0	Q5TZU9
P0A6Z0	Q9BXR6
A0A0H3JH39	Q96BV9
Q8X8Y1	Q86VC0
Q46903	Q6SLK1
A0A0H3JH37	Q9P2W2
Q8XE87	Q9H1E9
P0A6Z0	Q93077
P0A6Z0	P61163
Q8X770	Q99743
P0A9P5	Q8IWI7
A0A0H3JH37	Q9BVY5
Q8X6Y0	Q16876
A0A0H3JH37	Q8TD38
P24236	Q9UM99
P24236	Q8IV83
Q8XE87	Q8NIA4
P62625	Q9Y5Z3
Q46903	Q9UD40
Q8X8Y1	P08156
Q8XE87	Q8TC14
Q8X6Y0	U3KQL5
P0A6Z0	Q9BXY3
P0AES7	Q99556
Q8XE87	Q5BJI0
Q8X8Y1	Q9UD72
P77032	Q9UCQ3
P0A6Z0	Q99877
P0A6Z0	Q38M82
Q8XE75	Q9UP17
P0A6Z0	Q5T8M9
P62625	Q9BQ21
Q8XE87	Q9NPK2
Q8XDU4	Q96AT7
Q8X770	Q99814
P0A6Z0	Q53Y96
P24236	Q3KQR8
P97542	P43234
P62625	Q6FGZ6
P11457	Q9UHD1
Q8XE76	P26651
Q46903	Q567S7
Q8X7Y4	Q9UNU0
Q8X8Y1	Q92759
P24236	Q9UD72
P77380	Q92870
P10413	Q9Y2Z0
Q8XE75	Q8WTQ7
P0A6Z0	Q5T648
P62625	Q9UBV8
P24236	Q14638
P24236	Q9C092
Q8XE76	P07947
Q46903	Q9UEP9
Q8XBL2	Q7Z6E4
Q8X770	Q9Y6Q9
P0A6Z0	Q96J51
P62625	P04196
Q46903	Q9NRG4
P24236	Q9Y659
Q46903	Q96PR8
A0A0H3JH37	Q9UFT9
P62618	Q9UDR7
P62618	Q86XD7
Q8XE87	P59510
Q8X6Y0	P16581
Q8XE87	Q9HB32
P24236	Q9UD26
P0A6Z0	Q0VG08
P0A6F7	Q96S46
P24236	Q61516
P62618	Q92596
P0A6Z0	Q96SI8
P0A6G1	O14562
Q8X6Y0	P22681
Q8X8Y1	Q5TDQ8
Q8X8Y6	Q96H59
A0A0H3JLN7	Q9Y6Q9
P0A6Z0	Q9BTI2
P62618	Q9Y4Y7
Q8XE87	P04196
Q46903	Q9UMV4
Q46903	Q9BUB5
P11457	Q5M7Z1
P0A6Z0	Q9UEU8
Q8XE76	Q8TE57
Q46903	Q9UG90
Q8XE76	Q9BW83
Q8X8Y6	Q9P2H4
Q8X8Y1	Q96NT4
Q8X9L0	Q969L6
Q8XA65	Q96DA6
Q8XE87	O14562
Q8X738	Q96AT7
Q46903	Q9UM56
P62618	Q2M3B4
P62625	Q8WW75
P0A6Z0	Q9Y366
A0A0H3JH37	Q9UP80
Q8X8Y1	Q0VGC7
Q8X8Y6	Q99858
A0A0H3JH27	Q9UMM7
Q8XE76	Q13950
Q46903	Q5HYA0
Q8X5S5	Q9P2Z3
P0AFB6	O14966
Q8X7Y4	Q969R0
P77032	Q9UPB1
P62625	Q9BW98
Q8X8Y1	Q8TE59
A0A0H3JLN7	Q99883
P62618	Q96GF2
Q8XA14	P18849
P62625	Q92533
A0A0H3JH37	Q0VG08
Q8X8Y1	Q9NS91
Q8X6Y0	O95450
P62625	Q9UFX3
P32168	Q9BWZ9
Q46903	Q9Y5S8
P62625	Q96CX7
A0A0H3JH37	Q00722
Q8XA65	Q8NC92
Q8XE87	Q9Y361
A0A0H3JLN7	Q99814
Q8XBL2	Q6IAY3
Q8X6Y0	Q2M1L9
Q8XE87	Q9UBC8
P33938	Q5T3P9
P0A9P5	O95396
Q8XE76	P24386
Q8XCF5	Q53YA2
Q46903	Q9BWK7
Q8X8Y1	Q7Z569
Q8X8Y1	Q9UFT9
Q8XE76	Q9Y6F5
Q8X8Y6	Q5SR49
Q8X6Y0	Q53XK2
P62618	Q96H98
P62625	Q9UND5
A0A0H3JH27	Q5T1S7
A0A0H3JK76	Q9GZS1
Q8X6Y0	Q6ZP89
Q8X8Y1	P24941
P58357	Q8NDC7
Q8X9G2	Q99883
A0A0H3JH37	Q9NRG4
Q46903	Q9UFU8
P24236	Q5T5N2
A0A0H3JH37	Q8IWZ1
Q8X5S5	Q96H98
A0A0H3JH37	Q9Y589
P0AES7	Q9NT04
Q8XE75	Q9UHH9
Q46903	P11233
Q8X996	Q9H1D7
Q8X5U9	Q5T1S7
P62618	Q9Y4E4
Q8XE76	Q9BZB6
Q8XB76	Q99883
Q8X5U9	Q9UC02
A0A0H3JH37	Q75MC9
Q8XE87	Q9Y659
Q8X8Y1	Q9BVY5
P0A6Z0	Q6IBM4
Q8X7Y4	Q96L32
P0A6Z0	Q9P1U1
P0A6Z0	Q96HR2
Q8X6Y0	Q6IAU6
Q8XBD5	Q9H7S0
A0A0H3JH37	Q9P1X9
P0A6Z0	Q9UKV0
Q46903	Q9UG63
P62625	Q2M1L9
P0A6Z0	Q06413
Q8XA14	Q6IBU8
P24236	Q8WUM6
P32168	Q9BU83
P62618	Q8N2S1
P0A6Z0	Q9UNT4
Q46903	Q9BTK8
Q8X8Y1	Q9Y4Y0
P0A6Z0	Q99672
P0A6Z0	Q9UDC6
Q8XE75	Q9UBF8
P0AFJ6	Q9UPB1
Q8X8Y6	Q9UQ81
Q8X8Y1	P22459
Q8X8Y1	Q8IUI1
Q8X8I2	Q86UK1
P62625	Q8TE58
Q8XE76	Q9UP74
Q46903	J3QS46
Q8X8Y1	Q6NXQ1
P0A6Z0	Q86UQ7
P0A6Z0	Q9BW98
Q8X6Y0	Q9UHH9
Q8XE87	Q13950
P24236	Q66K89
A0A0H3JH37	Q9Y4X2
Q8X6Z5	Q8NFJ0
P78242	Q96MH1
P0A6Z0	Q9H2Y1
P77032	Q9UDH0
Q8X6Y0	Q9BR72
Q8X8Y1	P50591
P0A6Z0	Q96HD7
Q8X7Y4	Q9Y4K4
P0A6Z0	Q96PN5
P77380	Q8NDC7
Q46903	Q14258
Q46903	Q9JLX1
P77032	Q9BVZ0
Q46903	Q9NNX6
Q8XE76	Q8IW95
Q8X9C2	Q9UE78
Q46903	Q6LEF0
P0A6Z0	Q9UCX5
P32168	Q8TAA3
Q8XE87	Q9UDC6
Q8X8Y1	Q5SXM3
Q8XCF9	H9KV45
P62618	O14562
Q46903	Q96J19
Q8XE87	P41182
P0A6Z0	Q9UFF4
P0A6Z0	Q14600
P24236	Q8IVD1
P77380	Q9UPB1
P0A6Z0	Q9HD16
Q8XE76	Q9UCQ3
Q8XBD5	Q9HBD3
P62625	Q96G29
Q8XE76	Q8IYZ5
Q46903	Q8WWN9
Q8XBL2	Q7M4M5
Q8X6Y0	Q6IBE9
Q8XE76	Q9UHH9
A0A0H3JH37	Q9H905
Q8XC03	Q86TL9
P0A6Z0	P17947
Q8XE87	P04271
Q8X8Y6	Q9UP79
P0AFB6	Q13804
P0A6Z0	Q5D0D6
Q9S6R3	Q8IVT5
Q8XA14	Q6ICP8
P0A6Z0	Q9NQ58
P41405	Q8NDC7
Q8X6Y0	Q9Y669
Q8X9L0	Q9BU45
Q8X8Y1	Q9UQN5
P24236	Q9UCA1
P62625	Q9UM99
Q46903	Q14520
A0A0H3JK76	Q15596
Q8XE76	Q9ULF6
P32168	Q9UEX3
P0A6Z0	Q9H4E7
P33929	Q9UH94
Q8XBS3	P19387
P62618	Q9H1A8
Q8X6Y0	Q9UCZ8
A0A0H3JH37	Q9H324
P0A6Z0	Q6IBE1
P62625	Q9UKU7
Q46903	Q9Y4U9
Q8XBD5	Q5T1S7
Q8XE87	Q9UGI0
P0A6Z0	Q9UCZ5
P62618	P50591
Q9R2E4	Q96E22
P0A6Z0	Q9UQM1
Q8XE76	Q16472
Q8X8Y1	Q2M1Z4
P0AFB6	Q9H0U4
P0A6Z0	Q9BVW2
P62618	Q9BXY3
P78242	Q8TD38
Q8X7Y4	Q9Y243
P24236	Q8WWN9
Q8XE87	O15066
P24236	Q5JSL6
Q8XE76	Q9UHD2
A0A0H3JH37	Q8IW95
P32168	Q9BWA7
P0A6G1	Q9BR64
P62618	Q6LDT9
Q8XE87	Q9UK94
Q8XBL2	Q9Y317
P62618	Q8TDN9
P0A6Z0	Q9UNA0
Q46903	P52435
P24236	Q5T1S7
Q8X8Y6	Q6IB60
Q8XE76	Q53XN9
Q46903	Q96HR2
P24236	Q9UJZ0
Q8X8Y6	Q9UQ28
A0A0H3JH37	Q6ZP89
P0A6Z0	Q9NQ14
Q8X8Y6	P80075
Q8X8Y1	Q9UPF9
Q46903	Q1RLL9
Q8X8Y6	Q9UN56
P0A6G1	Q9UCR6
Q8X8Y1	Q9UND5
P62618	Q53XN9
Q8XE87	Q8N5C8
P0A6Z0	Q9UIP5
Q8X6Y0	Q8N721
P0A6Z0	Q9UC99
Q46903	Q8N578
Q8XE76	Q9H3P3
A0A0H3JH37	Q9UPF2
P62625	Q8NEN1
Q46903	Q96NT4
Q8XE87	Q8TDA5
P24236	P22681
Q8XE75	Q96NT4
P37055	Q9UPB1
Q8X6Y0	Q96AF7
Q46903	Q9HC29
Q8XE75	Q9BTC1
Q8X6Y0	Q9H1A8
Q8XE76	Q6I9S4
Q8X996	Q9UHW5
P58357	Q13804
Q46903	Q96HB7
Q8XE76	Q9H905
P0A6Z0	Q9NS91
P0A6Z0	Q96AT7
Q8XC03	Q96DG9
Q8X6Y0	Q9UFT9
Q8XE76	Q8TE59
Q8XE87	Q9Y5L9
Q8XE87	Q86XE6
P62618	Q8WW06
Q8XE87	A6NFM0
Q8XCP2	Q8WXQ7
P62625	O95396
A0A0H3JH37	Q9Y4L9
Q8X6Y0	Q2M249
P0A9P5	Q9UDG5
P27511	E9PI54
Q8XDU4	Q13804
Q8X8Y6	Q8IY10
Q46903	Q53S28
Q8X8Y1	Q9HAZ1
P0A6Z0	Q9UNM5
A0A0H3JLN7	Q92794
P62625	Q9UDC6
Q8X8Y1	Q9H3V5
P24236	Q8N173
P77032	Q9UD42
Q8X738	P19387
Q46903	Q9UP46
Q46903	Q9Y4X2
Q8X8Y1	Q9Y4Y7
P0A6Z0	Q9JLY1
Q8X8Y1	Q9NRG4
Q8X6Y0	Q96PN5
Q46903	Q86VB3
Q9S6R3	C9J0E9
Q8XE76	Q5I0G0
P0A6Z0	Q9UL46
P63285	Q92524
P78242	Q6IAY3
P0A6Z0	Q9BZL7
P77032	Q99649
Q46903	Q8IV34
P24236	Q9Y361
P62625	Q53SL0
Q8XE76	Q9BXB3
P0A6Z0	Q96Q20
Q8X8Y6	Q9H1E9
Q46903	Q5VYE8
P0A6Z0	Q96E97
Q8XDU4	Q9UHL1
P62625	Q96PR5
Q8XE76	Q8NHX1
Q8XE87	O00487
Q8X6Y0	Q9NNX6
Q8XE76	Q9UP19
Q8X8I2	Q9H4W8
P0A6Z0	Q14CQ9
Q46903	Q9Y3M2
Q8XBL2	Q5TZC0
Q8X6Y0	Q9NP28
A0A0H3JH37	Q9UND5
Q46903	Q9UN83
Q46903	Q93079
Q8XE76	Q96H59
Q8XE75	Q9Y2D3
Q8XB09	Q7KYV3
Q8X8Y6	Q9UM99
A0A0H3JH37	Q8N513
Q46903	Q9UJW0
P62625	P26006
P0A6Z0	Q9NVA5
P0AFB6	Q6FHX3
A0A0H3JH37	Q9Y684
P77032	P46940
A0A0H3JH27	Q9UC32
Q8XB09	Q969R0
P0A6Z0	Q9UCT8
P62625	Q9UM26
P0A6Z0	Q96J60
P0A6Z0	Q8WWN9
P0A6Z0	Q9NQM6
P24236	Q5U0M8
P0A6Z0	Q9UDA7
Q8X8Y1	Q5PSV3
A0A0H3JH37	Q45F99
Q8XBL2	Q8TBP8
Q8XE76	Q15796
A0A0H3JH27	Q9NWD2
Q8X5S5	Q5T3P9
Q8X8Y6	P36873
P0AFB6	Q6DHZ3
Q8X8Y6	Q9P0J8
Q8XE76	Q9BVU8
P62625	Q7M4P1
P24236	Q96E63
Q8X6Z5	C9J0E9
P62625	Q5TC33
Q8X8I2	Q96AF6
Q8XE87	Q9BTB4
Q8X8Y1	Q9NWD2
P0AFB6	Q6LES0
Q46903	Q9UBV8
Q8X8Y6	P05121
P0A6Z0	Q9UM82
Q8X8Y6	Q9BUG3
P0A6Z0	Q969J9
Q8X8I2	O43150
P62625	Q96GT0
Q8X5S5	Q9UCZ5
Q8X8Y1	Q9UII8
P24236	Q9UG63
Q46903	Q9NSR6
Q8XA65	E9PI54
Q46903	Q9UCZ5
P0A6Z0	Q9NU86
Q46903	Q9UBE8
P0A6F7	P48643
P0A6Z0	Q9BV69
P0A6Z0	Q9NSV4
P10413	O14562
P62618	Q53ES8
Q8XE87	Q7Z721
P62618	Q9UQL6
P0A6Z0	Q9UQ81
Q8XE76	Q9UG86
P24236	Q9BST0
P11457	Q9BVW2
P62625	Q9UDJ6
P24236	Q5VVL8
P0A6Z0	A6NFM0
Q8XE76	Q8TAT3
P0A6Z0	Q9UCG3
Q8XCF5	O14562
Q8XBL2	Q9H4W8
Q8X6Y0	Q9UE19
Q46903	Q9BUN4
Q8XBD5	Q9UC02
Q8X6Y0	Q9HCU0
P62625	Q96NT4
Q8XE76	Q9UFF4
P62625	Q2M3B4
P24236	Q9BUB5
Q8XE76	Q9Y684
Q8X6Y0	Q9BQA4
P0A6Z0	Q53XM1
Q8XE76	P0CW22
Q8XA65	Q8NI95
Q8X6Y0	Q8NEN8
A0A0H3JH37	Q9UKV5
P62618	Q9UEU9
P24236	Q8NF13
P24236	Q15831
Q46903	Q13804
Q8XE87	Q9BUR0
P0A6Z0	Q9UMD2
Q8XE76	Q99762
P62618	Q9Y352
Q8XE76	Q9NRY3
Q8X6Y0	O95837
Q8X8Y1	Q9Y5V2
Q8X6Y0	Q9UCS7
Q8X8Y6	Q9UDQ2
Q46903	Q15816
P0A6Z0	Q8NHS2
A0A0H3JK76	Q5M8S9
Q8XA14	Q8NI95
Q8XE87	Q5VVL8
P0A6Z0	Q8IZL5
P0A6Z0	Q8WUB0
A0A0H3JH37	Q9UPF9
Q8X9G2	Q92794
Q46903	Q9UKK8
Q8X6Y0	P22083
Q8X5S5	Q9NRH9
Q8XE87	Q96I38
P62625	Q96I38
P24236	Q9NPL3
Q8XBS3	Q13804
Q8XE75	Q53X14
Q8XE76	Q9BRB5
P0A6G1	Q9UDH0
P0A6Z0	Q9UQF2
Q46903	Q12982
P0A6Z0	Q9UMT8
P78242	Q6NX41
P62625	Q9UGF1
Q8XCF5	Q96IN5
Q8X8Y1	Q9UDR7
P62618	Q15816
Q46903	Q96J47
P0AFB6	Q8WU70
Q8X9L0	Q9UQ90
P62618	Q9UQN5
Q8XE87	Q53QM4
P0A6Z0	Q9UK67
P0A6Z0	Q5HYA4
Q46903	Q9H0S0
Q8XE75	Q9Y317
A0A0H3JH37	Q9UEU8
P62618	Q9UBF8
Q46903	Q5TZP9
P32168	Q9BWA8
Q8XE76	Q7RU02
Q8XB09	Q2M1Z4
Q46903	Q9UQD1
P0A966	P78315
Q8X7Y4	Q24JU2
Q8XE76	Q9NTK8
P33938	O14562
P0A6Z0	Q6LER8
Q8X8Y6	Q706C1
A0A0H3JH37	Q9Y6T3
A0A0H3JK76	E9PI54
Q8X8Y1	Q86YJ2
Q8XE87	Q9UCV7
Q8XBL2	Q969Z9
Q46903	Q96G93
Q8X8Y1	Q5VW80
Q8X8Y1	Q9UBE8
P80449	Q00007
Q8XE41	Q9UDU6
Q8XE76	Q9UDJ4
P0AFB6	Q9UDJ4
Q8XE87	Q9UCA1
P62625	Q92767
Q8XE87	Q7Z569
A0A0H3JH37	Q53XN9
Q46903	Q8N422
Q8XE76	Q9Y3T2
Q8XA14	Q9Y2K2
A0A0H3JH27	Q9UCA1
Q46903	Q969S4
P62625	Q9UG63
Q8X8I2	Q96CX7
Q8XBS3	Q5M8S9
A0A0H3JH37	O00487
Q8XE87	Q9H0F6
A0A0H3JH27	Q8IXZ5
Q8X8Y1	Q9Y589
Q8X8Y6	Q32ML5
P0A9P5	O43396
Q8XE76	Q9Y535
Q8X6Y0	Q9UD26
Q8XE75	Q53EQ8
P62618	Q8TE58
Q8XE76	Q8NB68
P62625	Q5TZX1
P62618	P62273
Q8XE76	Q9NU86
Q46903	Q9UE81
P62625	Q9UH35
Q8XE87	Q5EE02
P97542	Q9UDI3
Q8X6Y0	Q5U0M8
Q46903	Q6I9S4
P62618	Q8IW95
P0A6Z0	Q9BTD4
Q8XE76	Q5SRH4
Q8XE87	Q9H682
Q8XE87	Q52LW0
P62618	Q8N721
P0A6Z0	Q96PX3
P62618	Q6FHY1
P11457	Q9NUU9
Q8X6Y0	Q8IVA6
Q46903	P51687
Q8X5U9	O14562
Q8X6Y0	Q8TD70
P41405	O14562
Q46903	Q8N256
Q8XBL2	Q3LHW8
A0A0H3JH27	Q9Y4X2
P62625	Q9NQG5
Q8XBD5	Q53QM0
P62625	Q9H1D7
P62618	Q9P2W2
P0AGB5	Q96AT7
P62625	Q9UII8
Q8X996	Q9Y6V7
Q8XE76	P51668
Q8XBL2	Q5T1G3
Q46903	Q9UH31
Q8XE87	Q8NE16
P0A6Z0	Q9UDF3
Q8XE76	Q9NY42
P0A6F7	Q9UDH0
Q46903	Q9H070
P0A6Z0	Q53X65
Q8X6Y0	Q9NU86
Q8X6Y0	Q9UBV8
P62625	P62273
P0A6Z0	Q9UNU3
Q8XE87	Q9HAP4
Q8XE87	Q9NP28
Q8XA65	Q92794
P97542	Q9BS70
P62625	Q5VX94
Q8XBL2	Q9BWA7
Q8XE76	Q9UE72
Q46903	Q8IYW3
Q8X8Y1	Q9UIL0
P58357	Q9NQT8
P24236	Q9UMR1
Q8X7Y4	Q9UD21
Q8X8Y1	Q96GA7
P62618	Q9UM56
P62625	Q9UPN7
P0A6Z0	Q3T1A4
Q8XE87	Q9BSC8
Q8XE76	Q9BQQ3
P62625	Q9UDR7
P62618	Q96J60
P24236	Q9UP74
P62625	Q53XV2
A0A0H3JH39	A0A3B3ISY8
P0A6Z0	Q585T8
P24236	Q99683
Q9R2E4	Q9UHD1
Q8XE76	Q9UBS6
P62618	Q9UFU3
Q8X6Y0	Q6Y288
A0A0H3JLN7	O14562
Q8X9G2	Q9UQ61
P24236	Q9UM06
P0A6Z0	Q5D0C4
Q8XE76	Q9H240
Q8XBL2	Q9H8Y2
P10413	A0A3B3ISY8
P33938	Q00007
Q46903	P35568
P0A6Z0	P26651
Q8X6Y0	Q96NS4
P0A6Z0	Q59GZ4
Q8X8Y6	Q6FGE9
P77380	Q15596
Q8X8Y1	Q9UC20
P0A6Z0	Q9UPN7
Q46903	Q8N193
P24236	Q9UM55
Q8X8Y1	Q96BD9
Q8XBS3	Q9UGF1
A0A0H3JH37	Q2V575
P0AFB6	Q15282
P0A6Z0	Q9UQD6
P0A6Z0	Q8WYM6
P24236	Q5T3P9
A0A0H3JLN7	Q15596
Q8XE76	Q59EW4
P62618	Q53SL0
Q9R2E4	Q9H905
Q8XE75	Q9UFK3
P11457	Q5JSM2
Q8X7Y4	Q9Y6R5
Q8XE76	Q9ULS8
P24236	Q9H240
Q8XE76	Q14CQ9
A0A0H3JH37	Q6FG87
P0A9P5	Q9BRA6
P0A6Z0	Q9Y243
P0A6Z0	Q9HAV7
P0A6Z0	Q6FHV0
Q8X6Y0	Q9NQD9
P11457	E9PI54
Q8XE87	Q9Y3T2
Q8XBL2	Q16472
Q8X5S5	Q9UM26
Q46903	Q9BQF0
Q8X8Y6	Q9Y6M4
P62618	Q9UJL3
A0A0H3JH37	Q9UP19
Q8X7Y4	Q53X14
P62625	Q9P2N4
P0AGB5	A0A3B3ISY8
P0AFB6	Q96AH8
Q8XE87	Q71UI9
P62625	Q15831
P0AFJ6	Q9H2B9
Q8X6Y0	Q86XE6
P62618	Q9UJW0
P97542	A0A3B3ISY8
Q46903	Q8IVG8
P0A6Z0	Q96D14
Q8XE87	Q8WYK4
Q8XA14	O14562
A0A0H3JH37	Q86TL9
P32168	E9PI54
Q8XBD5	Q99556
Q8X8Y1	Q9H023
Q8XDU4	A0A3B3ISY8
P24236	Q8WZ63
P0A6Z0	Q9UCZ8
Q46903	Q96G29
Q46903	Q9UQ96
Q8X5U9	Q9UG63
Q8X8Y6	Q9NSA7
P0AFB6	Q9NRY4
P62625	Q9UD72
Q8XB09	Q8NDC7
Q46903	Q9UM06
P77032	Q99814
Q8X8I2	Q5T1G3
P24236	Q9P056
Q8X6Y0	Q706C1
Q8XE87	O95818
Q8X8Y1	Q96PR5
Q8X8Y6	Q9UCG7
P41405	Q9BUR0
A0A0H3JH37	Q9UG63
Q8X8Y1	Q53XV2
P24236	Q8IWT4
P62625	Q96RQ9
Q8XE76	Q6FHY1
Q46903	Q96JT8
P0A6Z0	Q9UER7
Q46903	Q5D0C4
Q8XBL2	Q96J55
Q8XBD5	P78315
Q8X996	Q99767
P0A6Z0	Q9Y2Z0
Q8X8Y1	Q9BTK9
Q46903	Q9HB61
P77032	C9J0E9
Q8X6Y0	Q14520
A0A0H3JH37	Q9NS91
Q8XE75	Q9H905
P0A6Z0	Q9UCT6
P0A6Z0	P12004
Q46903	Q92491
P24236	Q9ULP9
P0A6Z0	Q92769
Q8X8Y6	Q9UDJ4
P62625	Q3LHW8
Q8X5U9	Q96AT7
Q8X9G2	Q9Y6Q9
P62618	Q9UM99
Q46903	Q706C1
P24236	Q14258
Q8XE76	Q4JHT4
P24236	Q96AK7
Q8X8Y6	Q8IZW2
P62618	Q53XR9
Q8XBS3	Q9NQT8
Q46903	Q9UNH4
Q8XE76	Q9UBF8
Q8X8Y6	Q92650
P0A6Z0	Q96CL1
P0A6Z0	P09601
A0A0H3JH37	Q99746
Q8X8Y1	Q92515
Q8X6Y0	Q9UM99
Q8XBL2	Q8WWN9
A0A0H3JH37	Q8WV25
Q8X6Y0	Q96GP7
Q8XB09	Q9Y6Q9
Q8XE76	Q9UNY7
Q8XE87	Q7Z743
Q8XE87	P22681
Q46903	Q99639
A0A0H3JH37	Q9GZZ9
P32168	Q7Z3U4
A0A0H3JH37	Q9NUW3
P24236	Q99639
P0A6Z0	Q5TDQ8
Q8X6Y0	Q9UHK0
Q8X8Y6	Q92794
Q8X8Y1	Q9H324
P24236	Q6IBH9
P77032	Q9NTK6
Q46903	Q9P060
A0A0H3JH37	Q9BS41
Q8X8Y6	Q969T5
A0A0H3JH37	Q9UFP7
P0A9P5	Q9Y6N5
Q8XE87	Q13524
Q46903	Q6IBD4
Q8X8Y1	Q14595
P0A6Z0	Q9Y6B6
P0A6Z0	Q8WVJ5
Q8XE76	Q9NQE6
P0A6Z0	Q13809
Q46903	P19387
P77380	Q99743
P24236	Q9UQM1
Q8XE76	Q9UCC6
Q8X8Y6	Q2M1L9
Q46903	Q969T5
Q8X8Y1	Q9BXZ8
Q8X8Y1	Q9UP80
A0A0H3JH37	Q96PX3
Q46903	Q53EP3
Q8XA14	Q9UPI9
Q8X770	Q9UQ61
P24236	Q7RU02
Q46903	Q9NYB8
Q8XE87	Q5U035
Q8X6Y0	Q9NQ11
Q8XBD5	Q61516
Q8X8Y6	Q8TE58
Q46903	Q59EW4
Q8XB09	Q9UHW5
A0A0H3JH37	Q9UJV2
P0A6Z0	Q8IWX7
Q8X770	Q2M1Z4
P97542	Q5T3P9
P62618	Q8IUI1
Q8XBS3	Q9Y6Q9
P63285	A0A3B3ISY8
Q8X6Y0	Q96IN5
P24236	Q9BWL1
P24236	P36507
Q46903	X6R433
P0A6Z0	Q9UDU6
P24236	Q8N679
Q8XE87	Q9UNB3
P63285	Q5U098
Q8X738	Q9UQ61
P62618	Q99743
Q46903	Q9UIQ4
P62618	Q9UFK3
P62618	Q9H905
Q46903	Q96C51
Q8X7Y4	Q9UJV6
Q8X8Y6	Q7L5N1
P26601	H9KV45
Q8XE76	Q3MJE7
Q8XE76	Q9UJ40
Q8XE87	Q8NB68
Q8X8Y6	C9J0E9
Q8XE76	Q86VB3
Q8XBL2	Q9BVY5
Q8XE87	P62857
P0A9Q3	P19387
Q8XA14	Q9BU83
Q8X770	P19387
P62625	Q8N1A5
Q8XE76	Q9Y4E4
Q46903	Q96FJ2
P24236	Q96LT7
Q8X8Y1	Q99497
P0A6Z0	O14562
Q8X8Y1	Q8N173
Q8XBD5	Q9Y659
P0A6Z0	Q5JP00
A0A0H3JH37	Q5T4L6
Q8X7Y4	Q9UKE5
A0A0H3JM80	Q9UHW5
Q8X6Y0	Q9UG63
Q8XBS3	O14562
Q46903	Q9H9Y6
P0A6Z0	Q8NBG5
Q8X8Y1	Q8TE56
Q8XC03	P21854
Q8XE76	Q8N5C8
A0A0H3JH37	Q5EE02
Q8XE87	Q9UM54
P0A6Z0	Q7KYU9
Q46903	P46934
Q8XE87	Q9P152
A0A0H3JH37	Q53ES8
P24236	Q9C0K3
Q8XBS3	Q9GZS1
Q8XE76	Q9UK02
P0A6Z0	Q9P0M5
Q8XCF9	Q9UPB1
Q8X8Y6	Q9Y2G2
A0A0H3JH37	Q8WWN9
A0A0H3JK76	Q99743
A0A0H3JH37	Q9P2Z3
A0A0H3JH37	Q2M1L9
P0A6Z0	Q93042
Q8X8Y1	Q2M1L9
A0A0H3JH27	Q9UNA0
Q46903	Q9UIF0
Q8X6Y0	Q8IYI7
P0AGB5	Q8TCW5
Q8XE87	Q9UM56
Q46903	P43405
Q8X8I2	P20132
P24236	Q9UBE8
P0A6Z0	Q9UJ39
P62618	E9PI54
P97542	Q9Y6R5
A0A0H3JH39	Q9UHW5
P0A6Z0	Q9Y2X3
P24236	Q8IY10
A0A0H3JH37	Q6UWL3
Q8XA65	Q96MX6
Q46903	Q6ZP89
Q46903	Q9UD85
P32168	P78339
P63285	Q96J55
Q8XE87	Q9UJV6
Q8X5U9	A0A3B3ISY8
Q46903	Q92934
Q8X8Y1	Q96GT0
Q8XE87	Q9UEU8
A0A0H3JH37	Q92767
Q8XBD5	Q99558
P0A6Z0	Q9UQL6
P41405	Q8NG46
P0A6Z0	Q96QM6
Q8X8Y1	Q9Y6L8
P0A6Z0	Q9BR72
Q8XE87	Q13637
Q46903	Q9UEN7
Q8X6Y0	Q9UII1
Q8X8Y1	Q7M4P1
P32168	Q8TBD1
Q8XE75	Q5VW80
P24236	Q9UP79
P10413	E9PI54
P0A6Z0	P78315
Q8X6Y0	Q53XR9
Q8X6Y0	Q9NPK2
P62625	Q9UDU9
Q8XE76	Q8NEN1
P69492	Q5BKT2
Q8XE75	Q2XNF2
Q46903	Q96RJ1
P0A6Z0	Q9BYV0
Q46903	Q08752
Q46903	Q5FC12
Q46903	Q4VBP8
P24236	Q9BWA3
Q8XE76	Q8IYN8
Q8XE76	Q99474
P62618	Q5T3P9
Q8X9G2	Q969R0
P0A6Z0	Q9Y4K3
Q8X6Y0	Q9NRF7
A0A0H3JLN7	Q8NDC7
P62625	Q96PM2
Q8X9L0	Q9BWZ9
Q46903	Q2PP16
A0A0H3JH37	A6NFM0
P0A6Z0	Q8N2S1
P0A6Z0	Q9Y6B7
Q8X6Y0	Q9Y5S8
Q8X996	O14562
Q8X8Y1	O43150
P0A6Z0	Q99407
Q8X8Y1	Q4JHT4
Q8XDU4	Q8NDC7
Q46903	Q9UQI9
A0A0H3JH37	Q9P0J8
P62625	Q75MC9
P24236	O95396
P0A6Z0	Q9NZX9
P62625	Q5T3P9
P62625	Q9H023
Q8XE58	Q2I102
P62625	Q59GZ4
P24236	Q9NQD6
Q8X6Y0	Q9H001
Q8XBS3	Q99883
P32168	O14562
P0A6Z0	O15212
Q8X6Y0	Q9H1P2
P0A6Z0	Q5EEX2
Q46903	Q9BZY3
A0A0H3JH37	Q9H3I2
Q8X5S5	Q14595
Q8XE76	P62273
Q46903	Q9UFX3
P24236	Q5VX94
P62618	Q00722
P62625	Q14595
P62625	Q9NYX8
P24236	Q59GZ4
P62625	Q9UC32
Q8XE87	Q96BD9
Q8XE75	Q96AF6
Q46903	Q9BR64
Q8XE87	Q96D10
P24236	Q9UKC4
Q8X8Y1	Q8IXL4
Q8XBL2	Q15679
P0A6Z0	Q05CA4
Q8X8Y6	Q5TZP9
Q46903	Q9Y6B7
Q8XE76	Q9UMV4
Q8XE76	Q96NT4
Q8XE87	Q9H001
Q46903	Q9UJ43
P24236	Q9UDI1
Q8X8I2	Q96G29
P41405	Q9UPB1
Q8X6Y0	Q00005
P0A6Z0	Q32N00
Q8XE76	Q7Z4L6
A0A0H3JH37	Q9UIQ7
Q8XE76	Q86VU3
Q46903	Q8TDK9
Q46903	Q8WW75
Q8XE87	Q6FI99
Q8XE87	Q9NRY4
A0A0H3JK76	A0A3B3ISY8
P0A6G1	Q6IAT3
Q8X8I2	Q15286
Q8XE76	P62249
Q46903	P31323
A0A0H3JH37	Q5U0M8
P62618	Q96GA7
Q8X8Y6	Q8TBP8
P62618	Q96FB0
P0AFB6	Q6FHV5
P0A6Z0	Q9UPH0
P62618	Q99746
Q8X6Y0	Q9Y270
P0A6F7	A0A3B3ISY8
P0A6Z0	Q9Y6R5
P62618	Q9H4W8
Q8XE87	Q9UL53
P0AFB6	Q6IBD4
P0A6Z0	Q99806
Q8X8Y6	Q9UKQ5
Q8XE76	Q9UM56
P24236	Q1RMY8
Q46903	Q9BV98
Q46903	Q6IAS3
P24236	Q96JB0
Q8XE76	Q02750
A0A0H3JH39	H9KV45
Q8XE76	Q15816
P24236	P02708
Q8XE76	Q96CX0
P58357	A0A3B3ISY8
P24236	Q8NHS2
Q46903	Q9NZ42
Q8XE76	Q6ICN3
A0A0H3JH37	Q9UL53
Q8XE76	Q9BS04
Q8XE41	P07478
Q8X7Y4	Q8IY91
P62618	Q61516
P62625	Q9UJW0
P62625	Q8IYI7
P0A6Z0	Q9BUM5
P62625	J3QS46
A0A0H3JH37	Q9UDJ6
P0AFB6	Q92759
Q8X8Y6	Q9NRG4
P63285	P62195
Q8XB76	Q7KYV3
Q8XE76	Q9P2N4
P24236	Q9UFU3
Q8XE76	Q6ISB5
Q8X6Y0	Q9H787
A0A0H3JH37	Q9P2Y6
Q8XE76	Q9UKV0
Q8X8Y6	Q9UCE0
P0A6Z0	Q9P2P3
Q8XE87	Q6FHV5
Q8X8Y6	Q8IWU9
Q8XE87	Q9UCS7
P24236	Q9UDR7
Q8X6Y0	Q8TD38
P24236	Q9UHW5
P69492	Q8NEN1
P0A6Z0	Q9BZ04
P0A6Z0	Q99762
Q8XE76	Q9UQH5
P62625	Q7Z569
P77380	Q8N1A1
Q8XE76	Q86W79
Q8X996	Q14191
A0A0H3JH37	Q2M249
P0A6Z0	Q9NWD2
P24236	Q9ULH1
A0A0H3JH37	P62273
A0A0H3JIX3	Q14600
Q46903	Q6IAS5
P97542	Q8TAA3
Q8XE76	Q96JT8
P62618	Q96AT7
P0A6Z0	Q7KYV3
Q8XE76	Q5TC39
P26601	C9J0E9
P78242	Q6FHX3
A0A0H3JH37	Q9UCL4
Q8XE76	Q96CX7
Q8X8Y1	Q8WUB1
Q8XE87	Q9ULG4
Q8X8Y6	Q6LEF0
P0A6Z0	Q96A08
P62625	Q9BQ17
Q8XE87	Q9Y6B6
P0A6Z0	O60884
Q46903	Q9UQB3
P0A6Z0	Q9Y5T5
Q46903	Q9BQ21
P62625	Q96B09
Q8X8Y1	Q9Y2K2
P0A966	Q96IN5
P78242	Q9BS41
P0A6Z0	Q9NS92
P0A9Q3	Q5T3P9
Q8XE76	Q9Y6S2
Q8X8Y6	Q8N922
Q46903	Q9BW54
Q8X9G2	E9PI54
P62625	Q13233
Q8XE87	Q5HYA4
P62618	Q9Y4K4
Q8X8Y1	Q9H787
P0A6Z0	Q96PR7
Q46903	Q86UK1
A0A0H3JH37	Q9UMV4
P24236	Q9H1A8
Q8X6Y0	Q32ML5
Q46903	Q9UFB8
Q8XE87	Q9JLX1
Q8XE76	Q96BN0
P97542	Q9UEU8
Q8X5U9	Q92759
P62625	P04083
Q46903	Q9P1X9
Q8X6Y0	Q9UND5
P0AGB5	Q9BRP7
P0A6Z0	Q86X74
P0A6Z0	Q9BT99
Q46903	Q9UDJ2
Q8XB76	Q96AT7
P0A6Z0	P49915
Q46903	O14562
Q8X6Y0	Q6P2P6
Q8X8I2	Q5TDQ8
Q8XE87	Q4JHT4
Q8X8Y6	Q8TAC2
P0A6Z0	Q9Y297
P62625	Q6DK23
P62625	Q9H4W8
P0A966	A0A0G2JPW3
P24236	Q9UM56
P0AFB6	Q6IAY3
P62618	P02708
P0A6Z0	Q8IVG8
Q8X517	P21854
Q8X6Y0	Q9HD25
Q8X8Y1	Q86X73
Q9S6R3	Q9BQ21
Q8XE87	Q9NYE6
Q8XA65	Q9UK02
P41405	Q99649
Q8X7Y4	Q9H905
Q8XE87	Q9UHK0
P62625	Q9UE19
P62625	Q5T4L6
P24236	Q9P079
Q8XE76	Q9Y5U3
P62618	Q8IV83
P24236	Q9UJ39
P0AGB5	Q5T3P9
Q8X5S5	Q9UJ40
Q8XE87	Q9Y535
P62618	Q9NYX8
P0A6Z0	Q9NZ70
Q8X8Y1	Q8NEN1
P62625	Q5U0M8
Q8X8I2	Q9Y4E4
P62618	Q6DK23
Q8XE87	Q8WZ63
Q8XE87	Q96J60
P24236	Q99556
Q46903	Q96J55
Q8X7Y4	O43396
P62625	Q5EE02
P0A6Z0	Q96J19
Q8XA14	Q99608
Q8X8I2	Q96CX0
Q46903	Q9ULE9
Q9R2E4	Q9UE19
A0A0H3JH37	Q9UK80
P0A6Z0	Q9P2S4
Q8X6Y0	Q96I12
Q8X996	Q9BWF5
Q8XE87	Q2M249
Q8XE76	Q9UPF6
P62618	Q99672
P0A6Z0	Q92976
P0A6Z0	Q9UJ69
A0A0H3JH27	Q9H3V5
P69492	Q5JPS6
A0A0H3JH37	Q5TZX1
A0A0H3JH37	Q8IV83
Q8XB76	Q2M1Z4
Q8XE76	Q6IAY3
Q8XE75	Q9UKE5
Q8X8Y6	Q14178
P0A6Z0	P58876
P0AFB6	Q8NI07
Q8X6Y0	Q5JQT5
Q8XE87	Q9UJZ0
Q8XE76	Q5VYE8
P0A6Z0	P67775
A0A0H3JH37	F5H5P2
P0A6Z0	Q8WLP6
P24236	Q9UDH8
Q8XBL2	C9J0E9
Q8XE58	Q92747
P0A6Z0	Q9UJM7
P0A6Z0	Q9UGM4
Q46903	Q6LCP6
P41405	Q13804
P24236	Q585T8
P0A6Z0	Q9BVT3
P0A6Z0	Q9UIV3
Q46903	Q96PX3
A0A0H3JH37	Q75MM2
Q8X6Y0	Q9P2H4
P24236	Q9H8Y2
Q8XBL2	O43150
Q46903	Q9UPF9
Q46903	Q6IAY3
Q46903	Q9UGA4
Q8XE76	Q9BUQ8
P0AES7	Q71V76
P0A6Z0	Q9UPC0
P0A6Z0	P19387
P24236	Q9UH41
Q8X8Y1	Q9UJB1
P11457	Q5T3P9
Q8XE76	P30086
Q46903	Q6IBD1
Q46903	Q9NSL1
P0A6Z0	Q71U36
Q46903	Q02750
P0A6G1	Q4VBP8
Q8XDU4	Q2M1Z4
Q8XE75	Q9Y4K4
P62625	Q99883
P62625	Q6NW19
Q8X7Y4	O95396
P24236	Q9BSB1
P62618	Q8WUB1
Q8XE87	Q8N422
P24236	Q9BWA7
P62618	Q9NR70
Q8X8Y1	Q9Y6X0
Q8XE87	Q9BVY5
Q8XE87	Q6DHZ3
P24236	Q9UMM7
Q8X6Y0	Q5TC39
Q8XE76	Q96RH1
Q8XE76	Q9BZK6
Q8X9L0	A0A1W2PQS6
P77380	Q9UGF1
Q8XE76	Q8IV83
P0A6Z0	Q9NYB8
Q8XE87	Q9UCH2
Q8XE87	Q5FWF0
Q8X8Y1	Q9UP74
P0A6Z0	Q9UMA3
Q8XE87	Q7RU02
Q46903	Q99804
P0A6Z0	Q9UP19
P0A6Z0	Q9UMF9
Q8X8Y1	Q96J60
Q8XE87	R4I4T5
Q8X8Y6	Q96FX4
P97542	Q96J55
P62625	Q93076
Q8XE87	Q0VGC7
Q8XE76	Q53EP3
Q8X8Y6	Q9UEW1
P24236	Q8N2S1
Q8XCF9	Q5T1S7
P62625	Q9NP28
Q8XE76	Q9UQD1
Q8X6Y0	Q9Y253
A0A0H3JH37	Q8NHS2
P0A6Z0	Q8WV25
Q8XE87	Q9P2H4
P62618	Q13904
A0A0H3JH37	Q8TC14
Q46903	Q9NUC9
Q8X8Y1	Q16841
Q8X5S5	Q96MX6
P24236	Q86UQ7
P62618	Q9UNW5
P62625	Q6FHX3
P24236	Q6FGZ6
Q8XE87	Q5T3P9
P62625	Q8WVV7
P0A9Q3	O14562
Q8X6Y0	Q9H8Y2
P62625	Q5TC39
Q46903	Q8TAJ6
Q46903	Q9UPZ2
P0A6Z0	Q9UFX3
Q8XE87	Q9UK80
Q8X8Y1	P62273
Q8XE87	P62249
P24236	Q9NS91
P24236	Q96K94
Q46903	Q8N173
Q8XE87	Q8N3Z2
Q8X6Y0	Q9H9B1
Q46903	Q3T1A4
Q8X7Y4	Q9Y234
A0A0H3JH37	Q9Y6X0
Q8X8Y1	Q4G0A9
Q8XE76	Q53HK3
Q8XE87	Q7Z3D1
Q8XE87	P10147
Q8XE87	Q5T1G3
P0A6Z0	Q6ZP89
Q8XE76	Q6FGY6
A0A0H3JLN7	Q9GZS1
Q8XE87	Q9UC32
P62618	Q9UKV0
P62625	O43396
P0A6Z0	Q8IW95
Q8X770	E9PI54
P0A9P5	Q5VVL8
Q8XA14	P26038
P0A6Z0	Q587I7
Q46903	Q9BQE7
P24236	Q96RH1
Q46903	Q9UFH4
P62618	Q5U0M8
Q8X8Y1	P63220
Q46903	Q8WUZ7
A0A0H3JH37	Q6DK23
Q8X8Y6	Q15831
Q8XE87	F8W876
P32168	Q86VH9
Q9S6R3	Q99762
Q8X6Y0	Q52LZ6
Q46903	Q96CW1
Q46903	Q9Y5U3
A0A0H3JH37	Q8TE57
Q8XBL2	P43234
Q46903	Q92533
P0A9P5	Q9H2F1
Q8X7Y4	Q92515
P24236	Q6LD15
Q8X6Y0	O95453
Q46903	Q9HCX9
Q8X8Y6	Q96NT4
Q8XE87	Q9H3P3
Q8X6Y0	Q14258
Q8X9G2	Q9UGF1
Q8X8Y6	Q8NEN1
Q8XA65	Q5T3P9
Q8X5U9	E9PI54
P62618	Q9BU31
Q8X5S5	Q8N1A4
Q8XDU4	Q9UHW5
Q46903	Q9UNN0
P0A6Z0	Q5VYE8
A0A0H3JH37	P04083
P69492	Q5T3P9
Q8X8Y1	Q9UJ43
Q8X6Y0	P51965
Q8X8Y6	Q9UHH9
P0A6Z0	Q8IXU7
Q8XE75	Q99762
Q8XE76	Q8N5C5
Q46903	Q9P102
Q8XE76	Q29R80
Q8X8Y6	Q96AF6
Q46903	Q96PY5
P62625	Q9UC41
P62618	Q9BW98
Q46903	Q9NSE9
P0A6Z0	Q6FGB5
Q8XE87	Q9BQ32
P63285	Q9Y4K4
Q8XE76	Q0VGC7
P0A6Z0	P25685
P0A6Z0	Q5HY69
Q8X8Y1	Q9UJ40
Q8X8Y6	Q9UGF1
P24236	Q9P2Z3
Q8XE41	Q9Y270
Q46903	A0A3B3ISY8
Q8X7Y4	O00399
Q8XBS3	Q8NC92
P62618	Q9UP19
P0A6Z0	Q9BWR0
P62618	Q9UMD2
P0A6Z0	Q8WW06
Q46903	Q92558
P0A6Z0	Q9P2F2
P0A6Z0	Q9UPT6
P62625	Q99444
Q8X6Y0	Q9UJV2
Q8X9L0	Q9UEU8
P62625	Q3MJE7
Q8XCF9	Q7KYV3
P62625	Q9BXZ8
P0A6Z0	Q7Z5G6
P0AFB6	Q96IN5
P0A6Z0	Q9UHH9
Q8X8Y6	P24386
Q8XE76	Q6IBM5
P97542	Q5HY69
Q8XE87	O43513
Q46903	Q9UNP3
P97542	Q6IBF7
Q8X6Y0	P78366
P62618	Q8TBI9
Q8XE76	Q8IUE5
Q8XBS3	Q969R0
Q8XCF9	Q15596
Q8XE87	Q9UCQ3
P0A6Z0	Q9UMV0
Q46903	Q9C0H9
Q8XE87	Q8IYI7
P0A6Z0	Q9C0H9
Q8XE87	P26006
Q8XE76	Q16841
P24236	P05386
Q8X9L0	Q9UKU7
Q8XE76	Q96IM1
P0A6Z0	Q9NX09
P11457	P78339
Q8XBD5	Q14191
P0A6Z0	P18849
Q8X8Y1	Q8WW06
P0AFB6	Q9BQ44
P62625	Q8WWI9
Q8X8Y1	Q99646
P0A6Z0	H0Y8J7
P24236	Q9UCF3
Q8XE76	Q8WWN9
P62618	Q9UIL0
Q46903	Q6P9A9
Q8XCF9	Q99743
P0AES7	Q52M96
P0A6Z0	Q9UFP7
P24236	Q96TF9
P0AFJ6	Q6IB60
Q8X6Y0	Q9UNT4
P0A9Q3	Q2M1Z4
Q46903	Q6FHD7
P0A6Z0	Q96RE4
A0A0H3JK76	Q99649
Q46903	Q6P2G4
Q8XE87	Q9BWA3
P62618	Q96CX7
P24236	Q9H7P2
Q8XB09	E9PI54
Q8X8Y1	Q5TC39
P0A6Z0	Q9HAP7
Q8XBL2	P32969
Q8XE76	Q52LW4
P0A9Q3	Q9GZS1
P97542	Q96J48
P62618	Q86XE6
Q8XE76	Q9Y254
Q8XB09	Q9GZS1
P0A6Z0	Q9Y492
P62625	Q9UQ70
Q8XE76	Q9NQU5
P0A6Z0	Q6FGI8
Q8X6Y0	Q9Y697
P58357	Q9UQ61
Q8X8Y1	Q8IW95
Q8XE87	Q9NWD2
P24236	Q5JPS6
Q8XE75	Q9UNG5
Q8XE87	Q6Q317
P62618	Q8N5C8
Q8XE87	Q9BSH6
P0A6Z0	Q9UQ96
P62625	Q9P2Y6
Q8X6Y0	Q96J55
P0A6Z0	Q99880
Q8XA14	Q9Y5L9
Q8X8Y6	Q96E13
Q8X8Y1	Q9BTD4
Q8X8Y1	Q9NR70
Q8X8Y1	Q9UJW0
Q8XE87	Q9UBV8
Q8X8Y1	Q96I38
P97542	Q9BWA3
Q8XA14	E9PI54
Q8X8Y1	Q9H1K3
Q8X6Y0	Q8IVR6
P62625	Q9GZZ9
A0A0H3JIX3	P35858
Q8XA65	Q96DG9
P24236	Q9P060
P62625	Q8WTS4
Q8X8Y1	Q6I9S4
A0A0H3JH37	Q9UII8
P24236	Q96DA6
Q8X9C2	Q96MX6
Q8XB09	O14562
Q8X7Y4	Q9BRB5
A0A0H3JH37	Q9UCA1
Q8X8Y6	Q59FH7
P0A6Z0	Q92885
P78242	Q6FG87
P0A6Z0	Q9UJ17
P97542	Q9UEX3
Q8X9C2	P78315
P0AES7	Q9BUQ8
P0A6Z0	Q96PQ2
P62625	Q9UCF3
P69492	Q9Y6X0
P62618	Q14258
Q8XC03	Q5T3P9
Q8X9L0	P12004
Q8X8Y1	P04083
Q8X8Y1	Q9UMV4
Q8XE87	Q6FGY6
P0A6Z0	Q6FGY6
P0A6Z0	O95818
P62618	Q86VH9
P41405	Q52LT4
Q8X8Y1	Q96A97
P0A6Z0	Q92558
P77380	Q9UD40
Q46903	Q9UKX5
P24236	O60884
P0A6Z0	Q8IWI7
Q8XE87	Q92875
Q8X8Y1	F8W876
P62618	Q9H001
P0A6Z0	P26038
Q8X6Y0	Q7Z569
Q46903	Q5U0G3
Q8XE87	Q8IVD1
Q8XE87	Q8NBG5
P0A6Z0	Q9Y2M8
Q8X6Y0	Q6NX41
A0A0H3JH37	Q9UQ70
P24236	Q9UJL3
P62625	Q9NQ11
Q8XCF9	Q8NDP8
P62618	Q9Y5V2
P97542	Q96AZ3
P62625	Q8TBL9
Q8X8I2	A0A1W2PQS6
Q9S6R3	Q6P2G4
Q8X9L0	A5LHX3
Q8XC03	Q9UK02
P0A6Z0	Q9H3R6
P24236	Q9UFP7
P11457	Q9BXP7
Q46903	Q9DAE4
P0A6Z0	Q9Y6L8
Q8X8I2	Q8N922
Q8X8Y6	Q9BVY6
Q46903	Q8WYK4
P63285	Q9UDI3
P0A6Z0	Q9H554
Q8XBD5	Q9Y6V7
Q8X6Y0	Q8N5V4
P62618	Q9UBZ9
P62625	Q9NQ86
P0A6Z0	Q9HBX5
A0A0H3JH37	Q9UC20
P24236	Q9UHH7
Q46903	Q9BRV4
P0A9Q3	Q92794
Q8XE87	Q3KPG8
Q8XE76	Q96J60
Q46903	Q9UGM8
Q8X8Y6	Q9UNU0
Q8X5S5	Q9UGA4
P62618	Q8NF13
Q8X9L0	Q5JNW4
P0A6Z0	Q9Y579
Q8XE75	Q96E22
P0A6Z0	Q99728
Q8X7Y4	C9J0E9
Q8X996	Q9H7S0
Q8X6Y0	C9J0E9
Q8X6Y0	Q5HYA4
P24236	Q9Y4G5
P0A6Z0	Q92650
P62625	Q5SRH4
Q8XE75	Q6NW19
Q8XE76	Q8TCL5
P0A6Z0	Q96J62
P0A6Z0	Q9NWE7
Q8X8Y1	Q9UIU9
Q46903	Q99968
Q8X9G2	Q99814
A0A0H3JH39	Q92759
P0A6Z0	Q9NYE6
Q8XE76	Q9BQ17
Q8XE76	Q6LEA7
Q8XE87	Q8TDX0
P0A6Z0	Q9UNU0
P0A6Z0	Q9P2P2
Q8X5S5	Q9Y4X2
Q9R2E4	Q9P1L8
P0A9P5	Q9Y6W6
Q46903	Q8IYZ5
Q8X6Y0	Q8WWN9
P58357	Q99649
Q46903	Q9H3P0
P0A6Z0	Q9Y4I3
P0AFB6	Q6NW05
Q8XE87	Q9Y5U3
Q46903	Q96PR5
P63285	Q9Y265
P0A6Z0	Q9BXR1
Q8X8Y1	Q9UCI9
P24236	Q498Y0
P62618	Q9H023
P0A6Z0	Q96E63
P77380	Q53SL0
Q8X6Y0	Q9P2A9
P62618	P22681
Q8XE76	Q706C1
P24236	Q8TDN9
P0A6Z0	Q96J55
Q8XB09	A0A3B3ISY8
P24236	Q8IW95
P62625	Q9Y6E0
P62618	Q86UQ7
P62625	Q6FG45
Q8XE76	Q9UII8
Q8X8Y1	Q9BS41
P24236	Q9BU83
A0A0H3JH27	Q13233
Q8XE76	Q92479
Q46903	Q6ICT7
Q8XE76	Q9UD95
A0A0H3JH37	Q99672
Q8XBD5	Q96EA8
Q46903	Q9BQ17
Q8XE76	Q7Z721
Q8XA65	Q9H3R6
A0A0H3JH37	Q9UGF1
P41405	Q7KYV3
Q8XE76	Q9H4B4
P0A6Z0	Q5SR49
P0AFB6	Q9BVQ5
P24236	Q9UDG2
Q46903	Q9UPB1
Q8XE87	Q96HA5
P62618	Q29R80
P24236	Q5T1G3
P0A6G1	Q96C51
Q8XE87	Q9NRG4
P0A6Z0	Q9UP97
P0A6Z0	Q9UKV8
Q8X8Y6	Q5JYJ8
Q8XE76	Q96J16
P62625	Q9UJV2
P0A6Z0	Q9H4W8
Q46903	Q58J86
Q8X996	Q71V76
Q46903	Q14332
Q8XE75	Q9Y243
A0A0H3JH37	Q9UNT4
P32168	A5LHX3
Q8X6Y0	Q8N2S1
Q8X8Y6	Q9BZW1
Q8XE76	Q585T8
Q8XC03	O60884
P0AFJ6	Q8NDC7
Q8XBL2	Q96NT4
Q8XE76	P22459
P0A6Z0	Q8WV88
Q8XE76	Q9Y4B6
P58357	P19387
A0A0H3JJS9	P21854
Q8XE76	Q9NRF9
Q8XDU4	Q9NQT8
Q8XE87	Q9UFU3
Q8XA14	Q8WUB0
P0A6Z0	Q17RZ2
P0A6Z0	Q6ICQ7
Q8X6Y0	Q9UEN7
P41405	Q16103
Q46903	Q9UQ81
P0A6Z0	Q9UD40
Q8X6Y0	Q9UHX7
P24236	Q86VI3
Q8X738	Q15596
P0A6Z0	Q8WWS8
Q8X7Y4	Q8WTQ7
P0A6Z0	Q9NXI8
Q8X9L0	Q5U098
Q8X6Y0	Q5TZX1
P0A6Z0	Q8WUM6
P24236	Q9UJM3
P62618	Q9UMK3
P0A9P5	Q2V508
P24236	Q9H1K3
P97542	Q6IB60
P41405	Q99639
P62618	A0A1W2PQS6
P24236	Q96AT7
Q8X8Y1	Q9UJL3
P24236	Q52LT4
P0A6Z0	Q9NQK5
Q8X8Y1	Q53SL0
Q8X8Y1	Q9P056
P0A6Z0	Q8IV83
P0A6Z0	Q9UC69
Q8XE76	Q3LHW8
P0A6Z0	Q9ULX4
P62618	Q32ML5
P78242	Q5JTE3
P0A6Z0	Q9Y5L1
P97542	Q5T1S7
P62618	Q96GT0
Q8X7Y4	Q5T1G3
Q8XE76	Q6IBN5
Q8XE87	Q96J22
Q8XE87	Q9UN02
Q8XE76	Q6GRF8
P62618	Q9UQ90
Q46903	Q9Y5Q1
Q8XE76	P26006
Q8XBS3	Q99649
P32168	Q5T1S7
P24236	Q9NZA8
Q8X8Y1	Q9UG63
Q8X8Y1	P31323
P0A9Q3	Q9NQT8
P10413	Q9UHW5
Q8X8Y1	Q16472
Q8XE87	P48643
A0A0H3JH37	Q9UQR1
Q46903	Q9Y4G5
Q46903	Q9Y4E4
Q8X6Y0	P49356
P0A6Z0	Q9H901
Q8XE76	Q8N191
A0A0H3JH27	Q9UIQ7
A0A0H3JLN7	Q9UQ61
P62618	Q9UGF1
Q8XBD5	Q53Y61
Q8XE76	Q8NIA4
Q8XA14	Q9BU31
Q8X8Y1	O14562
Q8XE87	Q9Y6X0
Q8XE87	Q9UD54
Q46903	Q9P1U1
P24236	Q9Y669
Q8XE75	Q9NRR6
A0A0H3JLN7	Q2M1Z4
P0A6Z0	Q9BR78
A0A0H3JH37	Q8N2S1
A0A0H3JH37	Q9UJL3
A0A0H3JH37	Q59GZ4
Q8XE87	Q8NG46
Q8X8Y6	Q99606
P0A6Z0	Q2M3B4
P0A6Z0	Q53Y80
P62625	Q9Y352
Q8X996	Q9Y5L9
A0A0H3JRH0	Q9UHW5
Q8XBS3	Q9UHW5
Q8XE87	Q9BTD9
P62618	Q96PX3
Q46903	Q71UP4
P0A6Z0	Q9NWD1
A0A0H3JH37	Q8TE60
P0A6Z0	Q9H2V4
A0A0H3JH37	Q9NQ14
P24236	Q9BTD4
A0A0H3JH37	Q9UBB1
Q8XE76	Q9UIQ7
P62618	Q9UM06
P0A6Z0	Q9UPT2
P0A6Z0	Q9UEV0
P0A6Z0	Q96NZ6
P0A6Z0	Q96J16
Q9R2E4	H9KV45
Q8XE76	Q9UG63
Q46903	Q2M205
P78242	Q6IBD4
Q8X8Y1	Q9HB61
A0A0H3JK76	Q9UQ61
P62618	Q8N1A4
Q46903	Q9ULB0
Q8X8Y6	Q9HAZ1
P0AFB6	Q96D10
Q8XE76	Q5K546
A0A0H3JH37	Q9BUB5
A0A0H3JH37	Q9NP28
Q46903	Q9UD93
P0A9Q3	Q99649
Q8XE41	Q6LDP5
P62625	Q96BE6
Q8XE87	P16581
P0A6Z0	Q7M4P1
P77032	Q9UHW5
Q8X6Y0	Q59ES9
Q46903	Q6FHX3
Q46903	Q5U0N2
Q8XBD5	Q9P230
Q8XE76	Q9NRG0
Q8X6Y0	Q9UDR7
Q8XE76	Q52M96
P62618	Q29RG0
Q8XE76	Q16215
Q46903	Q9UQD8
A0A0H3JH37	Q53XV2
P63285	Q969L6
Q8X8Y6	Q9BQA4
Q46903	Q9H2F2
Q8XE76	Q5SR49
P37055	Q9BTK8
Q8XE76	Q5T8M9
Q8X8Y1	Q86XD7
Q8XE87	Q9UKV5
P0A6Z0	Q9UI88
Q46903	Q4JHT4
P0A6Z0	Q9UL23
P0A6Z0	Q9UFD0
P62625	Q96HA5
P0A6Z0	Q6LDT9
P0A6Z0	Q9UKZ3
Q8XE76	Q9Y331
Q8XBL2	Q9UPL9
P0A6Z0	Q5TZP9
Q8XE75	Q9P152
A0A0H3JH37	Q99728
Q8XE87	Q37526
P0A6Z0	Q96HB7
Q8XE75	Q9UD21
P24236	Q96MN3
Q8XE87	Q5PSV3
P0A6Z0	Q9HD66
P24236	Q96NT4
Q8X6Y0	O14687
Q8X8Y1	Q9Y6T3
P0A6Z0	Q8NF13
Q8X7Y4	Q9Y6M4
Q46903	Q9BW17
Q8X6Y0	Q96PM2
P62618	Q2M1Z4
P24236	Q9UQ70
Q8X996	A0A3B3ISY8
P24236	Q6FG96
Q8XE87	Q52M96
Q8X6Z5	Q9C0G3
P24236	Q68D14
P0AFB6	O14562
Q8XB76	P19387
Q8XDU4	Q8NC92
Q8X8Y1	Q9UNG5
Q8X8Y1	Q6FG45
Q8X8Y1	Q9ULH1
A0A0H3JRH0	C9J0E9
Q8XE58	Q9Y6R5
Q8X6Y0	Q9UQ92
Q46903	P16581
Q8XE76	Q96E22
Q46903	Q92479
P62618	Q9BQ17
Q8XE75	Q3B726
Q8XE76	Q86VC0
Q8X8Y1	Q9UIQ7
A0A0H3JH37	Q9UPP8
P24236	Q8N753
A0A0H3JH37	Q9NRH9
Q8XE76	Q6ZS74
A0A0H3JM80	O14562
P37055	E9PI54
P0A6Z0	Q6IBR4
Q8XE87	Q9UDF3
Q8XE76	Q9BPX0
Q8X8Y1	Q6P2P6
P0A9Q3	Q9UHL1
P0A6Z0	Q9BQC5
A0A0H3JH37	Q14595
Q8X8Y6	Q6ISB5
Q8XE76	Q9BV24
Q8XE41	P78339
Q8X6Z5	Q86SS8
P0A6Z0	Q16197
P62618	Q7Z301
Q8X8I2	Q8WWN9
A0A0H3JH37	Q9NRF7
P0A6Z0	Q9UIH1
P0A6Z0	Q6SSE9
Q8XB09	Q99883
P0A6Z0	Q9BV98
Q46903	Q9Y5X8
A0A0H3JH37	Q9H1K3
Q8XE76	Q9UND5
Q8XE87	P21371
Q8XE76	Q9NR31
A0A0H3JH37	Q9H4W8
P0A6Z0	Q99639
Q8XCF9	Q8NDC7
Q46903	Q9UHW5
Q8XE76	Q9BUU6
Q46903	P18849
P62625	Q9UNW5
P0A6Z0	Q96EC8
Q46903	Q5IFM8
Q46903	Q8TCW5
Q8X6Y0	Q9UMZ6
P62625	Q9UHW5
Q8X8Y1	Q9UBZ9
Q8XE76	Q86TL9
Q8XE87	Q9BUK9
Q46903	Q5TC33
P0A966	Q96A97
P78242	Q96AT7
Q8X9G2	P19387
P11457	Q9BTI2
Q8XE76	Q9H7X7
P62618	Q6ZP89
P0A6Z0	Q9UHX7
Q46903	P36507
P0A6Z0	Q6UXB4
Q8X8Y6	Q9UNF9
Q8X8Y1	Q9P2N4
Q8XE87	Q00005
Q8X8Y6	Q13564
P62625	Q9Y6U3
A0A0H3JH37	Q6IBD4
Q8XE87	Q9Y234
Q8X6Y0	Q9GZZ9
P0A6Z0	Q45F09
P24236	Q8TD70
Q46903	Q9UQU7
P62625	Q9Y218
Q8X738	E9PI54
Q8X8I2	Q9UKU7
P0A6Z0	Q99558
Q46903	Q9UNT7
P62625	Q9UGA4
P0A6Z0	P56199
Q8XA65	A0A3B3ISY8
P0A6Z0	Q96MH1
P62625	P09601
Q8XE87	Q9NYT8
Q8XB76	E9PI54
P24236	Q9BXP7
P24236	Q86VD2
Q8X770	Q15596
P0A6Z0	Q9UH41
P62625	Q969D8
Q8X996	H9KV45
Q8XE76	Q9BTN5
P0AE68	Q9UPB1
Q8X9L0	P80075
P24236	Q9UNA0
Q8X8Y1	P41182
Q8XE76	Q49AP1
P58357	Q969R0
Q46903	Q9NXS4
Q8X8Y6	Q9UME3
A0A0H3JH37	Q969D8
P24236	Q9GZZ9
P0A6Z0	Q6FHK5
Q8XBD5	Q9UHD1
Q8XE87	Q9NY59
Q46903	Q9H1P2
Q8XE87	Q15860
P24236	Q6IBD4
Q46903	P02790
Q46903	Q92515
Q8XE75	Q24JU2
Q8XE87	Q9NRF9
Q8XCF5	Q5T1S7
P0A6Z0	Q9H6T1
Q46903	Q969R0
Q46903	Q9H6V1
Q46903	Q9P2Z3
Q8X6Y0	Q9UQN5
P0A6Z0	P63220
Q46903	Q96DW5
A0A0H3JH37	Q7M4P1
Q8XBL2	Q9UCZ8
P62625	A0A3B3ISY8
Q8XE76	Q92767
P10413	Q9UGW9
Q8XE87	Q8VC50
A0A0H3JH37	Q96A97
P0A6Z0	Q8NF52
P63285	Q9Y361
Q8XE87	Q96GT0
Q8X996	Q96EA8
Q8XE76	Q6PIE6
A0A0H3JH27	Q9BTD4
Q8XE76	Q15370
Q8XE87	Q86YK6
Q8XE76	P22083
Q8X9L0	Q5T0F5
Q8XE87	J3QS46
P0A6Z0	J3QS46
P24236	Q9UKP5
A0A0H3JH37	Q9C0K3
Q8XE76	Q9UFK3
Q46903	Q9Y6L8
P32168	Q9UQ90
P0A6Z0	Q2M1Z4
Q8XE87	Q96NT4
Q46903	Q585T8
Q8XE76	O75297
Q8XE87	Q9H965
A0A0H3JH37	Q9UM99
Q8X8Y1	Q9NY42
Q8XE76	O95450
Q46903	Q9BS49
P24236	Q9UFT9
P0A6F7	O14562
P0A6F7	Q9UHW5
P62625	Q9UCH2
Q46903	Q8IX07
Q8XE76	Q7KYU9
Q8XE87	Q13485
Q8XE87	Q9H1A8
P32168	Q5U098
Q46903	Q96AC5
A0A0H3JH37	Q9UMM7
P0AFB6	Q9HBR6
Q8XB09	Q9NQT8
P0A6Z0	Q86WQ5
P0AFB6	Q96AT7
Q8XE87	Q9NUC9
Q8XE87	Q99474
Q46903	Q9Y6U3
Q8X7Y4	Q53XR9
Q8XBD5	Q9Y5L9
A0A0H3JH37	Q9UJ41
Q8X8Y1	H0Y8J7
P0A6Z0	Q9UPA4
Q8XE76	Q6FGZ2
Q8X9G2	Q9UPB1
Q8X6Y0	Q00722
P0A6Z0	Q9UCN7
P0A6Z0	Q9D0G2
Q8X8Y1	Q8WWN9
P62618	Q9UPF9
Q8X8Y1	Q9NUI0
Q8X6Y0	Q7Z743
Q46903	Q9UPT6
A0A0H3JIX3	P21854
P0A6G1	P48643
Q46903	Q8IW24
A0A0H3JH37	O14562
Q8X6Y0	Q9UE81
A0A0H3JH37	Q9BWA3
P0A6Z0	Q96CY8
Q8XB09	Q96AT7
Q46903	P28482
Q8X6Z5	Q53T45
Q8XE76	Q9NST7
P0A6Z0	Q7Z301
A0A0H3JLN7	Q5T3P9
Q8X8Y1	Q99672
P24236	Q6FHY1
P62618	Q53XV2
P0AFJ6	Q13804
P0A6Z0	Q9NQD0
P0AFB6	Q9BZB6
Q8X7Y4	Q9UBF8
P0A6Z0	Q9NV63
Q46903	Q9UBZ9
A0A0H3JH37	Q9UKV0
P80449	Q8N191
P0A6Z0	Q9UC56
Q8XCF5	Q96A97
Q8X8Y1	Q53XN9
P0A6Z0	Q9UCG4
Q8XE87	O43150
Q8X8Y1	Q96PN5
Q46903	Q9UMG5
P63285	Q8TAA3
A0A0H3JH27	Q5T3P9
Q8XE76	Q9UK55
P24236	Q99743
Q8X6Y0	Q96AF6
Q8XE76	Q9UNP3
Q8XE76	Q96FX4
Q8XE87	Q71V76
Q8X6Y0	Q9NS91
Q8XE76	Q9UPF5
Q8X8Y1	Q9Y4E4
P80449	Q5T1S7
P0A6Z0	Q9H3I2
Q46903	E9PI54
Q46903	P78366
Q8X6Z5	Q13524
Q8XE76	P09601
Q8XE87	Q8IUE5
P0A6Z0	Q9BUS6
P0A6Z0	Q9UQR8
Q8XE87	P60568
Q46903	Q9BUB1
Q8XE76	Q15576
P24236	Q9UP19
A0A0H3JH37	Q9H4A2
P41405	Q5JTE3
P24236	Q9UC41
P62625	Q9UCM9
P0A6Z0	Q00535
Q46903	Q6LER8
P24236	Q9H4E7
P62625	Q99672
P0A6Z0	Q75MC9
P62618	Q96H96
P62625	Q8IVT5
P62618	Q5T4L6
Q8X8Y6	Q7Z3W3
Q8XA65	P78315
Q8XE87	Q14191
Q8X7Y4	Q9UBZ9
Q8XE87	Q6FGX6
Q8X8Y1	Q96TF9
Q8X6Y0	Q8NHS2
P24236	Q53QM4
P24236	Q29RG0
Q8X8Y1	Q9H240
Q8X8Y6	Q96J55
P0A6Z0	Q9H4A2
P24236	P48643
Q8X8Y1	P02708
Q8XE87	Q99460
Q8X5S5	Q9UCA1
Q9S6R3	Q9P0J8
P58357	Q5T3P9
Q8XE87	P07478
Q8X6Y0	P04083
Q8X8Y1	A0A3B3ISY8
P32168	Q9UPP8
P0AES7	Q5T3P9
P63285	P12004
Q8X8Y6	Q96DP5
Q8XE76	Q92650
P63285	A5LHX3
P62618	Q0VGC7
P0A9Q3	Q5M8S9
Q8XE87	Q9Y3B2
Q8X8Y1	Q9Y352
Q8X6Y0	Q92820
P62625	Q96GP7
Q8XE76	Q9H1K3
Q8X6Y0	Q96H98
P62618	Q52LZ6
Q8XE76	Q6GTT3
Q8XDU4	E9PI54
P63285	Q9UQ90
Q8XE76	Q14595
P0A6Z0	P04196
Q8XDU4	Q15596
P62625	Q92515
P0A6Z0	Q9UN03
P0A6Z0	Q9H1A8
Q8XE76	Q9UII1
P62618	P20132
P62625	Q8NHV8
Q46903	Q9ULG4
P24236	Q75N87
P32168	Q9BRV9
Q8XE76	Q9BUR0
P62618	Q7Z569
P0A6Z0	Q9UPE3
Q8X6Y0	Q9Y234
Q8X8Y1	Q9BVP5
P0A6Z0	Q9NRQ1
Q8X9L0	A0A3B3ISY8
Q8XE76	Q9UCJ8
P62625	Q6NXQ1
P62625	Q96AF6
Q46903	Q9UM57
P62625	Q9P1U0
A0A0H3JH37	Q9Y2K2
Q8XE76	Q9UC41
Q8XE41	Q9UD54
P41405	Q99814
P0AE68	Q9Y6Q9
Q8X996	Q9BU31
Q8XB76	Q9NQT8
A0A0H3JH37	Q9P2N4
P62625	O95450
Q8X8Y1	P67775
P62618	Q96PR5
A0A0H3JH37	Q9UQN5
A0A0H3JK76	Q99883
P0A966	Q9UFX3
Q46903	Q8NHL5
Q8XDU4	Q99649
P62625	Q8IV83
A0A0H3JH37	Q9UJZ0
P0A6Z0	Q9UP74
P0AE68	Q7KYV3
P24236	Q9UMZ6
P32168	P62195
P24236	Q9UII8
P62625	Q99759
Q46903	Q5T9U6
Q46903	Q9Y2G2
Q8XA14	Q5T1S7
P0A9Q3	Q9UQ61
P62625	Q9UJZ0
Q46903	Q71U36
P0A6Z0	P09919
Q8X5U9	Q2I102
Q8XE76	Q9HBR6
Q8XE76	Q9UQM2
Q8XE75	Q9H001
Q8XE75	Q53XN9
P62625	Q15576
P0A6Z0	Q96CW1
Q8XE87	Q86XV9
P0A6Z0	Q8WWQ6
P62618	Q8WTS4
P0A6Z0	Q6FHD5
Q46903	P67775
Q8X8Y1	O75689
P62625	Q9UFT9
P62618	Q92678
A0A0H3JJS9	Q9BWR0
P62625	Q9Y2K2
Q8XE75	X5D9C8
P0A6Z0	Q6NUP8
P97542	Q9TNN9
P62625	Q9NY59
P0A6Z0	Q9NTZ3
P62625	Q9H965
Q8X8Y1	Q9Y218
P0A6Z0	Q9BTT1
Q8X6Y0	Q969D8
Q8X8Y6	Q92467
Q8X8Y1	Q14259
Q46903	Q9NWN0
A0A0H3JH37	P78366
P62625	Q86UQ7
Q46903	Q9ULC2
Q8X8Y1	O43396
P0A6Z0	Q9UDL5
P0A6Z0	Q96EM2
Q8X6Y0	Q8WW75
Q46903	Q9UDR7
Q8XCF5	A0A3B3ISY8
P62618	Q9UHP8
Q46903	Q9Y6B6
P0A6Z0	Q59FH7
Q46903	Q9UQ70
Q8XE87	Q8IYN8
P10413	Q9H6W0
Q8XE76	P22681
P62618	Q9UCF3
P62618	Q96RH1
P62625	Q8IW95
P24236	Q9UKZ3
A0A0H3JRH0	Q5BKT2
Q8X7Y4	Q93076
P62618	Q9UBE8
Q8X6Y0	P49427
P62618	Q86YJ2
Q8X6Y0	Q9UDU9
Q8X8Y1	Q9UFK3
P24236	Q6DK23
Q8XE76	Q9Y6R5
Q8XE87	Q8TDN9
A0A0H3JH37	Q4VAK2
Q8XE87	O95450
P37055	Q8NDC7
P0A6Z0	Q9UGI0
Q8XE41	Q9UCA1
Q46903	Q9Y697
Q8X8Y6	A6NFM0
P62625	Q9UK80
Q8X6Y0	Q96BD9
P97542	Q969L6
Q8XE76	P04083
P0A6Z0	Q53EP3
Q8XE87	Q5VW80
Q8XE87	Q9HCB6
P0A6Z0	Q6UW79
Q8XE87	Q9UPB0
Q46903	Q68GC0
P0A6Z0	Q9BRB5
Q8XE87	Q9UG30
Q46903	Q53XP7
Q46903	Q9Y253
Q8X8Y6	Q99558
Q8X8Y1	Q29R80
Q8X8Y1	Q9UC32
P10413	Q9Y6R5
Q8X6Y0	A0A3B3ISY8
P24236	Q6I9S4
Q8X8Y1	Q32N00
Q8XE76	Q9C0K3
P0A6Z0	Q9Y3A7
P0A6Z0	Q9Y2A6
P0A6Z0	Q9Y2K2
Q8XA65	Q9UQM1
Q8X6Y0	Q86YI1
Q8X8Y1	Q9NPL3
Q8XE41	Q5JYJ8
Q8XE75	Q6PIE6
A0A0H3JH37	Q8IYI7
P0AFB6	Q9UDI2
P0A6Z0	Q9UNP1
Q46903	Q8IVC5
Q8X8Y6	P01024
P62618	Q96A97
P37055	Q13804
Q8XE76	Q96H96
A0A0H3JH37	Q8N1A4
P0A6Z0	Q9UJB1
Q46903	P05156
P0A6Z0	Q99878
Q46903	Q9UD88
A0A0H3JH37	Q92533
P32168	Q9UDI3
A0A0H3JH37	Q9UMU2
P24236	Q13485
A0A0H3JH37	Q96RH1
P10413	Q86XF8
Q8X8Y1	Q9P1U1
Q8X7Y4	Q9BTE1
P62618	Q9UJ39
P62625	Q9UCZ5
A0A0H3JH37	Q9H1A8
Q8XBS3	A0A3B3ISY8
A0A0H3JH37	Q9UH41
Q8X6Y0	Q9BS04
Q46903	Q8WU70
Q8X5S5	Q9UPF2
Q8XE41	Q6PA00
Q46903	Q5JTE3
P62618	Q9UGA4
P24236	Q5W116
P0A6Z0	Q9UQB3
Q8XE76	Q9UIL0
P0A6Z0	Q93079
A0A0H3JH37	Q9UIL0
Q8X6Y0	Q9HB32
Q8XE87	Q9NS91
Q8XBD5	E9PI54
A0A0H3JH27	Q96A97
Q8XE76	Q5TCM3
Q46903	Q0VGC7
Q8X6Y0	O00487
P62618	Q9Y2Z9
P0A9Q3	Q99883
Q8XE75	Q6IBH9
A0A0H3JH37	Q99759
Q8XDU4	Q9UGF1
P62618	Q6FGZ6
Q46903	Q6FHD2
P62618	Q9H240
P62625	Q8IVD1
Q8XE75	Q9H8E4
P0A6Z0	Q99814
P24236	Q6FHX3
Q8XE75	Q9BTN5
Q8XC03	Q9H3R6
Q8XE87	Q9UMK3
Q8XE87	Q9P1L8
P0A6Z0	Q96JB0
Q8X8Y1	Q96GF2
P0A6G1	E9PI54
P62625	Q9Y684
Q8XE76	Q96IN5
Q8X6Y0	P36507
Q8X8Y1	Q9UQ18
Q8XE76	Q8NEN8
Q8XE76	Q0VG87
Q8X7Y4	Q9UHH9
Q8XDU4	Q5M8S9
Q8XBL2	Q9BWA3
Q8X9L0	Q9BS70
P62618	Q9BV05
P24236	Q58J86
Q8XE87	Q9UKX5
Q8XE87	Q9P2P8
Q8XE75	Q6NW05
P78242	Q2M1Z4
P0A6Z0	Q99879
P0AFB6	Q9BW83
A0A0H3JLN7	Q8NC92
Q8XE87	Q9NNX6
Q9S6R3	Q9UCX7
P0A6Z0	Q9NZC0
Q8XB09	Q99649
P24236	Q9UBB1
A0A0H3JH37	Q9Y6U3
P0A6Z0	Q96DA6
P24236	Q9UBZ9
P0A6G1	Q9Y6R5
A0A0H3JH37	Q9Y352
A0A0H3JH37	Q9Y6N5
P97542	Q9UCD5
Q8X8Y1	Q9NRH9
Q8X7Y4	Q6NW05
Q46903	Q6P278
Q8X8Y1	Q9UJ39
Q8X6Y0	Q53ES8
A0A0H3JH37	Q9UCZ8
Q8X7Y4	Q9Y535
Q46903	Q93042
P0AGB5	Q9H1P2
P0A6Z0	Q9BQ09
P0A6Z0	Q9UN05
Q46903	Q8NB68
Q8XBL2	O43396
Q46903	Q86WX8
Q8XE76	Q45F99
P62618	Q8TE57
P0AES7	Q9H7S0
Q46903	Q9NY42
Q8XE76	Q8N193
Q46903	Q9UPP0
Q8X7Y4	Q9UNG5
Q8X8Y6	Q9Y297
Q8X5U9	Q86VH9
Q8XE76	Q9UQL6
P33938	Q8N193
Q8XE76	Q24JU2
Q8X8Y6	Q9UNU3
Q46903	Q99444
P0A6Z0	Q9BUK9
Q8XE87	Q9UCR6
Q46903	Q14283
Q8XE76	Q96IN1
Q8XE76	Q6P2P6
P62618	Q6NW19
Q8XE87	Q9Y5X8
P0A6Z0	Q9UMM7
Q8X738	Q8NC92
P0A6Z0	Q9BUT4
Q8XE87	Q92596
Q8XE75	Q8IY91
Q8X6Y0	O43513
Q8XE87	Q9UPF9
Q8XE87	Q6ZS74
P62618	Q9UCZ5
Q8X6Y0	Q96RE4
P62618	Q92650
P0AFB6	Q9UCE2
Q8X770	Q99883
Q8XE76	Q61516
P0A6G1	Q9UHD1
Q8X7Y4	Q96AF7
Q46903	Q99638
P37055	Q99814
P0A6Z0	Q9H070
Q46903	Q9NRF7
P62618	Q9UKV5
Q46903	Q9NUI0
Q8X6Y0	Q8J012
Q46903	Q86UF1
P24236	Q9Y2L1
Q8XE76	Q6LD15
Q46903	Q17RZ6
Q8XE76	Q6LDT9
P0A6Z0	Q9UKS3
Q8X8Y6	Q9UQN5
P62618	Q9UFT9
Q8XE87	Q6IQ15
Q8XE87	Q96PN5
Q8XE76	Q00722
P63285	Q5JNW4
Q8X738	Q2M1Z4
P0AGB5	Q8IZ61
P0A6Z0	Q9Y6F0
Q46903	Q9UII1
Q8XE87	Q9UJ43
Q8XE76	Q59E99
Q8XE87	Q9BQ17
P24236	Q9NT58
Q8X8Y6	Q9H0U4
Q8XE87	Q6FHA2
Q8XC03	Q9UQ70
Q8XE76	Q9UND6
P62618	Q6LEA7
Q8XE87	Q53HK3
P0AFB6	Q9UHD1
P80449	C9J0E9
P0AFB6	Q9UL53
P69492	Q53HH9
Q8X8Y1	Q96J22
Q8X6Y0	Q9H682
Q8XE87	Q8WWN9
P0A6Z0	Q9BW17
P0A6Z0	Q9UGQ1
Q8XBL2	Q9BWQ9
Q8XBL2	Q8N922
Q8XDU4	O14562
P62618	Q9UPN7
P0A6Z0	Q9Y5Z3
P62625	Q9UFP7
Q8X8Y6	P10147
P62618	Q8N1A5
Q8XE75	Q9UBZ9
P62618	Q6GTN4
Q8X8Y1	Q53X65
Q8XE76	Q5U065
Q8XE41	Q9UC55
Q8XE87	Q96IM1
Q8XE75	C9J0E9
P0A6Z0	Q5U0N2
P0A6Z0	A0A1W2PQS6
A0A0H3JH37	Q96NT4
Q8XA14	Q96H98
Q8XE76	Q8NBG5
Q8XB09	Q99814
P62625	F8W876
Q8X7Y4	Q8WUB1
P0A6Z0	Q52LZ2
Q8X5S5	Q9UHD1
P32168	Q9BU45
Q8X6Y0	P62273
A0A0H3JH39	Q9NR33
P0A6Z0	P49674
P62625	Q9NRG4
Q8X6Y0	Q9UDH0
Q8X8Y6	Q9H001
Q8X9L0	Q9NXI8
Q46903	Q92793
Q8XE76	Q99756
A0A0H3JLN7	Q9UPB1
Q8XE87	Q8IVC5
Q46903	Q96CL1
Q8XBL2	Q9H2E5
P0A6Z0	Q53XN9
Q8X8Y1	Q9UBF8
A0A0H3JH37	Q9UC41
Q8XE87	Q96BE6
Q8XE87	Q9UM99
Q8XA65	Q9BU83
P62618	Q7RU02
A0A0H3JH37	Q9UCS7
P77032	Q9Y6Q9
A0A0H3JH37	Q9UDR7
P24236	Q9UE78
P62618	Q59GZ4
P0A6Z0	Q8NDC7
Q8X8Y1	Q8NEN8
P0A6Z0	Q9Y495
Q8X8I2	Q15679
Q8XE75	Q9H4U5
Q46903	Q9UCC6
A0A0H3JK76	Q9UHL1
Q8X738	Q9UGF1
Q8X6Z5	Q8WTS4
Q8XE75	Q99558
Q8X6Y0	Q99460
Q46903	Q5T3P9
P24236	Q92820
Q8XE76	Q5HYA4
Q8XB09	Q8NC92
P62625	E9PI54
P0A9Q3	Q9UPB1
P0A6Z0	Q969T5
Q46903	Q27I61
Q8XE76	Q9UCX7
Q8X8Y1	Q00722
P10413	Q96IN5
Q8X8Y6	Q9Y4K4
Q8XE76	Q6FG61
P11457	Q9NQM6
P24236	Q99723
P0A6Z0	Q53EK9
P0A6Z0	Q5U0R4
Q8XE76	Q96CF5
Q46903	P29965
Q8X8Y1	Q7Z301
P78242	O14562
Q8XE87	Q96E22
Q46903	Q9UQB7
Q8XE76	Q9Y5V2
Q46903	Q99883
Q8X770	Q13804
P62618	Q9UHW5
Q8XE75	Q8N5C5
P0A6Z0	Q8IZK9
A0A0H3JLN7	E9PI54
Q8XE87	Q9P1U1
Q8XE87	Q53Y61
A0A0H3JH37	Q9NQ11
P24236	Q9BWG3
A0A0H3JH37	Q16841
Q46903	Q9P2H4
A0A0H3JH37	P26006
Q8X8Y1	Q5T4L6
P24236	Q9Y684
P24236	Q9Y287
Q46903	P56159
Q8X8Y1	Q9NT04
P62618	Q8NBG5
Q8XE87	Q8IXL4
Q8XE87	Q99878
A0A0H3JH37	Q86YJ2
Q8XE76	Q9UQ70
A0A0H3JH37	Q99883
P0A6Z0	Q52NZ1
P24236	Q6NZI3
Q8XB09	Q9UPB1
Q8X8Y6	Q9BWK7
A0A0H3JH37	Q9UJ43
Q8XE76	Q8IUZ9
Q8XE76	Q9BSC8
Q8XE76	Q96HA5
Q46903	Q9UBU8
Q46903	Q9Y6W5
A0A0H3JH37	Q9UCF3
P24236	P51687
P0A6Z0	Q6DK23
Q8X6Y0	Q9UCH2
P63285	Q8TBD1
P0A6Z0	O43915
Q8X9G2	Q99649
Q8XC03	Q9UQM0
Q8XA14	Q9Y6R5
Q46903	Q9UPL8
P77380	Q5T3P9
P62625	Q9NS91
Q8X8Y6	Q53XV2
P0A6Z0	Q9H2F2
Q8XE76	Q9UC32
Q8XE76	Q92467
Q8X6Y0	Q5EE02
P24236	P41182
Q8XE76	Q96RE4
P62618	Q9UFP7
P0A6Z0	Q6FHD7
Q46903	Q6FGF5
P62618	Q9HB61
Q46903	Q9NUC4
P0A6Z0	Q9Y5X3
Q8X5S5	Q9BTD4
P0A6Z0	Q9UE81
Q8XE76	Q9UCM9
Q8XE75	O95396
P62618	Q5HYA4
P0AFB6	Q9Y2Z0
A0A0H3JH27	Q9UQ90
Q8XDU4	Q99743
P0AFB6	Q9UHW5
Q8X8Y6	Q9H1A8
P97542	Q5JNW4
Q8XE75	Q9UCZ8
Q8X5S5	Q9UDC6
Q8X8Y6	Q9Y2T8
Q8XE76	Q99558
P24236	Q8NEN8
A0A0H3JH37	Q7Z569
Q46903	Q92767
Q8X517	P35858
Q8XE87	Q92479
P33938	A0A3B3ISY8
P77032	Q8NHB2
P0A6Z0	Q9Y4X2
Q8X8Y6	Q8IXI4
Q9S6R3	Q8TDX0
P62618	Q9Y6K9
Q8X8Y1	Q8NF13
P62618	Q8N173
Q8XE76	Q1RLL9
Q46903	P52564
A0A0H3JK76	Q8NC92
Q8X6Y0	Q9UKU7
P62625	P78366
Q8X8Y6	Q96QJ0
P0A6Z0	Q9UE78
P62618	Q5SXM3
A0A0H3JH37	P04196
Q46903	Q9Y3W6
P80449	H9KV45
P0A6Z0	Q17R67
Q46903	Q9BR78
P0A6Z0	Q96BE6
P62618	Q9UC41
P0A6F7	Q9UKC4
P63285	Q96AZ3
Q8XE76	Q8IVG8
P62618	Q9H787
P0A6Z0	Q9BQ17
P37055	Q99649
P0AFJ6	Q9UHW5
P0A6Z0	Q9UNT7
Q8X6Y0	Q9H1E9
Q8X6Y0	A6NFM0
A0A0H3JH37	Q8TD70
Q9S6R3	Q00007
Q8X8Y1	Q8TE57
P0A6Z0	Q9P279
P0A6Z0	Q13804
Q8XE87	H0Y8J7
P41405	Q9H8Y2
Q8XE87	Q8WVV7
Q46903	Q9NTZ3
Q8X8Y6	Q6PDA9
Q8XE76	Q13485
P62618	Q7Z4L6
P0A6Z0	Q96NS4
P0A6Z0	Q9BTD9
P62625	Q9BUT4
Q9S6R3	Q6PDA9
Q8XE87	Q9NWN0
A0A0H3JM80	C9J0E9
Q8X8Y1	Q9NZX9
P62618	P78366
P62625	Q6IBD4
P0A6Z0	Q53TN1
Q8X8I2	E9PI54
Q8X9L0	Q9BWA8
P24236	Q9NSP1
Q8X8Y6	Q96RL2
P37055	H9KV45
A0A0H3JH37	Q9Y669
Q8X6Y0	Q9H4M5
Q8X6Y0	Q7RU02
P62625	Q61516
A0A0H3JH37	Q9Y5Z3
Q8X8Y1	Q5EE02
P0A6Z0	Q9UD93
Q8X6Y0	Q9UGF1
A0A0H3JH37	Q9UBV8
P0A6G1	Q99832
P62625	Q53ES8
Q8XBS3	Q7KYV3
A0A0H3JH37	Q53SL0
A0A0H3JJS9	P35858
A0A0H3JH37	P08156
Q8XE76	Q14191
Q8XE76	Q4TTG0
Q46903	Q9UCH2
Q8X9G2	Q7KYV3
Q8X6Y0	Q8IZ71
P62618	Q99952
Q8XB09	Q13804
P62618	P26006
Q8XE76	Q6ZP89
Q8XC03	Q9HAV7
P0A6Z0	Q9NQD6
P32168	Q96HD3
P62618	Q8IVD1
Q46903	Q6IBM9
Q8XE87	Q86VD2
A0A0H3JK76	Q99814
Q8X8Y1	Q9P1X9
Q8X6Y0	Q9H4A2
Q8XB09	Q5T3P9
Q8XE87	Q9BV24
Q46903	Q86UQ7
Q8XBS3	Q8NDC7
Q46903	Q9UDA7
Q46903	Q9BZB9
P0A6Z0	Q4VBQ0
P0AFJ6	Q99743
P0A6Z0	Q9P079
P62625	P20132
A0A0H3JH27	Q9BU83
P62618	Q8WVV7
Q8X8Y1	Q8WTS4
P0A6Z0	Q8WYK4
P0A6Z0	Q9UKW0
A0A0H3JH37	Q9Y6Q0
A0A0H3JH37	Q5VVL8
A0A0H3JH37	Q9UCZ5
P62618	Q9UP80
Q46903	Q9Y6I3
Q8X6Y0	Q9NWN0
P63285	Q9BS70
Q8XBS3	Q9UHL1
P97542	P62195
P0AGB5	Q9UFT9
Q8XA14	Q9UDJ7
A0A0H3JLN7	Q99649
Q8XE76	Q9Y2Z9
P0A6Z0	Q3MJE7
Q8XE87	P09601
P10413	Q9UCX5
P62618	Q9UFF4
Q8XDU4	Q969R0
P62625	Q9NY44
P97542	Q9BWA8
Q8X738	Q13804
Q46903	Q9UJM7
Q8XE87	Q9UJB1
Q8XE87	Q8IZL5
Q8X9L0	Q9BRV9
Q46903	Q93035
Q8X8Y1	Q13904
Q8XE75	Q9UNU0
Q46903	Q9BUS6
Q8XE76	Q9Y4K4
P0A6Z0	Q8N191
P24236	Q9BR62
Q8X8Y6	Q9UIU9
Q46903	V9GYT4
P62625	Q96K94
P24236	Q9UND6
P62618	Q9NQD9
P0AGB5	Q5T1S7
Q46903	Q8WWN8
Q8X6Y0	Q96K94
P0A9P5	Q8NFJ0
P0A6F7	Q4VBP8
P62618	Q9BXZ8
Q8X6Y0	Q9UMV4
Q8XE87	Q16876
Q8XBS3	Q92794
P0A6Z0	Q92542
Q9S6R3	Q6IB15
P62625	Q7Z743
A0A0H3JH37	O95450
Q46903	Q59FH7
Q46903	Q9UCE0
Q8X8Y6	Q6LER8
P0A6Z0	Q9UF77
Q8X8Y6	Q2XNF2
P0A6Z0	E9PI54
Q46903	Q9UD26
P62618	Q96I38
A0A0H3JIX3	Q9BWR0
Q8X6Y0	Q9P2N4
A0A0H3JH37	Q5VW80
P24236	Q9Y4Y7
A0A0H3JH37	Q7Z301
Q8XE87	P62273
Q8X8Y6	Q92636
Q8XE41	Q8WZB4
P62625	Q9UFU3
P62625	Q9Y6L8
Q8XE76	Q53QM0
P0A6Z0	Q9UKS8
P77032	Q9UHD1
A0A0H3JK76	Q9NQT8
Q8X8Y1	Q96II4
P0A6Z0	Q9UMU2
Q8XA65	P25685
P62625	Q59ES9
Q46903	Q4VXC2
Q8XE76	O14966
P78242	Q5T1S7
Q8X6Y0	Q8WV25
Q8XE75	Q13652
Q8X8Y6	Q9UD88
Q8XE87	Q9NV63
P0A6Z0	Q9BWN0
Q46903	Q9UDU9
P24236	Q9UCZ8
P11457	Q9BU83
Q8X8Y6	Q92831
Q46903	Q9UKP5
P62625	Q9NRY3
Q8XE76	Q9UMJ5
Q8XE76	Q9P1X9
Q8XE87	Q9UQI0
Q8X8Y6	Q8WUB1
P0A6Z0	Q9UH35
P62625	Q9NQE6
Q8XCF5	E9PI54
P24236	Q9UH94
Q8X8Y1	Q15831
P27511	Q5T3P9
Q46903	P26038
P62625	Q9UHH9
P0A6Z0	Q9UQ70
Q8XE87	P15169
P24236	Q9UJB3
P62625	Q9H240
Q8XE76	Q9BUC2
A0A0H3JH37	Q9BTD4
Q8X8Y6	Q9C0G3
A0A0H3JH27	Q9UHW5
P0A6F7	Q5TCM3
Q8XE76	Q96AF7
P32168	Q4W5C3
Q8XE87	Q9BPX0
P24236	P50591
P0A6Z0	Q53YA2
P0A6Z0	Q9Y2L3
P24236	Q16215
P24236	Q8WW06
Q46903	Q8IZ61
Q8XE87	Q2V508
Q8X6Y0	Q8VC50
P0A6Z0	Q9H130
P62618	Q92515
P0A6Z0	Q96PR8
P63285	Q9BU45
Q8X8Y1	Q92767
Q46903	Q96KI9
Q8XE87	Q52LT4
Q8X9L0	Q9UCD5
P0AFB6	Q9BRP7
Q8XE76	Q9BUK8
Q8XE76	O14562
Q8XE87	Q9Y270
Q8X8Y6	Q7Z698
Q8XE87	P56282
Q8XCF5	Q9UHD1
Q46903	Q9UIU2
P10413	Q9BVQ5
Q46903	Q96SI8
A0A0H3JH27	Q9UP79
Q46903	Q9UQV2
Q46903	Q09472
P0A966	H3BQD8
Q8XE41	Q92876
Q8X770	Q8NDC7
Q8XE76	Q9UHJ2
P62618	Q9NXT4
P62625	Q6FGX6
P0A6Z0	O60500
Q8XE76	Q75MM2
Q8X6Y0	Q96PX3
P10413	Q9BU83
Q8XE76	Q52LT4
P41405	Q15596
P62618	Q9UJ41
P0A6Z0	X6R433
P0A6Z0	Q9UGP9
P62618	Q9UND5
P0A6Z0	Q9P082
Q8X6Y0	Q969S4
P24236	Q8IUI1
P0A6Z0	Q9BXP7
Q8XE76	P41182
P62625	P07478
P0A9Q3	E9PI54
Q46903	Q9NW28
P0A6Z0	Q9UJZ0
Q46903	Q9BVY6
P0A6Z0	Q9ULB0
Q8X9L0	Q8TAA3
Q46903	O95453
Q8X517	Q14600
P24236	Q5T0F5
P0A6Z0	Q9ULS1
Q8XE76	Q8N1A4
P0A6Z0	Q8IUZ9
Q8XE76	Q8TE56
Q8X8Y1	Q3LHW8
P11457	A0A3B3ISY8
Q8X8Y1	Q9UM26
P24236	Q9BWK7
A0A0H3JH37	Q9NXT4
Q8XE87	Q9UP74
P0A6Z0	Q7Z743
Q8XE76	Q9Y5T5
Q8XE87	Q7Z2I6
Q8X8Y6	Q7M4P1
Q8XE76	Q96Q20
P24236	Q9H4A2
P24236	Q96PR5
P0A6Z0	Q9BU83
Q8XE87	Q6LER8
A0A0H3JLN7	Q9UGF1
Q8XBL2	Q6FG96
Q8X6Y0	Q585T8
P24236	Q6NX41
P24236	Q92533
P0A6Z0	Q9UG63
P0A6Z0	Q9P1L8
Q8X8Y6	Q9Y2L1
Q46903	Q9UHP8
P24236	Q52LW0
A0A0H3JH27	Q96RH1
P62625	Q86XE6
Q8XE76	Q9BTS3
Q8XE76	Q5T5N2
Q8X8Y6	Q13414
Q8X6Y0	Q9UDE0
P0A6Z0	Q969S4
Q8X6Y0	Q8IW95
P24236	Q9NXI8
Q46903	Q9Y2X1
P0A6Z0	Q99638
Q8XCF9	Q9Y6Q9
A0A0H3JLN7	Q9NQT8
Q8X8Y1	Q9UCJ8
P77380	Q9Y6R5
Q8X5S5	Q53SL0
P0A6Z0	Q99743
P0A6Z0	P05156
Q8X9L0	Q99460
P0A6G1	Q9NPJ1
P77380	Q9NPK2
Q8X7Y4	Q9H1A8
P0A6Z0	Q9UCS7
Q46903	Q9Y6F0
P0AFB6	Q9UPB0
Q46903	Q9UNM5
Q8XCP2	O14562
Q8X6Z5	Q5T1S7
P62618	Q9NS91
P0A6Z0	Q9UCS6
P77380	P31323
P62625	Q9UPH0
P0A6Z0	Q8NI95
A0A0H3JH27	P78315
Q8XE87	Q9NRF7
P77380	Q9BXM7
Q8X8Y1	Q9UP19
Q8XE76	Q68DZ3
Q8X8Y1	Q9C0K3
A0A0H3JH37	Q6FGZ6
Q8X6Z5	Q9H2F1
P24236	P43234
Q8XBL2	Q9BUZ2
Q8XBL2	Q6I9U7
P62625	Q9NZX9
P62618	Q9H324
P62618	Q9UMM7
Q46903	Q99474
P0A6Z0	Q29RG0
Q8XE76	Q5SXM3
Q8X6Y0	Q4TTG0
Q46903	Q9UG30
Q8XE87	Q7Z4L6
P80449	Q92820
Q8XE87	Q8N193
Q8X6Z5	Q8IWI7
Q8XE76	Q9NXK2
Q8X9L0	Q9UKW0
P0A9P5	Q9H2F2
Q8XCF5	Q86XV9
P0A6Z0	Q9UDL4
Q8X8Y1	Q7Z4L6
P24236	A0A3B3ISY8
P24236	Q9Y6K9
Q8XE76	O14757
P0A6Z0	Q9Y6Q9
Q8X8Y1	Q8NBG5
P41405	Q99743
Q8XE76	Q9UNM5
P0A6Z0	P22301
Q46903	Q9Y218
Q8X8Y1	Q9UG57
P62625	Q9NQ14
Q46903	Q8IVR6
P0AGB5	Q9C0K3
P62618	Q9UIQ7
Q8X6Y0	Q6FGZ6
P62618	Q9Y4X2
A0A0H3JRH0	O14562
Q8XE87	Q9Y239
Q8X8Y6	Q92885
Q8X6Y0	Q5VX94
Q8XE75	Q8WWN9
Q8XCF9	C9J0E9
P78242	Q5T3P9
Q8XDU4	Q5T3P9
Q8X8Y1	Q8TE58
Q8XBS3	Q9UPB1
P24236	Q86UK6
Q8XCF9	Q96DK5
Q8X8Y1	Q52LT4
Q8XE76	Q9BST0
P62625	Q8TD70
Q9R2E4	Q66K89
P24236	Q15816
Q8X6Y0	Q8N1A5
P78242	Q9Y2Y1
P24236	Q8N1A5
Q8X5U9	Q9NXT4
Q8X8Y1	Q17RZ6
Q8XE87	Q9BVY6
P62625	Q9UJL3
Q46903	Q9Y579
P0A6Z0	Q9BVP5
P0A6Z0	Q9BTY1
Q8XBS3	Q5T3P9
Q8XE76	Q5JS30
P24236	Q8TAZ1
P78242	Q16103
P62625	Q9C0K3
Q8XE87	Q9NRG0
Q46903	Q5JYJ8
Q8XA14	H9KV45
Q8X8Y1	Q9NY44
Q8XC03	Q9BUK9
Q8XE76	X5D9C8
Q8X8I2	Q96NT4
P62618	Q9UQ70
Q8XE87	Q9BRR9
Q8X7Y4	Q9UFK3
Q46903	Q9UEU1
P0AFJ6	Q9NYX8
P62625	Q8N1A4
Q46903	P18146
Q8XA14	Q96D14
Q8X8Y6	Q9BQ21
Q46903	Q9H554
P32168	Q9UCD5
Q8X7Y4	Q2M1Z4
A0A0H3JK76	Q92794
Q8XBL2	Q9UBZ9
Q46903	Q96EC8
A0A0H3JH37	Q9NQ86
Q8X996	Q9BR95
Q46903	Q9C0K3
Q46903	P36873
Q8X8Y6	Q9UIF0
Q8X8Y6	Q9P234
Q46903	Q96H98
P62618	Q6NXQ1
P0AFB6	Q6FI44
P62625	Q86VC0
A0A0H3JH37	Q9UIU9
P0A6Z0	Q9DAE4
Q8XE76	Q9H3V5
P0A6Z0	Q9Y6Q0
Q46903	Q6GTN4
P0A6Z0	F8W876
Q8X8Y1	Q6DK23
A0A0H3JH27	Q99497
Q8XE76	Q9NYB3
P0A6Z0	Q9UM80
Q8XE87	Q9UMV4
Q8X8Y1	Q9NXT4
P62618	Q9UCZ8
Q8XE87	Q99418
P0AFB6	Q9NUZ2
Q46903	P07948
P62625	Q9Y6X0
P0A6F7	Q9NPJ1
P24236	P05156
Q8X8Y1	Q8N721
Q8X996	Q53Y61
P24236	Q9UJ40
A0A0H3JH37	Q9NU86
A0A0H3JM80	E9PI54
P78242	Q9Y6R5
P0A6Z0	Q9UD54
Q8XE76	Q9H9B1
Q46903	Q9UMZ5
P62625	P27824
Q8XE41	Q969W6
Q46903	F8W876
P0A6Z0	Q5W116
Q8X6Y0	Q86YK6
Q8XE76	Q5FVF0
Q8XE87	A0A3B3ISY8
Q8X6Y0	Q6NWN6
Q8X8Y1	Q13233
P0A6Z0	Q2XNF2
P0A6Z0	Q9P102
P0A9P5	C9J0E9
Q46903	Q52LZ2
Q46903	Q9UPH9
Q46903	Q96GF2
Q8XC03	Q96DA6
P62618	Q9UG63
Q8X8Y1	Q53QM4
Q8XE41	P05156
P24236	Q96I38
P62618	P51687
P0A6Z0	Q9UQM0
Q8X8Y1	Q5TZX1
P24236	Q6IRY4
P0A6Z0	Q96HC5
P24236	Q9Y2L3
Q8XE76	Q9H324
Q8X9G2	Q2M1Z4
P24236	Q9Y6L8
Q8X8Y1	Q9UH41
Q8X5S5	Q9UDG2
Q8X7Y4	Q9UDK3
A0A0H3JH37	Q9P1U0
Q8X9L0	Q96HD3
Q8X8Y1	Q9UCM9
Q8XC03	Q9UQM1
P62618	Q9H4A2
Q8X8Y1	P78366
Q8X8Y1	Q9UDH8
P0A6Z0	Q6P278
P62618	Q9BU83
Q46903	Q9UIJ0
Q8X6Z5	Q9Y6N5
Q8X6Y0	Q9UJL3
P32168	Q9UEU8
P62625	Q8N2S1
Q8X8Y1	Q6LDT9
Q8XE87	Q9BR72
P0A6Z0	Q9UCE4
Q46903	Q12959
A0A0H3JH27	Q9Y6R5
Q8XE87	O14966
P0A9Q3	A0A3B3ISY8
P24236	Q9BUT4
P62625	Q86UK1
P62625	Q706C1
P62618	Q9UJZ0
Q8XBL2	Q9UBB1
A0A0H3JH37	Q6IBM9
Q8XE41	Q9BZW1
Q8XCF5	Q5T3P9
A0A0H3JLN7	Q13804
P24236	Q9P1X9
P78242	Q6IBZ5
Q8XE76	P46940
P62625	Q9UNT4
P77380	E9PI54
Q8X8Y1	Q96BN0
A0A0H3JH27	Q00007
Q46903	P30086
P24236	Q53QM0
Q8XA14	Q13950
Q8XE87	Q9UHH7
Q8XE76	Q8NCX9
P0A6Z0	Q7Z4L6
Q46903	Q99407
A0A0H3JH27	Q6FHY1
Q8X770	Q9UGF1
Q46903	Q9UCA1
Q46903	P48643
Q46903	Q9NWS0
P0A6Z0	Q92515
P0A6Z0	Q9UM57
Q46903	Q9NZJ0
P62618	Q9NUC9
A0A0H3JH37	Q92596
Q8X8Y1	Q9UFU8
P0AGB5	Q9UHW5
Q8XE87	Q96GP7
Q46903	P62195
P24236	Q07889
Q8XE87	Q9BWN0
Q8XE87	P56199
Q8X6Y0	Q6FG87
Q46903	Q9NY44
Q8X8Y1	Q75MM2
Q46903	Q2M1Z4
P24236	Q9Y5L9
Q8X9G2	Q99743
Q8X996	Q5T3P9
P0A6Z0	Q9UDA5
P0A6Z0	O95657
P0A6Z0	Q9BXK4
P97542	E9PI54
Q8XE87	Q99952
P0A6Z0	Q9H0S0
Q8X770	Q9UPB1
Q8XBL2	F5H5P2
Q46903	Q8N7J7
Q8X7Y4	Q9BV05
P0AFB6	Q9Y5U3
Q8XE87	Q9Y253
P0A6Z0	Q96PD3
Q46903	Q13576
P0A6Z0	Q9Y572
P0A6Z0	Q9NWD5
Q8X770	Q5T3P9
Q8XE76	Q9UD72
Q8X9C2	O14562
Q8XE76	Q9BWK7
Q8XE87	Q9Y6U3
P62625	Q9P1X9
Q8XE76	P06493
Q8X738	Q99649
P62625	Q96J22
Q8X7Y4	Q6IAY3
Q8XE87	Q9Y669
P24236	Q8IWK8
Q8XB76	Q99743
P24236	Q9UND5
Q8X9L0	Q9UHD1
Q8X6Y0	Q9UCL4
P24236	Q9UCE0
A0A0H3JH37	O43396
P0A6Z0	Q9UCA1
P62618	P09601
A0A0H3JLN7	Q5M8S9
Q8XE58	Q5BKT2
Q8X8Y6	Q9UM14
Q8XE76	Q6IB60
Q8X6Y0	Q6FGX6
A0A0H3JH37	A0A3B3ISY8
Q46903	Q9UDF4
A0A0H3JH37	Q6NW05
P32168	Q9Y265
P32168	Q92524
P0A6Z0	Q96DH3
A0A0H3JH27	E9PI54
P0A6G1	H9KV45
Q46903	Q52LZ6
Q8XE76	Q86XE6
P24236	Q8N3M1
Q8X9G2	Q15596
P62625	Q9Y6F5
P0AFB6	Q99649
A0A0H3JH37	Q7RU02
P0A6Z0	Q99759
Q8X8Y6	P05386
Q8XE87	Q00722
P0A6Z0	Q92934
Q8XBD5	Q8NDZ7
Q8X8Y1	Q92901
Q8XE76	Q9UNW5
P0A6Z0	Q14935
Q8XE41	Q9Y5K2
P62625	O43150
Q46903	Q9Y6X0
Q8XA65	Q9UE78
P0A6Z0	Q4KN36
P0A6Z0	Q9C005
Q8XE76	A0A3B3ISY8
Q46903	Q93068
Q8X6Y0	O43150
A0A0H3JH37	Q9UM56
P77032	Q8WU70
P24236	Q96PN5
A0A0H3JH27	Q9Y6L8
P24236	Q9UHD1
Q8XBD5	H9KV45
Q8XE87	E9PI54
Q8XE87	Q9UJ41
Q46903	O95818
P0A6Z0	Q8NDZ7
Q8X8Y1	Q9UCF3
Q8X8Y6	Q52M77
Q46903	Q9H8Y2
P62625	Q8IVR6
A0A0H3JJS9	Q14600
Q8XBL2	Q9H3M5
Q46903	Q9UEH7
Q8XB76	Q13804
Q8X8Y1	Q9UNC9
P0A6Z0	Q9UN83
Q46903	Q9P082
Q8X9L0	Q9UFX3
Q8XE76	Q9UME3
A0A0H3JH37	Q9BST0
Q8X8Y6	Q9Y4I3
Q8XE87	Q9BUS6
A0A0H3JH37	Q9H3V5
Q8XE76	P36873
Q8X770	Q8NC92
Q8X738	Q8NDC7
Q46903	Q9UQR8
P62618	Q8NEN8
P0A6Z0	Q8IUE5
P24236	Q9UHJ2
Q8XE75	Q9UDK3
Q8X8Y1	Q9BWK7
P0A6Z0	Q86XD7
P0A6Z0	Q13485
P0A6Z0	Q9UDG1
Q46903	Q5SR48
